uid,label,MFCC_1_mean,MFCC_2_mean,MFCC_3_mean,MFCC_4_mean,MFCC_5_mean,MFCC_6_mean,MFCC_7_mean,MFCC_8_mean,MFCC_9_mean,MFCC_10_mean,MFCC_11_mean,MFCC_12_mean,MFCC_13_mean,MFCC_1_std,MFCC_2_std,MFCC_3_std,MFCC_4_std,MFCC_5_std,MFCC_6_std,MFCC_7_std,MFCC_8_std,MFCC_9_std,MFCC_10_std,MFCC_11_std,MFCC_12_std,MFCC_13_std,age,gender,split,hash,filesize_kb,race,language,handedness,education,corpus
aaop,MCI,-157.26889,58.810535,11.620931,20.663105,-5.310139,9.850175,-6.8650913,2.5073488,-11.956536,-0.59051996,-1.8514547,-3.0115166,-0.85328865,40.000908,17.60455,17.073631,14.779425,12.371802,10.053888,8.57342,8.337983,8.111937,6.443833,6.159166,5.3624434,5.0694404,72,female,train,e4ed5943c8460c2cf324d4a23c7d6fa1,186.144,,english,,,vas
abgk,CONTROL,-304.82498,48.722927,22.769701,10.839805,6.312611,1.5386001,-0.4992831,1.102887,2.8239813,5.3858166,3.3090043,3.0483418,2.7703247,23.495512,17.359016,9.247744,11.070382,7.562569,7.817505,8.395327,7.9596553,6.516451,4.8687797,4.751791,4.364495,4.2238445,80,male,train,c6ca4b23c8a920a6ac950dbec2b58059,136.368,,english,,12,wls
ablf,CONTROL,-341.83188,66.451,25.45554,10.403346,6.1671505,0.07870147,-4.134706,-3.5291064,0.08398118,1.6012101,-0.50997406,-1.4271064,-0.18473397,28.295456,20.598644,9.65558,11.8643465,11.183887,7.926695,7.2139015,6.35375,6.1539617,6.881553,5.2469687,4.296164,3.8377223,64,male,train,c646601370d5d8807f6b15d06fd40dd2,139.896,,english,,,pitt
acad,CONTROL,-155.71754,51.900707,17.141829,12.79849,7.3361998,-4.4064875,5.302981,-6.567514,0.9025836,2.8556008,-3.226401,1.04822,0.25154302,35.17856,21.96844,13.68842,16.030832,7.4891357,10.214387,6.742125,5.755018,6.2371883,5.6444907,5.0693145,4.24839,3.5164154,76,female,train,2f0a0eea8caadcc7094af9e91fc88131,290.208,,spanish,,6,ivanova
acis,MCI,-139.67305,49.032055,18.785759,11.726735,1.4581983,-7.2846446,3.0588877,0.59375304,0.4004686,1.1159239,-1.3326385,0.72379214,1.9579629,32.41618,25.630136,13.813416,13.816246,7.7315016,8.793305,6.507617,7.47781,5.3919067,4.3813186,4.6033297,3.9201438,3.6930606,87,female,train,410b8b55b4d07ea69d34ec29b6628fd3,301.104,,spanish,,17,ivanova
acqd,ADRD,-222.90501,35.44171,9.087973,18.202656,3.3224232,-1.8493103,1.8520924,1.4477216,1.2788081,2.043755,2.5307086,2.5901592,2.1703665,38.893402,23.535927,11.829256,12.344179,11.05356,9.19758,7.32324,8.633286,5.930023,6.1633043,5.2574434,4.5195456,4.7692103,80,female,train,c6a06ddf9a6b8cbc3101aa0743cbb2bd,151.104,,english,,16,wls
acwh,CONTROL,-194.92683,52.69488,12.393341,9.909646,13.045898,2.7922318,-1.9194428,1.7280631,1.58281,4.6339893,1.8432229,-0.63518,-0.1441573,28.613207,21.667171,13.081084,13.217314,8.254725,8.303145,6.8621516,6.5025973,5.9400396,5.7590747,4.3847036,3.9620793,3.5211604,83,male,train,00d794d359d16dd8af183397e798afbd,329.616,,spanish,,8,ivanova
adtx,MCI,-204.15936,56.366,6.22111,8.908271,-1.4028542,5.764189,-0.6809761,-2.5596013,-0.632664,0.48325026,0.622487,1.5698184,-0.7171005,34.889656,14.338611,15.444621,12.52724,11.482729,9.618199,7.607697,6.6758614,5.375123,5.4228454,4.6177897,4.2039723,4.419996,55,female,train,26e38d08b523f2fb9816e67d61c1d701,171.096,asian,mandarin,,10,ye
afop,CONTROL,-283.4318,67.9699,23.511656,5.0222187,0.86123204,-1.1587265,-3.219114,-2.2629619,-1.8551675,-0.8293664,-0.35607797,0.5738375,0.4110526,28.232874,25.848543,14.740501,16.200497,9.505327,8.3360615,7.7040954,6.023575,5.3813906,4.4951134,4.189744,3.803404,3.4436452,67,female,train,c68e8e465803afdaf973fd4c32a20f98,229.248,,english,,,pitt
afpc,CONTROL,-217.67494,59.135468,12.977726,14.845887,3.2879891,5.0553646,-0.22208579,-1.8800925,0.8598627,-0.53268445,-0.7754035,0.52606577,-0.817819,28.24653,22.936125,9.571547,11.69601,10.522616,7.097186,8.049024,7.014543,5.6697793,5.840533,4.760371,4.456192,3.7168133,80,male,train,90105e2e075d900659597b8712ca8850,213.888,,english,,12,wls
afrv,CONTROL,-206.48595,52.35097,15.46311,11.848486,7.6978755,2.0734375,-0.21190429,-1.7517115,0.6246869,1.2487956,1.2716596,1.8347572,1.1663104,31.941069,25.05313,11.3558235,13.295949,8.507424,7.6958556,6.6345263,6.635864,6.9748616,5.7425714,4.233955,4.3936214,3.9630704,80,female,train,4b73c4ac196074263f9d1eee07a727ff,282.72,,english,,16,wls
afvm,MCI,-305.4715,38.35613,15.8463955,6.149413,1.2828481,3.1314344,-4.335857,-3.331451,-5.7003493,-2.3479466,-0.9209061,-2.3453374,-1.5412207,24.050243,29.772827,12.332992,14.876803,11.456039,8.291867,9.036915,6.9468884,5.9156995,6.5612464,6.0914574,5.574596,4.2082453,64,male,train,14126e275122e0557023ea0d377e47cb,272.544,,english,,,pitt
agok,CONTROL,-208.02881,53.148968,12.988338,17.918447,7.999537,1.8702033,-2.656948,1.315133,0.12890992,1.4695365,2.4258797,2.9923806,2.46193,25.737255,21.790861,10.503348,12.049859,9.395855,8.213685,7.633888,6.553924,6.1193748,5.089749,4.8152084,4.5191464,3.405374,82,male,train,5a059f68c6a9d1db767524f8f104b84e,286.512,,english,,12,wls
ahmw,CONTROL,-247.3455,59.415524,13.383026,11.99353,7.7246523,-0.49468723,-2.7417305,-1.4194837,-1.1015004,0.07726029,-1.2489483,-2.3324492,-0.40440503,28.760424,25.588661,13.998195,14.817707,7.9196863,8.180523,8.678703,5.9477634,6.8840413,5.332667,4.0663376,4.357419,3.9896607,67,male,train,198ae6074d6d16fd136219375fe447bd,264.936,,english,,14,wls
ahyz,CONTROL,-207.05646,55.565205,17.232048,12.706694,6.7527146,6.839939,0.78892624,3.2306345,4.060626,1.7247335,0.5982954,0.80454654,1.0298313,27.360037,18.704918,8.622733,10.43966,7.351858,5.8964753,5.8678265,5.7661195,5.182267,4.256581,3.935187,4.2513347,4.536995,71,female,train,3860f02d0b84e03f62592986abfa799d,285.216,,english,,12,wls
aijc,CONTROL,-299.88483,51.677273,15.448191,12.450787,1.0948297,-1.6928327,-5.191042,-3.478939,-0.6568181,1.9559842,2.1166227,3.5019166,2.3078456,31.056633,19.950897,14.431616,15.373487,11.734572,9.408297,9.21108,7.1919293,6.7296505,6.599504,5.3732033,5.019347,4.754089,52,female,train,034881f819f06057a698225d720f7214,269.712,,english,,,pitt
aikf,ADRD,-307.3546,45.812946,9.490784,0.5213436,-5.3704906,-6.4384856,-1.7217753,-0.50250846,-2.789886,-0.6668178,-1.0711117,-2.976195,-2.8640134,28.783392,27.91754,22.435995,17.75935,12.02475,10.449502,8.710022,7.6072645,8.563182,6.3977933,5.5538645,5.331037,4.9794097,67,female,train,af45a71922c004f79d3494c45530bafa,179.304,,english,,,pitt
ajdc,CONTROL,-223.4591,69.53963,10.651203,3.4686441,0.25860742,-1.8383393,-6.5070734,-2.8827229,-1.9588974,-0.023926843,-0.76827824,-0.6088894,0.93599164,31.650082,37.122036,19.6126,19.7163,15.376046,10.698237,8.551957,7.857698,6.916739,5.781803,5.031103,4.214193,3.815447,57,male,train,8a1dbe175c615382ab72a0ef420afd34,186.192,,english,,,pitt
ajmu,CONTROL,-217.63486,74.18149,8.387212,8.1263685,-0.937118,0.44059557,-2.862492,0.7575189,-6.4511323,-0.9185741,1.6536673,-0.9710831,0.9221592,33.388027,21.854048,14.1241,12.28971,7.5618534,7.35549,5.934195,6.2197633,5.8598433,4.37214,3.8754597,4.4272504,4.0070176,75,female,train,8c584574b1610cf9efaf7fe393f3e265,263.664,,spanish,,6,ivanova
akni,ADRD,-372.53214,70.69647,20.82787,17.700237,5.6101522,1.9520353,-4.402518,-0.7342116,-1.0817885,-2.0241492,-0.46066996,0.7979513,0.5790518,25.011688,23.038404,11.996259,14.467242,10.540231,8.659663,8.50775,5.7594647,6.0931354,5.294327,5.0417233,4.8774624,4.293609,75,female,train,0662b3c01f941c2a440026e4d6192fa8,79.128,,english,,,pitt
akqh,ADRD,-366.24905,50.245472,15.972746,9.276494,3.6987731,-6.3853426,-7.8003283,-3.7198856,-2.45253,0.48423138,1.4570765,0.8344831,1.8957486,23.493713,19.934072,14.9057865,15.779148,8.875267,9.558458,9.143425,6.0645347,6.7062364,4.644637,4.155296,4.30988,3.9245331,73,female,train,2fcb4a45b00fee09a4cf9c5a5715ea8d,121.824,,english,,,pitt
allm,ADRD,-214.70451,76.89511,16.491741,6.6831875,-3.1545165,-6.2895617,-3.607493,-0.88329303,-0.6527605,1.2165407,-0.06730625,-0.37280062,-0.87218785,31.964699,30.414719,17.347015,18.92307,9.896226,10.236143,8.002502,6.610584,7.278723,5.0577145,4.1779003,4.4609976,3.656263,66,female,train,0889240efabb697a214732a664a6b6ff,111.192,,english,,,pitt
alov,CONTROL,-325.98758,40.819027,11.066356,0.013233019,-0.72981966,0.7063762,-0.051858235,-3.2565756,-5.533868,-3.9773185,-3.2758064,-2.0109408,-2.2534127,25.768623,27.265436,17.220867,20.454992,10.93429,10.858864,7.6582575,7.4778414,6.7126465,6.1449323,5.5926843,4.350648,4.0963473,47,female,train,a756bfc65227d646cd2ae063f96802ae,153.936,,english,,,pitt
alrq,CONTROL,-257.6972,49.268944,10.199514,13.549667,8.15472,7.66021,0.40398693,0.0729,2.133155,1.5905308,2.331784,3.7900984,3.5430915,29.009836,27.20914,10.2628565,10.659757,8.3363085,6.914192,7.17996,6.7098613,5.799047,4.9255424,4.421065,4.175754,3.8443222,81,male,train,b14a3b9eb5c30af18342e6e7ffd08b7c,268.2,,english,,12,wls
also,CONTROL,-212.66669,46.96658,12.93842,15.098106,6.326,0.39623767,-2.8989847,-0.31914085,1.7716624,-0.28496054,-1.2420495,0.7088741,-0.059147786,28.192167,19.023388,11.318426,10.685035,8.042192,7.1584096,6.65952,5.214828,5.3018694,4.5964913,4.397818,4.168727,3.9475374,81,female,train,6423910893f021a48b7649a67c164248,285.312,,english,,12,wls
aluc,CONTROL,-285.0023,56.63654,16.78123,9.877449,7.1904044,5.945869,2.020821,-1.5918454,-0.4364014,1.8143626,0.27953663,0.67940515,1.5894045,27.443308,22.795813,11.545644,11.891194,7.976967,6.2714915,6.550449,8.43847,6.674793,5.9652743,4.9122863,4.222383,3.538468,83,female,train,b568a1a8e2965403204928acc89cd915,256.08,,english,,12,wls
alyi,ADRD,-229.46912,68.01077,5.3038898,3.3566494,-3.2052934,-6.047193,-9.550436,-4.5076265,-0.9033103,-1.5571603,-1.2821189,-0.7173105,0.59986,36.607525,25.84414,24.85534,19.984419,12.4588785,10.802201,10.302594,7.116974,8.172329,6.555084,5.3067985,5.103632,4.740861,64,female,train,a5c34e5f14dcdcdaaa842380acd0f81c,131.472,,english,,,pitt
amhy,CONTROL,-303.65143,54.75625,21.91694,9.156593,5.406208,-0.44673097,-2.0795438,0.5948753,1.8906977,1.2603034,0.5300679,2.7357206,3.5618408,26.35137,20.408356,8.873212,10.572165,7.532498,7.6121206,7.24496,7.2328053,6.2050476,5.502474,4.4525185,4.2595916,3.5919433,82,female,train,c555b89020956ac9cd0aaabe34c1cc7a,261.552,,english,,12,wls
amsn,ADRD,-136.3083,53.39883,-7.2814546,15.811391,-14.337843,9.01211,-15.480825,4.657165,-6.9197183,1.0191857,-4.648098,1.1691154,-1.8500159,27.111088,18.15802,10.708018,11.675627,7.365287,7.6650796,7.5562196,7.200202,6.309819,4.6378455,4.651712,4.3579984,4.0028734,81,female,train,67f4fc9c4c4ea4b88f7ba545ebdb43e5,181.68,,english,,,vas
anek,ADRD,-210.62424,49.693462,0.6215332,3.4547179,7.7018704,7.999909,4.2143526,6.0508842,7.199826,5.7764454,4.4594984,2.0998192,4.1404924,46.377205,18.560959,12.46809,9.458199,6.3873653,6.97359,6.2840557,4.7276363,3.7746687,3.833819,3.950437,4.410491,3.0537126,80,female,train,8f08bc9afacd42fea162e8c1b18927da,87.864,white,english,right,12,hopkins
anlg,ADRD,-313.88428,63.798023,12.248561,9.840418,3.4670632,-4.8860826,-1.6688348,-0.0029804986,-2.4821954,-0.4206791,0.5728953,-0.21927667,1.1924993,26.971823,25.10782,14.575028,15.911697,9.350635,11.208006,9.11771,6.968475,6.319697,5.2806354,4.7272825,4.4744,4.1394525,75,female,train,c4a25194b4a6980d6915291b5493fed5,249.264,,english,,,pitt
anpg,CONTROL,-247.78279,50.576725,17.719782,12.689715,9.384703,3.681649,1.715885,3.910938,3.005838,1.77742,2.6721468,3.7179866,2.9591928,23.983988,16.1179,9.207035,7.7368674,7.949508,7.7564516,7.3519645,6.2384357,4.9743476,4.9880996,4.4413276,4.253726,3.5274622,81,male,train,f6f4e0eb1bb5afd13ffce7245edb2350,280.464,,english,,12,wls
ansa,ADRD,-292.05127,44.274986,15.46627,12.102026,8.599525,2.6096764,-0.24801329,0.14823778,0.04903954,-2.3143759,-2.9373522,0.3368904,2.2845476,27.880962,19.477243,9.796661,10.534655,7.016504,6.6394987,6.086217,5.774224,5.0835447,4.479721,4.1703095,3.843727,4.0567145,81,female,train,02760fdda4dc6530df8c882965aacfb5,259.392,,english,,15,wls
aohw,CONTROL,-289.85867,51.59427,15.744153,12.051904,6.246961,2.5525765,0.66852343,1.2143129,0.24799147,0.22154756,0.4559299,1.268935,1.5709838,29.541306,23.71852,11.616974,11.118407,7.7147064,8.426712,6.9784737,6.7775908,5.511108,4.4948034,4.1360183,3.9660258,3.4113944,70,male,train,3f61bd9ec35461fd61621bf83c44bc98,266.736,,english,,13,wls
aooz,MCI,-147.18147,52.02335,6.778725,17.968603,0.38760424,3.259411,-5.7968817,2.2581,-5.7307515,1.3300095,-1.8365943,3.1527936,-2.022621,40.038708,20.803246,12.685457,11.933422,10.320889,7.364274,7.1964393,6.509288,6.5097675,5.715886,5.0642633,5.037992,4.3871446,77,male,train,e65e27e35f8aff84423afdec8f8fce58,213.912,,english,,,vas
aowd,MCI,-273.36002,75.08417,0.3458024,3.6989462,-12.98002,-9.212818,3.6639862,1.994725,-5.409155,-4.259867,-0.8717675,-4.878445,-2.733725,30.915108,19.39606,17.911589,23.533226,14.259254,12.538707,8.671987,8.5860195,7.5014634,7.105125,7.6007204,5.3820124,6.8343277,77,male,train,5809d7b78f7dd4ff736bcbb202f13a76,138.936,,english,,,pitt
apez,CONTROL,-208.54367,52.238865,-18.87746,17.69225,-9.553765,-0.8201761,-8.053224,-7.2599125,-2.6642365,-2.3812659,-1.690451,0.18164782,-3.8187099,34.794228,19.512205,17.510054,17.807026,10.580568,9.466962,9.499443,7.9988165,8.077126,6.128455,4.9264483,5.3684907,4.9377723,79,female,train,c0f1ffbad35b0661d9b0ccdfe6a8c37d,232.632,,english,,,lu
apns,CONTROL,-253.54135,37.017216,2.1407783,7.386559,-2.685187,-4.272209,-4.8089547,-1.6609313,-0.7689011,-0.6852773,-1.6182162,0.4699336,-1.1703496,31.81268,33.64504,16.90498,21.388449,11.657399,9.4179125,10.046004,7.645474,8.704138,8.362375,5.6772275,5.000602,5.2979174,65,male,train,88755d4b03acf627bf8be1ba8b091d65,284.856,,english,,,pitt
apps,CONTROL,-60.120014,43.063828,2.3724604,9.580565,0.6179104,-0.41020817,-5.8429976,-1.5668497,-1.2314181,0.3593729,-0.17971425,0.82138115,0.31981876,46.49423,22.068766,10.250148,9.547133,7.36102,7.1310673,6.9783015,5.8277583,4.4966054,4.458171,3.893268,4.1032314,4.144709,81,female,train,a3403ac1dbc8be22ba0c6a5620baecd6,174.792,,english,,13,wls
apyc,CONTROL,-281.53784,43.6385,16.042456,12.028426,9.569308,2.9245634,2.1178892,7.5296903,6.05353,3.259832,1.448055,3.0433552,2.9627953,26.323982,25.072847,9.504192,9.444278,7.963773,7.3279743,5.240975,4.7654057,5.098771,4.0956492,3.6941273,3.9398513,3.4184167,81,male,train,2170ef62261fe0cf146e001d9953ba61,261.768,,english,,20,wls
arri,CONTROL,-212.0128,48.54981,19.79472,16.163965,8.828682,2.0286574,-1.9561288,-2.1986036,-0.60523057,-0.16448872,1.4340873,-0.71727735,1.5256103,38.5188,16.063215,8.892706,9.350366,6.055466,6.828424,6.6001062,6.565663,5.6606107,4.6370378,4.402962,4.650045,3.3789806,59,male,train,1746c9accadffddf8b4718afe0e1f9de,289.8,,spanish,,8,ivanova
atak,MCI,-147.37686,72.88101,10.1834755,8.489959,0.28920138,1.0919458,1.4319351,-7.0041904,-1.7767031,0.4694743,-0.28012547,-1.8143847,0.9001139,34.959465,24.052143,13.405122,12.318708,8.173335,7.549675,6.2353578,5.238504,5.190379,4.5825095,4.139973,3.8150115,3.5865502,85,female,train,4aff6536c70cbfe1def3f31a57e55363,307.944,,spanish,,0,ivanova
atia,ADRD,-253.52538,55.963993,20.486557,19.932413,8.448529,7.605913,3.310155,1.2879614,2.2926943,2.0693762,-0.40952224,-0.26340258,-0.9510007,33.771282,25.253502,11.672833,12.238361,10.236393,7.4706306,7.210472,6.2812405,5.989132,6.347162,4.5991497,4.6492796,3.9570308,84,male,train,fc2f42bfd5398ea53473e1befcff19e0,112.128,,english,,12,wls
atmc,CONTROL,-202.6383,61.414642,17.765297,14.100476,9.632036,4.4085484,0.97151196,0.92926353,2.5782046,1.7340437,-1.031482,0.4228167,-0.1762682,25.654266,20.73423,9.383381,8.499712,7.547751,6.7672915,5.9866037,5.9099193,4.7541103,5.614432,4.164851,4.0763264,3.9813743,74,female,train,a882861358ecc42a865079c2a3dd550b,284.928,,english,,12,wls
atnv,MCI,-269.12723,75.89057,6.083278,5.8493047,3.370625,-3.40137,0.2983963,-2.0210102,-4.273837,-0.42249706,-1.5377963,-2.4826112,-0.91936636,34.3432,19.226797,15.436004,18.197456,12.761272,10.433509,8.988536,8.914771,6.7104187,8.471961,5.595151,4.8513846,4.072988,79,male,train,2473c51fa586e1728742a1275acb0dee,182.064,,english,,,pitt
aulf,CONTROL,-260.05103,48.60044,6.759111,9.04818,8.707189,2.7484493,-0.12850848,-0.3067583,-0.7773399,2.6876726,-3.1828656,4.654961,2.6584723,29.564875,24.867447,11.365593,13.390301,8.816827,7.6222224,7.014623,7.6134334,7.894105,6.29199,5.148133,4.641227,4.463498,75,female,train,7ed63fb416d05aad061581e29dafb9cf,227.04,,english,,12,wls
avdc,ADRD,-173.20636,66.05457,16.033813,16.812138,-3.9420094,-1.4644889,-10.944956,0.67661333,-11.886008,1.9339207,0.95095134,3.3519084,-0.6991402,32.928917,21.6265,12.168597,14.418367,8.911398,9.413881,9.343319,7.3275213,6.6341166,6.3844876,5.3451543,4.715108,4.5557175,80,male,train,a7cf6dc98769c778471518dd302e51ea,189.576,,english,,,vas
avvv,CONTROL,-263.8455,50.63138,10.003234,16.90085,8.627265,1.9569839,0.22712323,0.4619287,0.1525384,-0.37218153,3.0479581,2.3046303,0.42181697,40.535095,16.866606,13.00035,11.2681875,8.915359,7.747517,6.8736205,6.5607424,6.2513566,6.165225,4.540128,4.145623,4.621484,80,male,train,1b13317578422396e664a14d1802486a,263.448,,english,,20,wls
awam,ADRD,-176.39122,69.729416,-1.1266887,11.235288,9.542534,-2.3106937,-0.48668084,-4.072828,-2.8101537,-1.9403193,-3.109705,-3.0542386,1.0200716,33.2181,14.263161,13.969607,13.049156,6.9622846,8.183869,6.603861,5.531962,5.722643,5.12488,5.118451,5.432041,3.9999552,84,female,train,010745d3c2b419de75adddcb94caacb0,301.248,,spanish,,3,ivanova
awch,CONTROL,-242.0022,60.797634,9.996509,11.76798,5.3933897,-0.0054312935,-4.1814866,-2.2196162,3.9405081,2.7242615,-0.49444216,1.4245552,2.1172316,30.64534,19.439629,12.673351,10.893885,8.7810335,6.9445267,9.0417385,7.221149,6.406814,4.5581613,4.1118336,3.8746445,3.6508167,80,male,train,ca5dbac7962aef269b0e0a262400f477,262.656,,english,,12,wls
awxj,CONTROL,-198.59254,51.092667,13.932791,15.514796,6.000979,-0.5204439,-2.6708133,3.120119,1.9225907,2.0413778,1.4689417,-0.15871291,0.04820455,36.025578,21.251564,16.639313,13.933909,9.387204,8.049407,7.834975,6.3254623,6.465879,5.1887517,4.344732,4.8573446,4.084488,70,female,train,b36fecceb716794094ca79a6062e7b5a,284.832,,english,,13,wls
axlk,MCI,-120.48924,43.552654,7.6639385,4.3235173,-5.6329064,-7.042367,-8.036519,-5.7942715,-8.851154,1.7247336,-5.070196,1.9264086,-1.4104342,33.797794,24.174902,13.790275,13.853561,7.3731966,8.372294,6.472824,5.7170696,6.1718597,6.236318,4.9920464,4.7995396,4.0354285,90,female,train,cd43dd227250ac2a0cdd9fe388b201b5,246.24,,spanish,,8,ivanova
axuy,ADRD,-276.05658,50.303745,19.446726,12.926587,4.617302,-2.4058917,-2.5035787,3.1383924,4.604115,3.119021,1.8917328,2.5523276,1.543169,31.607079,24.496496,11.280472,11.35835,9.738121,8.139727,6.4825554,5.7641416,5.506911,4.456581,4.317398,4.3421683,3.5124648,82,male,train,4ff92e3be35dcffac1962a013880c840,149.664,,english,,10,wls
ayqu,CONTROL,-193.67557,57.396008,6.5172477,9.092537,0.18372622,1.399092,1.0627861,1.6011735,2.3587525,-0.16859564,0.48496345,1.0129404,0.6766564,39.277092,25.348024,14.028831,13.024565,10.742591,7.066734,7.3968787,6.0627255,5.9386735,4.5108447,4.4700346,4.0312943,4.1074033,78,female,train,b03c3868637853fea1f9505f7ca86242,294.624,,english,,12,wls
ayro,CONTROL,-187.4452,41.25093,16.180365,16.132778,1.2812309,4.212128,-2.5288053,0.4306868,3.0891595,0.5923382,2.0999472,-4.471488,-0.3718663,34.038406,30.56955,13.110084,13.6658535,13.901651,7.60538,8.227361,7.175135,6.3083224,6.616262,5.5626287,5.2495956,4.305601,65,male,train,83c0248de38841c36f39f51a1afc5f83,154.008,,english,,,lu
azlk,MCI,-252.77219,44.558727,-1.7598381,5.103029,-5.531282,4.9036856,1.3138957,2.4074347,-1.124424,-0.52450514,-0.25264475,-1.4586723,-3.6773083,24.813066,20.1928,10.547519,11.542978,8.336868,7.262695,7.3267236,5.967023,6.715221,5.2832084,5.2271743,4.724346,4.8021283,50,male,train,c649d4244801e26854745a5e7deabc98,127.584,asian,mandarin,,8,ye
bacp,ADRD,-224.25206,75.722565,12.687454,6.955041,2.7298443,4.3921037,-5.0796013,-0.18387356,-0.5609941,-4.4859467,-1.5856597,-4.034595,-0.6964955,36.007504,24.985949,15.441631,15.086311,12.546178,9.533705,9.283745,8.271289,6.43535,6.6148005,6.361771,4.672417,4.1516943,75,male,train,02e346614741d7d5f3516622fa70fc2e,233.64,,english,,,pitt
badu,CONTROL,-138.31409,73.99026,3.074593,3.4791074,-0.6816152,-2.8976786,-0.6178098,-2.2263474,-2.4380918,1.6028423,1.3319339,-0.85189116,-2.017002,29.744091,18.049393,10.190185,11.36971,8.485407,7.200293,7.175553,5.2265825,5.2948747,5.0556397,4.55415,3.7723155,3.455445,68,male,train,71461a37fe980926043f66b9d380bd40,310.656,,spanish,,8,ivanova
bajg,CONTROL,-215.55452,71.68716,7.682584,4.713679,-6.1411104,-4.905551,-3.2396002,-3.5907938,-1.3986291,-1.3985969,-1.8084592,-0.36839762,-1.0341328,42.46546,30.648458,21.110638,20.76646,13.259179,12.566639,9.792097,8.335196,7.5784245,6.247241,5.2313294,4.89531,4.4078016,53,female,train,c1ae4c57f4a9aff149e0d8be5cad2830,82.656,,english,,,pitt
bbki,ADRD,-236.31166,45.4393,7.0542073,13.426251,-0.05618032,-2.5208004,-1.7249907,-3.2099414,0.39569074,0.7573443,-2.133037,0.59641117,-0.43312392,28.090008,17.802536,11.508956,13.297082,9.903365,7.486249,6.412373,6.533037,5.635501,5.3624406,4.6525908,4.1495833,3.7422686,81,female,train,96bd0fdbca0c03ecb8e1ce95b1e2786c,275.064,,english,,12,wls
bcap,ADRD,-178.37025,72.77049,12.545252,11.0562315,-0.30335954,-0.5801801,-3.9521923,0.3703845,0.024618959,-0.035222597,1.2430453,-0.5675309,1.9437547,33.789513,30.512207,15.018874,11.671203,9.1782675,7.0128374,7.4094367,5.2637334,5.282958,4.5830035,4.7169647,4.121565,4.0458713,78,female,train,26bb644ce28134df7bf0f3bb7d17560e,182.832,,english,,,pitt
bclu,MCI,-143.96239,56.0737,0.30345714,31.13849,-10.237064,5.042705,-2.70255,-7.495367,-10.590654,3.1801426,-1.9423534,-1.074401,-0.06048027,33.218235,20.702713,15.955309,14.254773,10.501907,10.543522,10.737733,8.575135,6.4641004,5.3435035,6.096766,4.392047,4.754661,70,male,train,1da7a6adf70fde8f53b2f17eefe15402,190.728,,english,,,vas
bctw,ADRD,-302.6604,46.326775,15.02976,10.551199,-0.9011628,0.63874274,-5.896368,-3.9824162,-3.5503097,-0.32493776,-1.9089866,-1.5121979,0.86030424,35.582565,35.777855,16.498169,17.021778,12.124269,10.469143,9.592811,8.742551,7.357177,5.9923234,5.117789,5.0819607,5.2356715,78,female,train,14e2b9f774986161bf26d734b7adc40a,141.12,,english,,,pitt
bdtr,CONTROL,-249.06912,59.717617,10.213901,9.8194895,5.1203175,-1.7504027,-0.31737542,1.8258165,0.3792075,2.818915,2.2074707,1.2881436,1.8034616,31.76443,26.83883,13.67347,13.936447,8.790729,9.558304,8.168249,6.4267845,6.3777127,5.6122804,4.910174,4.235017,3.9217975,81,female,train,bb3847e1f94f008bab5b9a105eb83990,278.928,,english,,,wls
bdxm,ADRD,-255.7636,57.27983,16.588755,12.919259,7.496594,3.3401885,0.39355507,-2.997793,-0.2464357,0.80251175,0.27064386,1.2771293,0.7138752,32.832977,19.10312,10.051199,10.043703,9.090623,7.915465,7.121657,7.8140907,6.1735883,5.1720023,4.4460974,4.323268,4.0504794,82,male,train,f0003b2265e7fb42057f18182e521437,233.712,,english,,12,wls
beca,CONTROL,-171.05411,54.49674,14.377682,14.989709,5.3808713,2.0108554,-2.449771,-4.937684,-2.265991,1.7718984,-0.11182639,0.18482041,-3.2890468,22.85933,19.63402,10.59387,11.621036,7.9135613,6.792959,8.000534,5.5528173,5.2973995,5.82024,5.348736,3.8672302,3.905373,67,male,train,f668a7d99aeaaf92c739d0b97c5a43d7,293.76,,spanish,,12,ivanova
bejn,ADRD,-217.7819,66.37721,12.7659645,7.956695,0.95223856,-2.7726982,-1.343963,1.0309803,-2.7664268,0.48400748,-1.2310017,-0.3722796,0.36082163,35.22794,29.137024,18.116121,15.172856,11.432748,10.149669,9.939786,6.583578,6.047495,5.229618,4.779346,4.1403394,4.528573,55,female,train,65ba7f09bf6640f02212c024d5eda4b5,216.744,,english,,,pitt
belx,ADRD,-178.82655,63.378437,1.3504282,11.5330105,1.5548817,-6.7071543,-5.871725,-1.2983834,-1.3785537,-1.14182,-0.2609197,-0.31168658,1.4817182,35.023636,19.850933,12.413111,13.227356,8.831636,8.459316,7.2203064,5.951127,5.488714,5.6557927,5.29687,5.0371737,4.860589,83,male,train,4ea268382d2b982d0c4db8d03f6dae74,237.6,,english,,12,wls
bezt,CONTROL,-151.79813,65.53025,4.2758493,3.0626695,5.3384123,-4.6156073,0.96896553,-1.3579147,-1.3726592,-2.19535,-5.358457,-3.003917,0.6729066,32.608963,22.13933,17.26214,14.911447,8.402688,8.504412,6.7993326,5.5522957,5.7142467,4.499129,4.3467517,3.9018865,3.5641077,70,female,train,9ba9db85440f2bb358e661f7c3310515,235.44,,spanish,,12,ivanova
bfqg,CONTROL,-193.79074,62.871536,5.8139396,15.54413,-1.4731445,-6.670258,-1.4360042,-5.481138,-1.4031135,-1.2889366,2.010991,-1.4915638,-0.17231955,32.200947,19.635971,12.514989,13.649843,8.977528,6.683733,7.9258275,5.2482243,5.570656,5.1233115,5.7146015,4.2962656,3.8292232,55,male,train,10930dd1455be921806d4da6a2b7929f,260.856,,spanish,,12,ivanova
bfug,MCI,-395.12292,76.15128,33.017353,12.776737,2.4846551,-3.213629,-6.7315044,-3.8906903,-1.1864674,1.1559714,1.436542,1.8180263,0.8290724,26.72702,28.433798,11.102937,11.911922,9.551018,9.08592,7.6331806,7.0952716,6.90253,5.3910275,4.7777605,4.3728833,3.9198203,64,female,train,e39b11a6a0e1cad845a30971c5a04b0b,66.984,,english,,,pitt
bfvg,CONTROL,-279.15576,50.29107,16.289656,11.645826,5.4899282,1.4001988,0.45838788,-0.38602307,1.3553362,2.3127594,2.1712446,1.9725909,1.0845119,27.496159,19.817297,11.12492,12.11395,8.660138,8.949526,7.243729,7.208441,5.810234,6.0406103,5.105584,4.2644033,3.994143,74,female,train,d25c767d8d162cb751a0de10d288e8fd,266.184,,english,,14,wls
bgfc,MCI,-180.5274,54.99569,21.962976,13.937368,0.5109167,4.9018974,-1.2124666,-6.102086,0.30752087,0.31407642,-1.1714439,2.3741705,-0.37763402,31.428364,11.537501,9.61498,11.704887,9.202315,5.673946,7.023362,6.31103,5.73009,6.657065,4.502408,4.5244503,4.042362,86,male,train,f7f0aefd6c65777ddd7c771120718994,285.408,,spanish,,8,ivanova
bguv,CONTROL,-301.59018,43.340694,16.447626,15.830501,2.6604803,0.6967127,-3.9035208,-1.0253236,-1.234481,-1.1666869,-1.740795,-2.2553706,-2.1356719,22.786839,37.682785,11.865706,14.925297,11.628691,9.243167,7.4783173,7.0827885,6.0318303,5.5007286,5.5821757,4.1275697,3.7414665,50,male,train,f1b0dcd858d5ef3f36faccb34112e7a9,253.632,,english,,,pitt
bhms,CONTROL,-190.06604,50.110546,9.942796,11.094383,2.166903,0.7530293,-0.6407986,-0.6608913,0.8498258,-1.4761999,1.6841486,3.0273857,1.2711681,33.279507,15.579698,8.7091465,11.4696455,9.470151,7.148607,6.8570366,6.5835733,5.802639,5.832128,4.474984,4.375101,3.891534,81,female,train,f247e20a70a0e7d2a5eafe954890865f,154.368,,english,,12,wls
bhrl,ADRD,-241.72668,60.58376,16.263287,11.318044,-6.783436,-4.0149717,-7.2314305,-2.9438581,-1.9817576,2.0279372,-0.22994956,-1.1557544,0.8730005,37.984337,37.625664,18.520067,18.823214,13.72081,9.873523,10.342223,6.905976,7.667055,5.6881485,5.5705643,5.267214,4.576965,78,female,train,58d2a168e89209090475828dcab9f602,247.2,,english,,,pitt
bijy,CONTROL,-203.32512,53.314156,12.645528,11.916584,2.9778805,2.1612062,1.2268196,1.910872,1.4047623,-0.13397212,2.1855314,2.9482632,0.6037245,23.531265,14.874716,8.556191,10.319361,8.646542,6.9540315,6.016508,5.809227,5.191931,5.090554,4.824006,4.260802,3.6015546,81,male,train,0a237f6156f3ce95bccaa7afe5e31088,294.288,,english,,16,wls
bimk,MCI,-177.51978,45.258392,11.133684,18.084969,12.447876,2.9872994,-2.8437765,2.1213083,1.0079974,4.620017,-0.15881982,0.626628,0.77367276,40.40396,35.88681,20.650629,13.8251295,9.786692,9.431691,9.63122,7.202875,6.2790465,6.609176,5.387929,4.66544,4.1703334,65,female,train,90ff5db262af9298692810d42ccf5dc3,264.192,white,english,right,bachelor,delaware
bjzd,CONTROL,-257.65463,43.443714,18.638521,15.647094,4.9399967,-0.78487134,1.5665618,2.8191614,0.46092987,0.32051376,0.19254987,0.6586752,0.86691254,30.539595,26.655,11.811738,10.593005,8.322943,9.282006,7.451875,6.596894,6.9465065,5.043508,5.3020873,4.7625384,4.394418,81,male,train,75ae51522b7e29349dfa94253b8027fa,210.528,,english,,12,wls
bkju,CONTROL,-194.438,55.172752,8.518383,12.896202,8.243751,1.3522149,4.4178443,5.6869183,2.974095,0.76892567,3.2625914,3.7450507,3.6414888,22.01137,18.90988,7.8366847,9.651983,6.573077,8.641931,7.905183,5.543516,5.0707607,4.6345954,4.0627313,4.3277345,3.8604867,81,female,train,d2bf1df0c08bd069c7406782dca14d94,287.088,,english,,12,wls
bkrf,ADRD,-293.13275,69.98277,13.719457,7.621009,-3.8087254,-7.071458,-4.746315,-1.3005552,-2.0251143,0.2641146,-1.0254091,-0.08761303,-0.25363228,35.157944,23.291128,18.609901,16.014013,12.0711355,10.185791,8.12752,7.9714613,6.5446587,5.6364336,4.5754366,4.497972,4.285874,63,female,train,6b05f77e00d8bc2870ad6e0aa46390e5,210.552,,english,,,pitt
blde,CONTROL,-264.46426,73.78477,6.3756704,2.4599402,-2.1553998,-4.3723035,-4.973837,0.20461854,-0.6027857,1.7760564,-0.36884427,-2.0402339,-0.28372929,30.367153,24.276476,18.916536,18.627016,11.907172,10.3531,10.546696,7.975331,7.498918,7.1541896,5.197167,5.774023,4.5665245,61,female,train,40325d81b0bf6249a6b01568470db689,131.352,,english,,,pitt
bldi,CONTROL,-259.51923,56.981525,19.30914,13.244497,4.6032143,2.2967365,2.191626,0.07043213,0.28344494,0.713034,-1.03358,-0.111795135,0.3873153,26.534122,25.234215,11.604682,11.973551,7.7301445,8.292782,6.887621,7.0386314,5.880868,4.762977,4.206313,3.9632044,3.6080947,74,female,train,8b9f390e0957dcc93fa2cdfeda93d636,262.656,,english,,18,wls
blyu,CONTROL,-195.58606,55.75068,13.758165,14.1988325,7.450647,6.9207506,5.0848966,4.1693945,3.5592628,4.3561487,3.1512952,3.589507,2.2856443,25.26645,17.806475,9.777525,11.072509,8.624719,6.740123,7.150504,5.68442,5.1247554,5.063969,4.594287,3.567528,3.8632567,67,female,train,a2c2db02dc7c12ef0111cbaf8a3289f8,214.896,,english,,16,wls
bmok,CONTROL,-336.76395,46.97569,2.4130812,-11.675531,-4.095059,-6.8815475,-7.509818,-3.4913688,-2.7135386,-1.7458863,-2.0211537,-1.9578692,0.9463007,22.989208,19.788506,14.940742,17.601065,13.188351,8.968237,10.0005455,8.133933,7.0118427,6.5086017,5.69801,5.141196,4.286007,67,female,train,24d084215bfb7c28b484b423b9c3ee36,266.928,,english,,,pitt
bnbq,ADRD,-126.51515,57.035645,2.2696533,9.5266285,1.4745556,-0.5447931,-5.79643,-2.22093,3.0690677,0.7075576,0.21681854,1.3890458,0.49211517,28.569773,22.611822,13.8480835,12.862275,9.415673,8.442542,7.4104567,7.2184033,5.741192,5.403926,5.0852895,4.419132,4.4555817,66,female,train,077a7275146095690312b57c4f9706af,178.32,,english,,,lu
bnib,CONTROL,-233.1426,38.74914,6.804529,20.995169,-4.1353993,0.8889806,-10.663808,-1.0122383,-1.5757328,-2.7336526,3.405399,-3.7503939,-2.376466,30.786572,29.650648,15.924761,19.12864,13.3062525,10.22346,10.499903,7.497487,7.0375896,8.561478,7.4411087,5.7461896,5.0224004,70,male,train,4a45e9cb0d047d83f6374ff94fca96e6,278.928,,english,,,pitt
bnxv,CONTROL,-263.99527,50.011124,14.7416,17.932144,4.2876525,3.3758926,1.0858027,-1.8628528,2.1620538,-0.6605366,-0.44671127,1.3264327,0.64886886,41.726604,21.147276,10.195494,12.753933,10.426221,7.3191857,8.22658,7.710627,6.0267525,6.550417,5.144703,4.346781,4.1220493,81,male,train,9c617ebfc1efd70914628865d1ad974d,175.92,,english,,20,wls
bnza,ADRD,-240.8177,38.36782,19.587288,14.035759,-1.5296091,2.3478336,-11.0389,-5.088954,-2.6472979,-1.616262,-1.9429018,-1.3438195,-2.7174976,34.191795,29.856802,16.42034,15.279133,14.598489,8.447559,9.943066,8.4578495,8.502797,8.287689,7.5101075,5.228055,5.5903697,58,male,train,5f9819c37cba8ef974ae65b597ca20bd,244.944,,english,,,pitt
bohp,MCI,-143.18245,54.74954,17.154083,13.926418,1.8290505,-1.9939198,-2.063268,-1.4801195,-3.0152254,-1.619009,-0.55797946,-1.6363144,-0.24319199,36.110962,25.541725,17.123663,13.884118,8.051852,7.8686624,5.6326404,6.153579,5.8498077,4.5070896,4.2839427,3.9098954,3.3150108,76,female,train,c106b34bfc894259fc447fc4db8e213f,286.032,,spanish,,8,ivanova
bove,MCI,-135.54115,49.08463,2.175855,20.752748,-10.541641,14.035638,-5.380599,6.2659965,-7.000278,-3.359631,-1.2016557,3.1135874,-4.0216665,40.858845,29.152283,19.48522,17.940022,12.223653,10.630282,9.037668,8.534857,8.153432,7.6763463,7.0924582,6.4375477,6.1958027,61,female,train,238fa010f85b32db78c229f227315510,194.664,white,english,right,master's,delaware
bpdx,CONTROL,-240.55614,56.810173,17.393454,14.117008,2.7117896,2.216666,1.6051818,2.8746715,0.5228112,-0.09171343,-2.736411,-5.6778593,-4.9427376,24.960735,20.629082,13.637151,16.023788,11.337761,11.268582,10.551381,7.875464,8.089629,7.351889,6.6780148,6.3141127,5.3068514,70,female,train,fcbf74eca60d0792462b3bf8238efef9,107.472,,english,,,pitt
bphm,ADRD,-263.07065,53.97585,17.98075,14.101435,9.520501,5.4713645,1.4597176,0.93073946,1.2405912,2.250396,0.11001604,0.44000983,0.6294774,28.89907,26.39459,10.769497,10.379456,8.907014,6.790916,7.214862,5.8850408,5.501568,5.149259,4.652876,4.157303,3.857026,88,male,train,67595c3cc6bd634f8d1ef4be6a057ab5,225.408,,english,,12,wls
bpom,CONTROL,-256.6964,60.28096,9.9984,8.337319,3.5620432,1.759196,1.1340518,-1.463435,-0.794707,0.608036,-0.120549716,-0.47104475,0.6499427,28.88171,19.783354,13.146627,12.205308,8.924049,7.7752566,7.1553354,6.7552137,5.4604325,5.559803,4.2919407,3.9430802,3.8739836,81,female,train,a30219774850739ef18103641ddf075a,263.328,,english,,12,wls
bqas,ADRD,-292.3265,75.76751,4.185811,14.376876,0.7246967,-4.4100575,-8.271812,-0.49114645,1.0587791,-1.4971116,2.6432686,-1.6525548,2.4768484,29.163904,13.024893,18.983814,17.531279,10.500296,9.616876,9.922591,6.408799,7.2829885,6.231185,5.259688,4.577126,4.324547,62,female,train,fd206e1077c5122f0170e64767c6b88f,166.68,,english,,,pitt
bqjw,ADRD,-126.44053,38.82572,-4.048003,21.968773,-15.632774,7.0575395,-16.55756,3.0425346,-8.146953,2.2034907,-6.6018987,4.1871643,-1.6632828,29.797674,22.071825,14.490027,13.125207,9.729425,7.8599687,8.277884,7.4548917,6.1070848,6.301598,5.279861,5.0691886,4.3638983,86,female,train,8ac0f1a93424e6f916c564892b1422f8,185.52,,english,,,vas
brgk,CONTROL,-126.47171,54.715343,17.186258,16.526089,6.8041453,-8.165366,-2.5969477,-4.3525615,-2.4109924,1.3793993,-2.3122838,-1.2365916,0.8384841,34.121777,22.176588,12.221482,12.503699,7.22474,9.428866,5.9151206,5.625181,6.3285236,5.250728,4.6964383,4.7004395,4.206091,83,female,train,b9c3bcdb4742b73c5309dacc88f72dd0,283.728,,spanish,,17,ivanova
brou,CONTROL,-221.50388,51.766098,16.243618,15.704714,8.877788,4.568421,2.898792,2.595223,2.7182834,0.6731094,-1.2674743,1.8644596,1.7789837,27.02575,20.574251,7.661347,9.289303,7.63824,6.3517404,5.4188137,5.8263574,4.848966,5.0903482,4.513606,3.8026752,3.684589,81,female,train,b8fb55437c1892339e5b115c6f992609,282.96,,english,,12,wls
brpt,CONTROL,-264.10495,52.626385,18.338516,12.775319,6.760886,2.0478988,-0.56805086,1.7653549,1.7125843,-0.88422114,-3.6560261,-0.81824094,0.80448484,32.492634,20.976067,13.439118,11.013761,7.2253165,7.468242,6.860504,6.884042,6.630653,5.4180317,5.9178886,4.565375,4.3114634,74,female,train,6555c416095ffc72034a4649d60a38fd,268.608,,english,,20,wls
brrd,CONTROL,-225.46616,52.8934,10.606264,9.973481,6.3872724,4.468592,1.2058831,1.3506974,2.409356,0.1380644,1.7329613,0.06356413,0.13357231,26.102638,13.802144,8.336217,8.008707,6.824191,5.275687,5.90013,5.3766246,4.758511,4.5990014,4.4935946,3.6940808,3.6553807,82,male,train,ab34415821142a966d379e695daa197f,265.608,,english,,16,wls
bspu,CONTROL,-198.14806,63.318893,9.177362,11.231134,-2.0099783,-1.3903031,-0.9866619,0.32124063,-2.8046286,1.0173547,-2.5979583,-3.4040513,1.8320408,35.27883,19.483137,14.900679,12.392732,6.548825,7.2095394,5.9944754,5.7653685,6.772059,4.760467,4.244007,4.6119184,4.431351,69,female,train,e9f51f282ea0e5d542e073553e6950c3,273.408,,spanish,,12,ivanova
bufm,CONTROL,-312.88904,36.847527,16.729267,14.848074,9.061766,2.7767382,-0.39665166,3.561819,5.222859,3.118399,2.80111,4.0663347,3.2112043,35.901756,23.200228,10.054036,9.532338,7.6800046,8.568946,7.232534,5.969634,6.564416,5.2309437,4.4771924,3.85598,3.5224652,78,male,train,55b56d69d6ec404063c9580bf9d8b5ea,261.36,,english,,16,wls
buil,ADRD,-159.4546,54.494305,18.108643,14.946991,4.8538194,-5.296601,0.39197773,-3.791538,-0.716287,1.1402127,-1.6265885,0.072987124,-0.4925898,37.307755,23.58592,12.441213,14.257423,7.728883,9.104733,6.063267,5.1623125,6.2653766,4.4742694,4.619783,4.3291245,3.9059439,82,female,train,c80c1921a7530fdbc863bfd79581e34a,288.288,,spanish,,8,ivanova
bumu,CONTROL,-236.27737,49.107735,13.624506,12.625733,4.616432,1.7414225,-1.6993965,-0.34894383,2.437032,1.2885531,0.41918012,1.0979742,0.71463007,35.07914,19.640821,12.868027,11.612454,9.054412,8.647585,8.28982,7.063873,5.696159,5.1275454,4.1215615,4.0010624,3.4800303,67,female,train,5b231979c4644f806849a6a52d094144,278.712,,english,,18,wls
buyj,CONTROL,-172.63614,59.527103,15.271059,7.2575083,3.46304,-5.212096,2.6177788,0.79816645,-5.228269,0.41074643,-0.5449983,-0.1822947,2.484347,33.20991,24.467922,12.833547,14.913113,7.6278768,9.001324,6.0718846,6.0322924,6.7056823,4.397982,4.327326,4.4693394,3.8955607,68,female,train,27c0f790c55a60f57ae7de0badd81ef5,310.752,,spanish,,12,ivanova
bwxr,ADRD,-239.14977,48.96833,16.829386,22.396334,4.0361514,2.9264083,-2.7181447,-4.690523,0.822061,-0.92030686,-0.79979,-1.939581,-1.1926329,39.099987,15.468805,11.091926,12.239499,8.872559,6.4343643,6.7884007,5.5199986,5.140588,5.7995887,4.460129,4.167968,3.7904727,84,male,train,072c5e6ed9a6d5f3aef7dcf9b59b38dd,257.4,,spanish,,8,ivanova
bxir,ADRD,-310.10773,45.518345,19.550503,17.987415,4.855569,-1.2941353,-3.1086237,-0.38529572,-2.2301733,-1.1880603,0.7801937,-0.11985139,-0.75114936,23.065344,35.128044,10.366656,13.153942,10.738577,9.816992,8.233186,7.030915,6.7581244,6.8447013,5.0887756,4.544346,3.8454823,63,male,train,038f6d3995a482f7edf192e5d98583c2,240.216,,english,,,pitt
bxkp,ADRD,-207.6906,38.961246,-35.452297,-16.959845,10.096878,22.728844,7.490029,-9.820471,-14.2924595,1.7012987,8.185672,-0.5479261,-7.2590227,34.671947,12.435172,17.814217,9.253888,6.7522826,16.411795,5.6898813,12.745802,9.048607,4.5802956,10.395312,2.244327,3.9538739,83,male,train,027219bbaa4ef65727bd4979498807ed,272.928,,english,,,pitt
bxog,CONTROL,-224.58644,68.665565,8.679121,18.106594,7.168246,0.07715336,-1.7569178,-5.4507184,-0.19954224,0.10586919,-2.1504622,-0.5874938,-0.7870928,31.872995,21.881876,12.591377,14.66003,10.442098,7.8856525,8.771561,6.92153,7.8669095,7.531619,6.239079,5.3927107,4.57824,65,male,train,c01161541b784085d70baa55a15e40ba,148.176,,english,,,pitt
byjj,CONTROL,-168.5216,50.95138,9.872591,9.986502,6.214566,-4.696857,-3.345686,-1.7586083,-2.8451018,-1.8449392,2.3590286,-1.766905,-2.1753137,30.735367,18.415663,10.377569,14.560989,9.509907,7.5956845,7.577538,5.3465276,5.893062,5.4325423,5.859598,4.0766964,4.0180645,65,male,train,4b7cc573dd3c73c75efe19e26f84e7d1,275.616,,spanish,,12,ivanova
bymf,CONTROL,-222.06528,46.797768,11.835447,10.172296,5.4459496,0.21874861,-1.2810619,3.6355388,3.2772791,1.0820438,1.6976612,2.8897164,0.58409446,35.43836,19.549662,8.3451805,9.989348,8.156028,7.0324135,6.7069006,5.6984277,5.417452,4.572928,3.8906314,3.911269,4.1970677,73,male,train,fef25621d3160f1e5b584b9914e40bc1,280.272,,english,,18,wls
bzcm,ADRD,-257.4337,46.62891,10.201118,-1.8497995,-4.8263373,-3.5978875,-11.290693,-0.9480972,-1.4961674,1.9875244,-0.61316156,-0.7471648,0.7355518,25.847057,31.229292,18.519522,16.694677,10.437887,10.566743,9.039478,8.259205,8.39575,5.7725115,5.3077784,5.023283,4.215562,72,female,train,f8e535e8ef2c80ea9be5314d5bd47b7a,265.872,,english,,,pitt
caur,CONTROL,-260.33533,56.043617,12.273477,13.829402,6.039634,-0.3030237,-2.6174743,-3.445595,-0.1489328,0.6597465,0.28129438,1.5592551,1.3552469,28.059954,19.53993,10.400322,12.229086,8.462116,7.3930902,6.245131,6.685132,4.747,5.2720265,4.7212152,4.162755,3.3477695,80,male,train,02d6623f382697ca918624bf2e05484d,260.592,,english,,12,wls
cbmo,CONTROL,-163.70818,68.29499,-1.7425877,19.98081,-4.54334,-6.531085,1.5982634,-6.6663837,-1.0354716,4.1853805,0.66442454,-0.082473665,-1.1746558,34.311104,20.243563,15.820986,13.002859,9.3554,7.608683,6.184169,5.4592896,6.1565785,5.5662665,4.625804,3.8446383,3.5176675,88,male,train,1c0a2db9b4b0312a2c152b872385efba,322.368,,spanish,,8,ivanova
cbyg,CONTROL,-237.68239,70.64325,0.17982072,11.998793,-2.079426,-4.650815,2.6035852,-3.9696083,-3.1823306,3.2422485,0.24399349,-4.0341716,0.17350096,32.003345,18.144186,13.006995,13.78151,7.960034,6.8340125,5.7153387,5.182692,4.9780865,5.2982802,4.2091293,3.9649153,3.418061,80,female,train,c03d2fae4e905f83265ed8ba5d73618c,281.232,,spanish,,4,ivanova
ccbt,CONTROL,-302.2911,56.988384,-0.69095945,5.3939185,3.049491,-4.46462,-4.132022,-4.756193,-2.7699776,2.9433212,0.5304714,1.371554,-0.9438958,27.140936,32.777863,18.22551,20.47461,16.777645,11.8033085,9.940763,9.090211,6.6278443,7.034655,6.4019575,5.6317096,4.1869226,74,male,train,84068998920ac665a2e5f0b3e5c7c237,193.92,,english,,,pitt
cckb,ADRD,-273.22522,64.54616,-3.4920838,8.686203,0.19182697,-7.9775105,-5.48923,-2.4702067,-4.8646994,-3.4588838,0.41724986,0.7534587,-0.63733965,27.547604,20.985737,16.580547,23.57755,16.242695,11.09766,11.748614,9.25483,6.979666,7.775087,6.040232,5.303118,5.183228,67,male,train,23479929bd4be86114fa9d92514a7951,224.016,,english,,,pitt
ccpw,CONTROL,-190.3006,58.471493,13.532685,11.35261,4.889391,2.9999068,0.4150868,-0.88814384,0.6297008,-0.7926652,-1.0788662,-0.39347103,-1.2705871,28.200003,17.13999,12.651483,13.345314,9.4640045,7.8107004,6.2869987,6.8783813,6.530572,5.9046183,4.6991773,4.7721915,4.399778,82,male,train,1c7918d4e2100f22ae7bb743a11c5169,168.912,,english,,15,wls
cepj,ADRD,-356.82367,35.699085,20.83014,10.2035475,3.6636877,0.7939326,-0.8789696,-2.6486487,-1.7483625,-0.8180349,-1.5899283,-1.8141063,-0.9903284,24.913113,21.05959,10.587566,12.324997,9.622217,7.9524565,8.270187,7.3650923,6.686675,6.348993,5.461469,4.729878,4.4010925,63,male,train,6a943e66f2f7c8bfe815987d38d7827d,136.56,,english,,,pitt
ceqd,CONTROL,-255.84122,55.77998,8.675267,11.884252,4.830123,5.10839,-1.0870806,-3.5289629,-0.94134915,-1.1479995,1.6422969,0.6784669,0.44618058,32.820126,25.12752,17.072674,13.247723,8.719234,6.8407445,8.03694,6.297969,6.48531,5.008652,4.889357,4.971052,4.6385493,81,female,train,0d6a4f572eac0b14b889a19ddb4be2d9,266.424,,english,,18,wls
cevp,ADRD,-256.55008,74.411736,10.381211,11.406638,-2.393554,-6.410462,-2.0570037,-0.97353184,0.57087773,-0.2678003,-1.2088132,-1.6711767,-0.30189863,40.292664,20.193405,21.126732,19.168947,12.032562,11.885095,9.926274,7.656704,7.0736575,6.020267,5.8542404,5.92539,4.4191427,70,female,train,5e310f9f19f68a2c8e99fbb039186e91,182.184,,english,,,pitt
cfis,ADRD,-244.00958,76.260605,15.971731,5.3881664,0.35570273,-5.364964,-6.040014,-3.372581,-2.1870496,-0.006830673,-1.5965769,0.39291355,1.524983,37.52009,31.53019,18.89489,15.65837,10.877326,9.16696,8.767039,6.653748,5.930515,5.4529,4.974091,4.239105,3.889365,70,female,train,0539073d02ae9823f585c132fa0ba97d,238.056,,english,,,pitt
cfnv,CONTROL,-128.14459,74.50878,-1.93575,12.459239,0.325005,-8.157869,3.067866,-6.384292,-6.030912,-0.02135517,2.3017237,1.7469653,0.33327594,37.794964,16.462557,11.180578,11.504954,9.411564,5.4615264,7.46716,4.79243,5.4885626,4.8322606,5.1173773,4.0614147,3.4501626,72,male,train,9887c3f6fda4579eec455a9e3d965693,352.296,,spanish,,8,ivanova
cgbh,ADRD,-223.34161,67.689095,0.7028163,22.782877,-3.942431,9.663375,-1.709127,-0.92067146,-0.629189,2.557386,3.097303,0.17675894,-0.8484441,28.461668,16.281998,11.870169,10.490031,9.793575,6.882446,6.551768,7.145441,5.6668158,4.8165946,5.7561913,4.2720437,3.7920613,73,male,train,c2b8d37d68e7e6edcce3e16f779b325f,175.296,,english,right,12,baycrest
cgft,CONTROL,-266.4819,50.95061,13.742384,15.748555,6.984279,2.703006,-2.268246,-2.0067053,0.46813783,0.48466897,-1.5905683,-1.5242867,1.4353052,34.225002,20.318356,11.737612,11.200977,8.080411,8.141251,7.623356,6.837481,6.2414,5.236261,4.5207477,4.713077,4.1272564,80,female,train,b88a882151ba2d3275fc6e08d1fa7af1,266.688,,english,,18,wls
chdv,CONTROL,-170.82196,64.44012,8.603581,12.465765,6.948157,0.15341108,-2.1689918,0.20661539,0.6451615,-0.41211736,-1.070683,0.4212323,0.9600453,28.157824,18.684511,14.305104,12.823435,8.977812,8.805632,8.831003,6.3410172,6.294624,4.9578996,4.624577,4.3937163,4.0240116,84,female,train,319c511e0adf3d3862e2989d11001891,289.104,,english,,18,wls
cheh,CONTROL,-153.55737,73.92334,0.1972705,22.256865,-2.074919,5.764296,-1.3229772,-3.9546063,-4.621561,-3.2796607,-2.6295502,1.1397341,0.6011374,33.55506,11.673466,14.082551,13.534867,9.085391,7.71823,7.128087,7.3075953,5.2891393,5.6059113,4.050196,4.264801,3.9950807,72,male,train,0104859c2ebaaa40d981223d7a366b50,185.016,,english,,,vas
chjk,MCI,-175.35004,43.610065,10.074777,12.038557,-2.9752648,4.0064445,-0.40966916,0.89049643,4.1072755,-0.10391095,2.9614868,-1.1088749,-0.5735271,32.50692,23.228737,14.169555,16.494576,14.908488,8.571061,6.440877,6.644058,5.3880396,5.784209,5.944672,5.1046057,4.0209513,59,female,train,b1d25be5b4128ec7d65da982daa9c783,124.344,asian,mandarin,,13,ye
chuy,MCI,-167.81615,71.63249,7.6784525,12.806217,3.049252,1.9105752,-6.6847916,1.032337,-0.68066037,-0.6717068,3.010154,2.3245106,-1.2840734,27.468084,15.374937,9.932613,11.454676,9.236323,6.5961833,7.2268553,5.3975945,5.2463956,5.0208993,4.1823535,4.2284493,3.4284801,72,female,train,ba5b2fe8ee4a47ee6b1955f7c9e057f9,272.832,,english,right,17,baycrest
chve,CONTROL,-232.42259,45.175476,12.40992,14.666824,10.363319,0.29603875,-0.6009791,3.2029865,3.8374293,1.0396651,2.4950209,3.1047788,1.5823263,28.179945,23.269213,12.332138,10.63361,7.434435,8.472296,7.5100083,5.7125926,5.7830143,4.4832377,4.278109,4.0423365,3.7841609,81,female,train,fffdcc38decc3c476de97bed6319ef9a,281.712,,english,,18,wls
chvq,CONTROL,-268.98618,56.13112,17.473684,6.877784,1.5343935,1.1533102,2.0805125,2.6589801,0.92516327,0.6939249,0.27070767,1.4079081,1.9991602,29.721073,23.600216,10.470596,10.865026,6.939424,6.793219,6.7574205,6.5097704,5.675206,4.839449,3.7985501,3.4709682,3.4300528,81,female,train,df828b8f767d2938e7f29d450ba1aeb6,271.92,,english,,12,wls
chzo,ADRD,-237.94995,76.74688,14.521429,11.451859,7.1835237,3.2577994,0.38564423,-2.717118,-3.1888971,0.05506246,0.17848442,-1.4299234,-0.33190373,45.127274,25.604034,16.854914,13.740609,9.846666,7.57979,7.8587284,6.667422,5.7285542,5.817316,4.535319,4.3233924,3.6271467,73,male,train,88c4a62e8ead8e570e8b92bc97bd983a,201.504,,english,,,pitt
cidn,CONTROL,-233.37479,52.437286,3.3001237,3.6576114,1.051226,0.29438886,-0.88516235,-2.3744123,1.5520201,0.03701763,-0.9185417,0.67561626,1.2898793,33.117855,17.55088,13.684776,11.534228,9.506864,8.501807,7.188969,6.7863264,6.0584188,5.159037,4.711392,4.655916,4.1454787,82,female,train,9f9d06084d44c520ebaf646b90b89e0b,275.52,,english,,15,wls
cigp,ADRD,-285.9324,39.43833,19.352499,1.4893258,-3.539755,-0.529703,-2.874276,0.26762375,-0.18320318,-0.43632123,-2.6509283,-1.3050764,-1.3433723,27.595055,30.57927,16.116312,16.301956,13.186704,10.593166,8.461874,6.6386714,6.4454556,5.996825,5.5334296,5.083696,4.109365,56,female,train,21691854ad0fba58dca5fa6c12dc4f95,261.264,,english,,,pitt
ciie,CONTROL,-234.89172,51.56272,7.0391684,14.052238,8.34553,1.7067527,1.0175974,-2.1630807,0.63103646,2.5521088,4.7824335,1.8024642,-1.2387102,41.7844,25.893402,13.541474,11.490224,8.702535,8.482953,6.592832,8.686009,6.12537,5.51694,5.0198793,4.128022,4.3801284,81,female,train,d70437829665ae66fb797d28902f19aa,273.984,,english,,12,wls
cjuc,CONTROL,-221.36589,71.64281,15.217253,9.826268,3.0539875,-1.1456543,-3.8902514,-1.7164413,0.69813526,-0.82204455,-2.793965,-2.2749043,-0.64934266,35.40167,34.29897,18.874508,17.95146,11.354968,9.535341,9.435058,6.9540153,7.4420657,6.0052905,5.2287664,4.4249234,4.1455135,73,female,train,3354eee6eb7e1bb0fadab7e543142460,260.568,,english,,,pitt
clip,CONTROL,-298.3496,42.596783,18.23806,9.620569,4.515637,3.7638888,2.689002,3.270835,3.129439,5.3304887,3.412127,1.5027205,1.3163011,29.352282,22.46624,12.069209,10.390035,8.079911,6.9475346,7.465151,7.471857,6.0118814,5.3596697,4.95038,3.9461775,3.8174245,73,male,train,abc6533e4b19c5a9ba398782af735095,266.136,,english,,19,wls
cljn,CONTROL,-173.04152,71.37748,-0.95620894,8.867669,2.5138881,-3.560488,-1.8862044,-1.448285,-3.0392447,-0.8732077,0.052365426,-0.3215555,-0.32237104,33.5518,16.997662,18.89568,14.902914,8.806032,10.302725,6.939981,6.73627,5.295168,5.0198345,4.7942824,4.359023,3.7933173,80,female,train,2770ddd9a0c33f21a0ebe87d4819959f,280.512,,english,,12,wls
cmfz,ADRD,-237.60757,84.224144,3.7913978,-2.3259604,-1.4456509,-3.749472,-1.548902,0.52754974,0.33686206,2.155677,0.4258171,0.78982794,0.7817417,32.23495,19.412392,20.71146,17.361546,11.53602,10.263095,8.208903,7.5008383,5.883092,4.8015327,4.2168393,4.029657,3.3336463,70,female,train,bf3c2fba4ba5ab233fc9dcf2e6fdfcc6,247.608,,english,,,pitt
cncw,CONTROL,-216.13487,47.701427,11.949752,10.028284,5.912026,3.7870364,1.1349242,0.48073554,1.20394,-0.3559439,2.1244822,2.8439066,2.1366286,30.575535,18.322624,11.068547,8.74634,7.1414595,6.178831,6.749356,7.108409,5.8385158,5.30183,4.476216,4.38482,3.9655044,59,female,train,fe3ce798568bb020bba02b8aaed9e4b0,286.8,,english,,19,wls
conw,MCI,-237.357,58.568386,7.858305,15.340572,2.9998033,1.3389169,-2.0022256,-0.70096153,-1.7876277,0.01779815,-0.1303588,-1.3370805,0.9239026,34.545387,16.583153,12.9624605,12.6827965,7.888227,8.079844,5.9870534,5.5561943,5.9987082,4.561633,4.310137,4.820559,4.1476784,67,female,train,baca309c14df0bb7610fcc27b000278b,276.216,,spanish,,8,ivanova
couz,ADRD,-192.09023,65.30532,20.972473,16.548761,10.163684,4.6877637,-3.5761235,3.1366389,1.6279716,0.87520075,1.471312,1.739778,-0.47788197,28.309566,20.956295,11.184747,10.456468,6.786619,7.27701,7.4816885,5.55641,5.187997,4.242451,3.9338355,3.6627574,3.5355742,78,female,train,38decf8c86d8ab58d1119e16be74d1e9,302.496,,english,right,10,baycrest
cptu,CONTROL,-175.8342,65.901825,25.97539,11.820086,4.6360373,-4.023028,0.61479956,1.4251235,-2.9745595,-1.5602379,-2.899471,-1.2757485,-0.8778684,28.565945,24.062796,10.002685,12.17236,7.594885,8.510551,5.891069,5.277684,4.5200577,4.303505,3.951757,3.7429557,3.3439064,89,female,train,61f8555f848d0a0e73169c5188c2fc8e,262.704,,english,,,lu
cpzf,CONTROL,-261.81985,64.78462,14.749233,9.8589115,7.417558,-3.2275362,-4.2878976,-1.8024684,-0.74797094,-1.2717903,-0.1176014,-0.9194848,0.058942515,31.520752,31.890236,16.608019,17.405392,13.966476,9.315692,8.163462,7.145752,6.3027697,5.7429814,4.674319,4.329236,3.6566942,73,male,train,94e900e4a1b4c057edfb2c789c7bf864,275.16,,english,,,pitt
cqff,CONTROL,-92.53896,55.245872,7.331555,12.317803,2.9456832,2.2580566,-2.02714,2.7518885,-0.0037928582,1.279762,0.5020473,0.36140376,-0.03868901,53.578934,29.361992,12.159976,8.771058,7.469827,6.0986414,5.8047485,4.626326,4.415624,4.1459723,3.6264555,3.719521,3.3955224,79,female,train,2c07595fc84d46eaa6720b708e531f53,106.584,,english,,14,wls
cqyj,CONTROL,-256.60165,59.056942,15.858017,12.560921,5.264983,0.7720611,1.8944546,1.1902695,0.9141288,0.7823637,-0.31341538,1.078514,1.5006564,32.139965,19.86495,11.165662,12.37726,8.6935215,7.9887433,7.962333,5.267863,5.2354345,4.7279763,3.9030416,3.5114822,3.626811,78,male,train,1a6738267dc14da9f0f3e70070c443eb,264.168,,english,,20,wls
crek,CONTROL,-246.8408,52.71675,18.367554,6.451543,1.5578552,-1.862288,-2.2858708,1.9563202,4.022668,6.1575675,5.4625044,4.8809605,3.9940503,24.020126,17.546282,8.495368,9.352139,8.983008,9.080775,8.023896,5.5627794,4.6252956,4.032441,3.6262758,3.316409,3.2208908,82,male,train,5d7d202c2740b5eeedf9ea7260b0c4f7,273.408,,english,,12,wls
crjf,CONTROL,-276.2888,53.516975,15.997668,12.30281,7.743924,-0.1859189,-3.1946776,-0.8721993,1.4351758,0.78791517,0.4087101,0.030186394,-0.8219315,33.955177,22.880291,12.946166,11.433038,7.953266,8.432432,8.222832,7.0855875,5.887025,4.7414594,4.777426,4.028356,3.9394336,75,female,train,d05821ddf5f41c577fc192a57e398578,177.408,,english,,12,wls
crpv,ADRD,-215.13197,49.374363,11.418097,15.51381,7.7718897,0.6981381,-2.475268,0.6339489,2.5501406,0.35473928,1.4501863,2.2450495,1.6269358,38.511322,21.184034,11.243645,11.765469,11.151122,7.1517615,7.1952524,7.0035777,5.9691186,5.358524,5.011781,4.024275,3.7110026,82,female,train,2442512c0706909619defec136c7eb0c,284.208,,english,,12,wls
crxh,CONTROL,-214.99577,55.993874,17.882095,14.015404,8.328164,3.0766387,-1.1472644,0.17497665,1.5433052,0.91226226,0.056974106,0.4364808,0.012052566,25.129496,21.392265,11.1928625,11.368027,7.841007,7.7195826,8.0092945,7.305655,6.355249,4.862898,4.7362466,4.2933345,3.7356741,82,female,train,395676d6323b5b3be400b49138ce56c8,283.584,,english,,17,wls
ctgg,CONTROL,-200.67697,65.09965,14.619943,9.3447485,2.6713386,-2.1902251,-0.3053717,-0.06278154,3.6418295,4.569162,0.09717519,0.058942545,0.9666895,28.880816,21.98733,11.984265,12.624017,9.686894,7.580621,7.587452,6.1595306,5.6813393,5.914573,5.204729,4.268888,4.0915995,81,female,train,3df9fe347b6b6c767c68861b6454efd9,196.608,,english,,12,wls
ctie,ADRD,-250.04843,52.286407,11.688508,12.014721,1.6243471,3.6834452,2.0926125,0.37038457,-0.09799037,1.4344698,2.5460565,1.3639419,2.100249,35.055264,17.914465,10.211085,11.96848,8.050428,6.9793983,7.916429,5.6984334,5.4583116,4.941175,4.564855,4.389134,4.098759,81,female,train,bf1b2d19ce7dc13f327fb1325633a60b,269.544,,english,,12,wls
ctiq,MCI,-147.24004,57.591843,3.6458151,23.834597,-5.2517204,11.563888,-5.482837,0.9063397,-13.323775,-2.019442,-1.9323089,-1.3755355,-1.486545,29.13288,22.634306,13.5001135,11.433502,8.335988,8.285559,7.855467,6.0688457,5.8410945,6.0925074,5.4204783,4.4067802,4.05803,69,male,train,fc28cebbd91e8684cd35ef069f60b308,182.4,,english,,,vas
ctiv,CONTROL,-195.74489,57.30029,3.9196663,8.410835,4.0102954,5.6697354,-5.470193,1.4299808,0.54274786,-1.9496344,0.037970148,-1.7646617,-0.18430388,30.940336,34.045155,16.412142,17.477331,12.456637,10.241416,9.463742,7.5266647,6.7919555,6.8734827,5.9679685,5.335681,4.3392286,70,male,train,5d10f07bd71e411cd6eff6a9d3062f75,284.88,,english,,,pitt
ctrw,CONTROL,-254.81177,50.841923,13.397637,10.55265,4.2880554,0.7617163,-1.2543619,-1.2098948,0.6865414,1.2334869,1.3638557,1.4793167,2.265315,33.682503,22.764189,12.648256,11.185513,10.437896,8.729805,7.2747684,6.5755434,6.049598,5.993672,4.7619147,4.612255,3.7233267,81,female,train,ec041dd726fb1d3622b57d0a20954ea0,270.0,,english,,14,wls
cubn,CONTROL,-327.47574,57.771595,24.49991,17.216253,1.9388372,-1.2622799,-3.1933992,-2.134588,-1.6310151,-2.0722673,-0.14472237,0.19433932,1.1858099,33.829308,40.042698,14.4639435,18.812233,13.475322,11.069817,10.833334,7.6316614,6.4047217,8.289381,5.657587,4.6306567,4.1650753,68,male,train,64389a2071c7bbb5990a47399f839b73,64.176,,english,,,pitt
cukq,CONTROL,-174.22365,67.1455,13.392496,11.261478,-3.2163262,-8.283298,-0.39471036,-2.9092448,1.4953017,-2.614512,-4.2807517,-2.1885347,2.5570989,35.776196,21.983671,13.009872,13.129081,8.316093,8.465426,6.3099833,5.9143643,6.675231,4.7427387,4.463786,4.152581,4.4378266,71,female,train,04514d9117ef97b54371b3b7f78c6cce,284.064,,spanish,,8,ivanova
cuvv,CONTROL,-177.59993,54.0704,0.73024225,21.693104,-2.460663,3.0112016,-3.659953,-9.874067,-5.623692,-5.4439945,1.8670412,-1.1430966,-0.67684716,37.056072,38.107246,15.561442,19.161705,11.346798,9.778964,8.575921,7.128363,7.2470984,7.095764,6.1173406,4.5121117,3.9576275,68,male,train,8f7f28800427614d518147f7bcd06d92,257.736,white,english,right,doctorate,delaware
cvko,ADRD,-202.7053,52.14577,12.593859,8.33308,-2.2469249,-0.9960682,-3.2346585,-8.131119,-4.2030764,-0.6111718,-3.7997382,-0.6631316,-0.94379586,32.09683,22.167318,12.777773,14.02625,9.473365,7.9559445,6.8031955,6.360387,6.1219006,5.6525345,4.5405173,4.4886084,3.7855349,76,female,train,2b6eb6d182894a93d344badd99429494,292.224,,spanish,,8,ivanova
cvxa,CONTROL,-148.80353,58.430786,2.0532482,26.351889,-12.654233,4.959049,-6.3524513,-3.1022105,-7.652032,-0.8584898,-0.79341435,-2.4118514,-2.4404116,32.60727,18.28483,16.449327,12.493271,10.396251,7.164619,8.945475,8.780057,6.6534986,6.863071,6.3893723,4.6449785,5.0395236,71,male,train,6ada4522b00cb2d9729123af04594b45,185.856,,english,,,vas
cxmp,ADRD,-241.78326,81.17338,17.958536,5.618895,5.274215,-2.5833771,-4.827978,-1.5454583,-2.2825706,-2.4847202,-2.6461573,-2.2972317,-1.5739701,36.924835,19.956673,13.505385,17.262726,15.048876,10.392683,8.142778,7.108563,5.4114194,5.3982177,5.1666093,4.1744266,4.2603927,56,male,train,5a7465b5e5ab1c2ac371e3f9333b62f6,134.04,,english,,,pitt
cxzk,CONTROL,-250.60027,70.974724,8.6361885,4.9704685,0.79755306,0.73160297,-6.0717583,-1.54776,-3.6345065,-0.23705414,-0.5222534,-0.956975,-0.045133926,33.612904,33.568134,20.034231,18.293854,15.242679,10.873968,8.85199,9.068272,6.855806,5.935907,5.5603843,4.392734,4.06309,56,male,train,1188ba5ce98b995709830f1982c280f6,176.64,,english,,,pitt
cyeh,CONTROL,-229.5941,51.74299,11.258341,15.715336,4.442929,4.557567,0.5454857,-3.087108,0.31518286,4.5511937,3.2013657,2.937847,2.9283192,32.432095,19.870363,9.033117,10.015467,8.8883915,6.314137,7.347494,7.896546,5.614956,4.9452877,4.585142,3.8655252,3.4193742,62,male,train,b552db24eb72b974cb4ae36a8d043b7b,265.632,,english,,12,wls
cyps,CONTROL,-219.95769,48.497295,18.194084,10.437239,0.5017668,-1.1787184,-1.9352163,-0.88371813,5.0860906,3.374127,3.4182372,3.418694,2.4160862,30.398079,23.754366,12.429558,12.987716,10.910109,8.219963,8.423278,6.1515307,6.8842216,5.1387315,4.4267898,4.6793437,4.377678,81,male,train,29a0fe42cbeb05bd0b6b8db7e87760d3,284.64,,english,,16,wls
cyqq,CONTROL,-278.236,44.597218,14.049353,11.788113,4.52539,3.940501,-0.39672306,-0.51923686,1.5109909,-2.3221703,2.1994364,2.777256,1.6498654,32.149143,24.69834,10.107855,9.591342,9.523405,6.6218395,6.955003,7.001463,6.2652407,5.8526206,4.7218456,4.445623,4.216226,81,male,train,b530c7bfecb6f5b953472d70cb63ba4b,271.536,,english,,16,wls
cyrb,ADRD,-286.71683,56.41176,9.434284,8.008177,-0.6141126,-5.4794297,-5.4064155,-3.2896104,-6.4607906,-5.8170333,-6.842115,-4.7866282,-6.515367,30.594147,27.456863,18.969152,12.7902355,12.396361,11.149984,6.7930365,8.8475485,6.144041,9.935728,7.5722528,6.908337,4.473674,73,female,train,05ad2fadbc9f0d83827e9d8142ff6834,247.896,,english,,,pitt
cyth,ADRD,-260.17606,47.87883,13.494579,10.28956,4.4182734,1.7960023,-0.3692435,2.477917,2.5890949,-1.6862389,-1.3644549,1.3656489,-0.0783782,24.809713,23.517498,9.87853,10.524309,7.90406,6.387592,6.032708,4.952934,4.505114,4.156402,3.9358664,3.7318268,3.3417828,80,male,train,1a14afe69f8ec3e50ede50263dda4df2,264.384,,english,,12,wls
cyxc,MCI,-176.39226,60.246563,21.970968,9.828248,2.7004735,-3.5198562,-3.8398852,0.29745293,-6.70558,0.94180286,0.9650687,-4.0924687,3.6755297,35.30339,26.396759,11.289284,12.791264,8.213994,7.7474394,6.5600195,6.038226,5.2834044,5.5810375,5.048943,4.3311353,4.090071,91,female,train,2b946e45d8c4fe2c815f71cd9b492428,308.736,,spanish,,12,ivanova
cyzv,CONTROL,-198.26787,60.74015,6.1693087,4.6346617,-0.8241808,-1.1521258,0.82998073,-2.7316985,-1.7769415,3.4536254,-1.2171266,-1.5414848,1.1527117,31.000145,20.946648,12.045334,13.864453,9.403674,6.527843,7.093233,6.561055,6.092287,6.8082576,4.798412,4.317496,3.8979404,68,male,train,0a573ca6a2f9f3e601c071b69a6fb72f,248.688,,spanish,,17,ivanova
dajr,CONTROL,-283.18555,43.5879,19.908043,12.116307,5.183204,2.9555109,1.9818039,1.6338184,1.0296016,-0.58453196,-1.088848,0.3425503,-0.45620683,23.425585,22.014072,10.781706,9.910859,7.795003,7.765476,7.26324,6.825617,5.542568,4.9559073,4.5344477,4.7772713,4.0758047,76,female,train,421f8a469ba25421f31ba6d83cfb28ab,276.048,,english,,12,wls
damg,ADRD,-275.00348,55.563198,14.116787,8.593279,5.9671135,0.3981693,-1.9053438,-0.8323663,-2.9148123,-2.0780745,-2.5128753,-2.3045897,-1.5608146,33.31489,46.54874,16.14909,21.08618,13.353592,9.889394,9.991099,8.6623745,7.9096985,6.46627,5.3034854,4.787617,4.1263056,70,male,train,ca9573f767018ad302517bc394cc6bb8,144.336,,english,,,pitt
dbdq,CONTROL,-267.68295,55.733356,-4.169303,-1.5040519,-4.5145974,-6.1213307,-7.241197,2.834476,-1.4160789,3.6650736,-1.0472009,-1.7676624,1.4806857,31.969183,29.639206,24.103914,19.424158,14.358571,11.878069,10.693741,7.3712416,7.8531275,6.734909,4.7365046,5.5959973,4.4238048,59,female,train,9591d7e0879230bff1e34bf49fbb4642,261.696,,english,,,pitt
dblk,ADRD,-251.0216,72.30273,17.797718,12.974866,4.6249495,2.82396,0.29006636,-5.158033,-4.9932237,-1.1318749,-0.9676334,2.1371813,2.031086,40.089176,33.78349,18.718042,18.522474,9.557423,9.917295,7.7378173,5.797226,6.0513334,5.246947,4.462659,4.1026945,3.4897022,85,female,train,2927ed07a54fdae7dd0340af53e9562b,94.056,,english,,,pitt
dbsd,ADRD,-243.69371,62.6447,12.039883,9.993112,2.295572,-9.844647,-5.999707,-3.1623342,-0.58586943,2.2522519,-0.5178324,-1.6946084,-0.19513148,34.097683,31.401646,19.608368,18.213642,11.408141,11.632696,10.628763,7.367927,7.5070524,6.1005936,5.145314,4.593729,4.0632524,83,female,train,e243a6b549fc83c03bd81af568ad4704,251.664,,english,,,pitt
dcdp,MCI,-239.91579,32.956944,19.46536,10.550346,5.7436113,3.128966,-0.135226,3.248394,1.3745978,1.081182,0.7380219,-1.0414172,-0.9603801,34.81007,38.9438,13.518735,14.9120865,10.714829,8.2857485,8.191997,9.115353,7.1511307,6.000611,6.3874497,4.980959,4.4187145,54,male,train,eb1d864a5e454511ea0ef50ac933c754,49.944,asian,mandarin,,9,ye
dcem,CONTROL,-127.696396,52.99849,15.908513,21.852938,-1.7088777,6.207439,-3.1653636,-5.96314,1.0139732,1.3398265,-2.2600925,-0.5084453,1.2481134,30.670324,20.365341,11.011194,11.307646,8.221765,6.320556,7.185301,6.307205,6.3897333,5.2805886,4.0346313,4.2530127,3.759888,82,female,train,75af9a65a6bdd8ad59a2820615917709,298.368,,spanish,,17,ivanova
dcfp,MCI,-159.4344,59.144165,10.207854,23.499035,-6.8044786,5.5560365,-7.2835717,-3.930188,-11.536168,-1.480004,-1.7986964,1.8613656,-1.1165539,33.471905,23.031878,13.900947,12.364455,11.3504505,9.176693,10.396665,9.022808,6.8471737,6.5495515,5.6973476,4.9038587,5.023077,74,male,train,4450edbdd861bb841f69a7b96e56efea,188.376,,english,,,vas
dcuv,CONTROL,-191.43532,31.988783,26.19901,3.4723945,11.664778,3.403882,-2.4256504,2.4215014,2.3264372,-0.072925285,1.4410642,1.2065927,1.7843082,27.835402,22.040207,12.288106,10.429136,9.292539,7.709392,8.8125925,7.641528,6.513045,5.740728,5.069158,4.55222,4.1023536,81,male,train,276aff7f6ad2ba750dc94d2053c0fec6,172.56,,english,,13,wls
ddcp,CONTROL,-248.91136,61.36928,2.9406188,2.2299917,-0.52524537,5.478192,-6.892012,-3.6948538,5.6651216,-1.3944403,-0.96812284,0.040016294,-0.6960066,31.363169,21.875597,14.173948,14.635188,10.861085,9.477146,8.3448715,7.503075,6.6443872,4.9509077,4.0889826,4.7049613,4.3024406,81,female,train,1f7bfcbea5d21e4ff0ace7b7e1ccd4d5,119.256,,english,,12,wls
ddnp,CONTROL,-295.90756,37.892124,12.080712,11.787961,11.216967,4.1422343,0.24819945,4.4436817,4.614365,2.530271,1.4066323,3.6263378,3.4698954,22.423561,17.101274,8.245584,8.481798,6.8637037,6.7200994,5.8640738,6.3978157,5.9101596,4.9998736,4.1195154,3.9821453,3.6129563,81,male,train,01ea5dbeae03acd7065fa7fe7b604217,263.544,,english,,12,wls
ddqv,ADRD,-264.56442,31.84085,10.434494,12.449336,-0.7225027,0.5270962,-3.6745741,-0.67463636,-3.6886954,1.3970687,-0.73832536,-0.6753293,-0.65068406,31.612068,32.06918,17.443136,17.316092,11.715814,12.077104,10.542507,8.478117,7.3262515,6.444415,5.5888076,4.515146,5.04054,59,male,train,d87631b15b36581994bfcc856988c36f,258.336,,english,,,pitt
ddxn,ADRD,-290.56213,80.31801,17.75243,9.109625,5.6066513,3.3566608,-3.5105052,-3.3329985,-3.0699663,-1.7744635,-1.3554903,-0.5524044,0.39253777,28.592463,19.611826,11.56086,14.833376,11.853948,7.3274946,8.353505,7.6659245,6.7781544,6.3199234,4.7833433,3.7707176,3.4504058,65,male,train,6a9ad5e32e2b9850cbfab797f94c708d,189.48,,english,,,pitt
delk,ADRD,-340.08377,40.8286,22.30385,11.717971,4.913243,3.0087776,-4.0589495,-1.3558973,-3.334871,-0.5403377,-0.73660016,-0.7633719,0.5291572,23.792042,28.704576,11.672465,12.281973,11.273117,8.461216,8.330211,7.447458,5.792703,5.7746367,4.633392,4.5349336,3.9823616,77,female,train,6f7e3dcea1c6a113cb394082ed97b8ce,271.728,,english,,,pitt
denu,CONTROL,-289.27386,68.992516,1.9964865,7.2090383,-4.054203,-2.3554132,-1.4009706,3.314383,0.19627298,2.55625,-0.047936294,-2.5266142,-0.88524806,39.898327,20.441341,21.56482,20.49825,10.902134,10.670048,9.681766,6.875792,7.127253,6.033056,4.79141,4.7528844,3.9507837,56,female,train,c2ecd55bc51da5041e76aff7f5714185,227.688,,english,,,pitt
dewn,CONTROL,-201.58185,54.020947,0.23740344,6.7917166,-6.495459,-2.8291233,-4.873327,-3.2132063,-2.7639313,-2.7853618,-1.5029708,-0.5062332,2.3850987,34.401875,17.53295,18.15294,13.852041,10.132507,8.04377,7.964691,6.057819,6.2854047,5.5937586,4.4170976,4.4368777,4.1793694,81,female,train,08280f0b48d66789464b2ac6d8a2f599,285.168,,english,,12,wls
dezq,CONTROL,-254.95152,49.346573,13.677229,12.755903,5.368614,1.1588316,-2.6175346,-0.038909137,3.3759346,0.886369,-1.7334372,0.28716162,1.2376542,31.253914,19.745174,10.91127,12.425309,9.609214,7.4463654,7.5543327,6.0719905,6.0391464,4.9869328,4.7513304,4.3648973,4.4688315,80,female,train,8fc265e55323128eafb1a0636638e345,261.696,,english,,17,wls
dfzb,ADRD,-298.45044,73.65196,17.611374,14.371626,6.275777,1.5825566,1.4851248,2.5728295,-0.20442873,-0.21268639,-1.8826357,-0.38138983,-0.7599089,31.599524,24.636362,16.287066,15.840811,9.955929,8.762961,7.124873,5.473828,5.422573,4.608621,4.3187675,3.619852,3.3239627,70,female,train,88e9cd70851d36cf15b72f2262d347a9,150.84,,english,,,pitt
dgzb,CONTROL,-230.83382,52.798336,10.70657,16.123772,6.3441706,0.0372514,-3.7587314,0.09906244,2.445664,-1.390632,-1.0275809,0.5652222,2.0821688,41.496834,23.745264,15.62627,14.367278,10.43993,9.315647,8.270388,6.7688394,6.2640142,5.1022463,4.9020987,4.517316,4.2535663,81,male,train,bdc14935cef06fa798d582f65325308a,230.448,,english,,14,wls
dhmg,CONTROL,-236.8787,61.881985,8.563582,13.670667,1.2324307,-3.217763,-3.1811833,-2.5004764,0.88918114,0.64066446,0.92023927,1.6397413,1.1308044,27.95051,18.24694,14.178089,14.574669,9.461969,7.9387236,7.9243712,6.1111236,6.121857,5.6112623,4.492888,3.793441,3.5021365,81,male,train,27b1567fdf31169bba1c3808957a0a29,265.776,,english,,12,wls
dhvj,CONTROL,-285.7533,44.32648,12.696732,16.146166,9.613093,7.439459,3.185854,4.537218,3.3401606,0.77413005,2.264741,1.5416692,2.5311203,29.370358,18.86044,9.453225,10.722734,7.299962,5.851079,6.8358645,7.4276514,6.0596056,5.733279,4.5488477,4.30178,3.4935622,78,female,train,f0c1c3983cb61457606f74fed4b1cf79,266.88,,english,,11,wls
diws,ADRD,-285.79858,48.458187,19.438892,8.951847,5.0197115,3.467818,-1.1468425,0.1395691,1.4689405,2.2437413,2.2268877,1.4573214,1.0496362,37.982742,22.344284,11.60337,11.791424,7.977574,7.129948,8.712051,7.905943,6.3814507,5.42328,4.8669963,4.4538116,3.7445068,86,male,train,75f332c376681d96f5d2a10e7cadd3f0,261.408,,english,,17,wls
djjn,CONTROL,-275.4096,49.651733,17.56314,9.451131,6.2732763,1.5711704,-0.90248257,-0.911068,0.7989277,1.2649957,0.36811358,0.28334424,-0.48273906,29.778046,20.123936,8.596091,10.792525,8.765678,6.5119715,6.3983393,5.887829,5.3801126,5.2249026,4.5897074,4.047004,3.7132747,80,female,train,3974f32c2dc1ba6eed1cefbe7dfd823d,274.896,,english,,12,wls
djus,MCI,-278.42615,72.76984,18.35171,12.3160515,4.494194,-3.0444956,-4.4946527,0.48222145,-0.4596631,-0.8496043,-0.7533903,0.094584964,0.5144842,40.175545,35.952328,19.10262,16.527603,10.191549,10.397374,8.91927,7.1195464,5.803842,4.353311,3.836842,3.1435072,3.4694247,75,female,train,b47f79a1b94ce49c15a8b2fef58e8614,93.768,,english,,,pitt
djvv,ADRD,-308.55472,74.779625,20.726063,10.949654,7.899902,0.17863867,-9.253346,-5.9193664,-2.6679242,-3.0373156,-2.7778976,-1.1533196,-1.1669513,23.139301,20.083284,12.579596,16.913906,11.665461,6.9854317,8.379134,8.558699,6.308008,7.3032002,4.827714,4.4710536,3.7167234,69,male,train,f4fd56593892755bb570efba24df4319,215.616,,english,,,pitt
djyu,MCI,-223.18637,60.111183,7.22471,18.965944,1.6036354,-2.8271568,2.0713518,-3.286711,-0.14791763,2.957262,0.17082064,0.16857679,0.68107986,31.03873,27.117392,13.849485,12.046967,8.176496,10.180393,6.475596,6.475599,6.219218,5.1226077,4.1536736,3.8322816,3.5446315,59,female,train,e2f3b2c60949a6e750deec2161a1299f,211.2,,spanish,,19,ivanova
dkha,CONTROL,-217.38301,53.608227,5.5908513,11.888365,1.8523538,-2.7649791,-1.4029363,3.806069,-1.3898753,1.1968576,-0.9402171,-1.2578297,0.10626952,34.900646,40.54191,20.270933,19.750551,10.819237,13.207062,8.988732,9.250162,6.563436,5.579949,5.512655,4.633197,4.232237,69,female,train,2293339730bed358f80d1403746b4b86,272.904,,english,,,pitt
dkir,CONTROL,-257.7156,38.458626,13.007437,13.118971,-2.8252747,-1.6851861,-3.8105037,-2.4269207,-1.8437064,-0.2120618,-0.22692406,-0.53205395,-1.3010906,28.651922,32.719307,15.574086,14.914761,11.707475,11.084473,8.672362,8.8137045,7.0571704,6.6597824,5.3703313,5.2121825,4.695978,63,male,train,a18d70f9b586e56b479c0e922674da7e,254.688,,english,,,pitt
dkrh,ADRD,-233.36115,79.56372,-1.7850531,12.136983,8.0777235,-2.7103014,-2.7265878,-9.925045,-4.6366673,2.361535,1.5020095,0.85408145,1.445653,30.007895,14.033634,14.411536,16.864265,13.168062,9.555127,9.365373,10.178668,7.510758,7.42498,5.837957,5.203544,3.9352736,53,male,train,6f12ac6fad318436494e85d191fd7604,126.816,,english,,,pitt
dlam,CONTROL,-193.41292,64.09423,9.4743805,9.622495,3.896861,2.681382,0.7013544,-2.6149752,1.4430407,1.996521,-1.8186918,-1.0100106,0.5107393,28.750473,15.682638,10.391687,11.554328,7.6032524,6.685192,5.463916,5.0145082,5.0961,4.0314965,3.8983305,3.180652,3.2415962,76,female,train,27a90e6bedeecc1598c3927a7a97da14,286.896,,spanish,,8,ivanova
dlgn,CONTROL,-211.18835,50.012897,15.941808,16.747555,15.506797,8.150602,1.8267643,4.077161,2.1564565,2.6950426,1.6982363,2.5087721,3.2670586,25.88796,16.755678,9.629586,10.354509,7.6813345,6.1583614,6.273353,6.2594776,5.9725766,5.533627,4.0700655,4.3040857,3.690379,82,female,train,7d3bebb9a5db5de23671b19612ef0798,284.88,,english,,12,wls
dlgr,ADRD,-277.4555,74.88934,7.616417,8.0183525,4.585329,-1.419632,-1.5425059,1.9282337,1.5673445,-1.5779716,-2.055555,-2.6404703,-0.96361756,40.804394,16.025795,19.879751,15.06341,9.8521185,11.136516,8.912746,7.768231,7.981013,4.9316926,5.3457713,4.6187787,4.4936743,66,female,train,2fc4ffaabfd89b8562d863a0940fe48b,186.288,,english,,,pitt
dmhg,ADRD,-248.16945,78.15845,20.84868,4.301061,-0.68583035,-6.9246883,-6.1748796,-2.0345025,1.0260761,1.1281022,-1.2377585,-1.8136752,-1.2820158,33.17839,26.6085,17.650375,18.059694,13.177848,9.758755,8.557157,6.462757,7.7581177,5.6614256,4.808168,4.4368033,3.5303326,75,female,train,40a51a2aa27c853e59037fb2fbdc4f89,182.304,,english,,,pitt
dokm,ADRD,-256.86713,53.749287,19.456905,16.685022,8.282284,1.3101159,-1.7460754,0.44973028,-0.35384658,-0.9918201,-1.4499907,0.14462402,0.5155523,24.582445,18.589306,8.438838,11.315431,8.873995,7.012979,6.7007036,6.1593766,5.17194,5.200509,4.7090554,4.813578,3.4504218,81,female,train,c46aa3b0467f39101a8d756422aaa2ae,210.288,,english,,18,wls
doqw,CONTROL,-148.73163,58.20222,12.860953,9.999656,-0.82099265,-8.916904,-0.96375346,-1.6262019,-4.370166,-1.9283248,-2.7329106,-3.2379663,-1.4590099,31.628685,21.487223,15.562452,15.714241,8.152552,10.169977,6.927479,6.747454,5.8789444,4.792284,4.5226893,4.264113,3.649607,90,female,train,b782261c6f91d372752fe4865bf9a979,263.712,,spanish,,8,ivanova
dpau,ADRD,-228.60074,59.277473,7.8949585,9.74217,1.6882609,-3.8232384,2.002358,3.1154485,-0.15382978,0.27041417,-1.9125055,-1.6602889,-0.4804763,42.785835,32.864162,21.635693,14.139086,10.460004,11.314009,8.189412,7.070131,6.3764806,4.551843,5.534691,4.651506,3.6605277,83,female,train,ee059f17cc9293c532b6c3b2da1b136d,216.672,,english,,,pitt
dpmc,CONTROL,-227.73016,50.774654,2.8534408,13.13599,1.731142,-0.22934593,-5.9800673,-5.036289,-0.2078523,-0.16917686,0.7254158,-0.5285019,1.0251764,36.15318,21.991127,15.4094925,13.265051,10.244619,7.8737006,8.291046,7.013604,5.616513,6.130523,5.2124476,4.242764,4.157316,76,female,train,59f09f17fb3da9f98eecca196fcb95d0,272.112,,english,,12,wls
dqvs,CONTROL,-146.79399,53.740734,-1.7423964,15.412261,-6.4584155,-3.3058023,-9.075234,-4.2396426,1.4118879,-4.2495456,2.4290674,-1.095375,1.0884472,37.876957,23.02992,16.756554,14.67164,11.2132015,7.888705,7.743338,6.4765215,6.9856277,5.9422703,5.3643813,5.348167,4.366352,81,female,train,c060c0a95d5fb41d56d2e54c26966c03,288.576,,english,,12,wls
drew,ADRD,-322.7016,38.31784,18.535313,4.6819453,3.4949481,2.0746458,-7.0279903,-1.1651747,-5.566851,0.3103622,-0.84318244,2.2976904,1.9212518,19.967964,25.837534,13.070519,11.562534,9.563428,8.029662,9.166766,8.09293,6.886577,7.48937,6.315496,5.345453,5.1098027,65,male,train,79e02a37e580e3ed9279617004a9714a,250.68,,english,,,pitt
dsdk,MCI,-220.57568,51.707832,10.529356,16.377758,4.705177,1.8854504,5.879467,1.219633,2.0196602,2.4920666,-0.3184716,0.57049644,0.042744864,45.803356,20.532545,15.369885,18.04932,8.680075,10.535748,5.752919,7.8027663,5.8092966,4.9783044,5.131236,4.3725634,3.9813054,64,female,train,388e07659ce0c65204a4b9b08a2188a0,51.024,asian,mandarin,,14,ye
dsjk,CONTROL,-205.46718,57.8648,4.9599895,3.7634084,1.9018103,-1.6912445,-9.019221,-1.508804,-1.9579127,-0.6034651,-0.48662063,-2.3666701,0.8364832,33.229015,20.700968,14.837718,12.723539,10.7634735,8.962774,8.65743,6.734922,7.0514483,6.1413674,5.1002264,4.777811,4.68498,81,female,train,308e17daa52cfb6be590860e1ecf3df9,274.656,,english,,13,wls
dspk,CONTROL,-172.19386,59.43776,12.241494,7.0409126,3.778673,-7.816838,-4.523697,-2.4780562,0.16240223,-2.1580777,-4.2579203,-1.6211221,1.7548336,29.370106,25.12962,13.483539,10.558588,7.555711,8.042389,7.660052,5.7037673,6.576049,5.2409863,4.510186,4.596986,4.268912,78,female,train,4f57ccfb2a05efb0c6470c4b6506b1d0,301.632,,spanish,,6,ivanova
dsqt,MCI,-144.49738,54.51886,5.6679144,21.011454,-11.299604,10.512619,-4.9860225,2.7864828,-14.969741,1.1575719,-3.3400605,-3.1991885,-1.4327912,31.052645,15.8592615,15.234804,14.100185,10.864008,8.611266,7.83752,7.7507505,6.982031,6.25341,6.378621,5.5847664,5.3103456,74,female,train,8df1308b605c6ace3ecf4cc546b7589c,185.304,,english,,,vas
dtit,CONTROL,-272.27646,55.76359,14.857608,7.8695273,8.446768,5.5103664,-1.0862244,1.182857,0.46507815,-0.42835608,-0.1459683,1.134797,0.58493525,28.350035,25.796644,10.822548,14.700466,10.010534,7.311452,6.356149,6.464356,6.4871264,5.078287,4.5997057,4.4562893,3.8753412,82,male,train,f545372ee5059ad4a4f9086884476aa4,264.24,,english,,14,wls
dtlz,CONTROL,-251.13719,58.22421,13.351263,14.773286,5.580747,1.473078,-4.816339,-5.557545,-2.465788,-1.0133358,-0.63841105,0.60299134,-0.21701159,28.789948,26.71053,12.602047,13.937846,11.353357,8.4740925,7.604271,7.4590154,6.4136047,6.141211,5.408306,4.6279154,4.038161,80,female,train,40294f5bc9bc68606b5e8dc2f992c0de,265.32,,english,,16,wls
dtuu,MCI,-191.07642,57.26892,14.995222,12.446848,2.1382513,9.117755,-1.2002977,5.0256577,1.7459822,-2.7414367,5.091223,-1.4840409,-3.0070155,29.476294,23.073153,14.370086,11.725611,12.479133,6.4517956,7.838551,5.789035,5.2956357,5.829185,5.741421,4.09721,4.6192236,74,male,train,ae288a8a383065a2da5d0cca051d8e1f,289.728,asian,mandarin,,18,ye
duho,CONTROL,-265.0084,43.628746,16.236898,14.155173,5.541507,1.678301,0.62315613,1.3799272,1.4374892,2.063118,0.6448275,2.266417,-0.011423436,31.382502,19.601923,9.847708,9.859775,7.966452,8.797918,6.5272813,6.8953247,6.2740126,5.039393,4.553959,4.039868,3.51294,80,female,train,b5de1595a27d68ba1925df181b7830e4,290.88,,english,,12,wls
dvpn,MCI,-171.86107,35.053043,7.0881467,15.458846,-2.6624625,4.646618,1.4012803,1.558985,4.1879683,1.3912832,-0.22898532,-1.0329753,-0.5254447,32.64647,22.071918,12.764013,15.419358,13.089029,8.597667,6.8648367,5.8306704,5.52204,5.669293,4.2678075,4.4469433,3.5831225,62,male,train,708b2c0310ff46061d9a690a3fb1e0df,142.08,asian,mandarin,,11,ye
dwjf,CONTROL,-202.751,55.896194,5.9614115,11.326224,3.269123,1.4550118,2.1682289,2.4500682,3.1944284,0.9581874,1.7189002,2.2406693,0.24568689,28.73673,17.532326,13.192232,11.506249,10.000768,8.236948,6.373716,6.155546,5.5617247,5.286711,5.0825405,4.8455462,4.81548,80,female,train,9e408fd2b2fb0202941b7ef8def1974e,273.936,,english,,16,wls
dwqi,ADRD,-221.17776,76.085144,6.022364,8.24206,1.6781621,-1.2657573,-4.3000374,-2.382614,-3.7574832,-3.3467011,-2.3272276,-0.46155205,2.0860496,40.077602,21.832832,20.868925,13.653902,9.694226,8.84425,9.003426,7.4759984,6.708192,5.6110835,5.117719,4.7138124,4.398622,74,female,train,79c433425fe091c2599842b2559a547c,218.304,,english,,,pitt
dwqo,CONTROL,-193.25713,65.48624,6.865326,14.029655,2.4861875,1.3336462,-0.9069614,-5.9360256,-2.185387,-1.8716786,-3.2421281,-0.38786468,1.3954557,35.048,20.048033,13.861179,13.776394,8.270408,7.9598765,6.002378,5.7673583,7.050435,5.0810103,4.7109833,4.3046,3.9209845,93,female,train,65af0c86f537c42f7f388b90a7ad4770,280.392,,spanish,,12,ivanova
dxhp,CONTROL,-244.9734,69.98553,0.84272647,12.422479,-2.1048992,-7.076965,-4.4504943,-6.840542,-1.2016095,-2.760977,-2.2562728,-2.912112,-0.2437907,35.057003,12.707542,20.2369,19.580307,14.023374,9.553324,10.059948,9.10173,8.214631,7.3499923,6.158339,5.172058,4.902667,68,male,train,05266f64614691379bdd1a7ee36f9f5e,276.576,,english,,,pitt
dxll,CONTROL,-290.18387,41.81489,16.737577,10.400922,6.954404,5.770525,3.7616217,4.775682,3.4496567,2.3198915,2.192987,2.2354734,2.4121742,20.892054,15.31427,8.807339,8.355813,8.002231,6.494207,6.0128875,5.1041737,4.550818,4.8638496,4.576207,4.0450892,4.0042768,84,female,train,a7e6902e0e911a396cedda96febd2712,236.064,,english,,12,wls
dxpr,ADRD,-134.93478,48.50387,-15.780614,22.662825,-17.967432,1.2516515,-10.657024,0.12294977,-3.9832132,-2.694557,-0.4940794,3.727176,-5.7632723,30.280724,15.425429,12.88074,11.422592,10.391501,8.227071,7.2842026,7.224033,6.492243,6.48809,5.7766657,5.1214375,4.590098,67,male,train,11a1d1f4479335870d93b105389ff897,184.608,,english,,,vas
dxri,CONTROL,-323.05222,66.04017,16.013802,19.142057,0.43253523,0.22116628,-5.4846334,-2.13815,-3.319892,-3.0787325,-0.53837097,-1.3054845,-0.5015054,37.23005,22.127935,13.367092,14.224601,13.557596,8.294659,8.379695,6.310999,5.623212,6.9347086,5.5286965,4.630807,4.0146246,59,male,train,48e53bfa40ef954adf01055681913d3b,197.904,,english,,,pitt
dxyi,ADRD,-150.95335,77.940155,3.0705843,7.837554,-3.0919328,-8.041614,-0.026655087,-1.3291752,-1.0251113,0.1820468,-3.2191072,-4.6027946,-2.8998547,37.659992,12.785082,13.026425,12.216441,8.398329,7.6876154,5.1136394,5.4961624,6.178916,4.7905536,5.107285,4.4019866,4.1377106,84,female,train,f607a7ec942777f5cd27e8298fe3639f,293.16,,spanish,,8,ivanova
dxzb,ADRD,-261.8817,44.941925,9.367873,16.84214,-4.8097167,-5.157977,-6.2675853,-3.3709743,-2.6208227,-0.53542316,-1.6910685,-2.955877,0.074711874,34.024868,39.72858,19.113287,20.162178,13.72708,10.842781,10.279202,8.424188,7.1417527,6.9607673,6.3379126,5.1800623,5.3806496,52,male,train,e03d1de0326709f2e6db670b658adb2b,243.336,,english,,,pitt
dzoj,ADRD,-248.3798,73.817635,7.448778,4.5163584,1.0295652,-2.3082623,-3.9348996,1.8833128,1.4094626,-2.77227,-1.7831964,-0.28552228,0.46425316,34.590508,23.366716,17.201685,13.564461,11.279926,10.294608,10.559454,10.987348,9.824555,10.443241,6.272679,7.101148,5.0335727,81,female,train,5c2b695bf77eec2076652aa4b7781e45,156.336,,english,,,pitt
dzse,CONTROL,-246.98718,52.097572,14.123461,4.9722486,4.0463223,2.2819095,-2.359168,-0.56864774,0.48263747,0.81091946,-1.5657033,-1.5988612,0.99075603,34.28775,26.930902,13.059674,13.6989155,10.256876,7.7762914,7.877503,6.7475314,6.3771687,5.6705337,4.680935,4.5634,4.171498,81,female,train,fbd68652223bd67e100f4944fd313465,272.832,,english,,14,wls
dzsl,MCI,-212.92319,46.693188,16.49245,17.795527,6.2605076,8.404268,4.558103,3.8331518,3.1196668,1.0435286,2.4229982,0.078947045,-0.4482587,28.656796,22.31706,13.574162,12.551291,9.632434,7.567143,7.451131,5.625011,5.1108027,5.855677,4.8357544,4.1494884,4.1561465,65,male,train,5014c31ff1d260a56f2d1cffac105282,142.776,asian,mandarin,,11,ye
eacr,CONTROL,-318.97153,53.69445,6.1081157,-3.37155,2.4342296,1.8560885,-2.2836869,0.8828922,-2.4130244,-2.6799698,-1.1432415,-0.14433393,0.427239,26.882511,23.168966,16.548105,17.143377,13.149389,10.812861,11.181678,8.095042,7.848865,6.60626,6.1541653,4.530824,4.6802835,66,female,train,ca53ec39dea06ead44cc41a2c8e16e10,165.648,,english,,,pitt
eafy,MCI,-146.8334,53.619137,0.83927876,22.734398,-10.446589,5.573656,-7.2626657,-0.19510938,-12.857228,-2.022671,-1.7180202,-2.226139,-0.59501296,32.94702,23.900774,18.095789,16.100466,10.204898,10.033043,8.547218,8.484581,6.920933,6.3649535,7.070371,5.86997,6.1487265,71,female,train,475db41f9da844d8703199a9cdcf4efb,187.92,,english,,,vas
eaog,MCI,-164.74428,42.97214,8.187309,11.084865,-0.32674384,4.89833,1.2416185,-0.7228034,0.07203724,-0.6629939,1.1276991,1.2938817,-0.31846473,33.2401,23.439886,13.54165,13.581721,10.353177,7.277347,6.212781,6.2010155,6.141347,5.552751,4.5399346,4.752644,4.5139346,53,male,train,2fa80b21b1bd50e8d0ada3fe69889f3a,151.176,asian,mandarin,,10,ye
eaze,ADRD,-178.05194,52.966442,6.798368,13.5289545,3.42184,-2.853358,-0.7274821,-3.9994094,-2.395775,0.7875488,-0.55154705,-2.150443,-1.5464685,31.89941,16.82423,12.961395,12.826789,8.529922,7.7575507,7.814109,6.9687467,5.9579563,6.067777,4.7644386,4.902614,4.260001,47,female,train,eabb37e8a4df4d5d742c7bab797057b5,249.432,,english,,,lu
ebhi,CONTROL,-255.25674,70.77001,13.101377,18.928234,-1.5293319,-1.5424691,-1.0079205,-3.7717602,0.3443853,-2.213592,-2.4462247,-2.835117,-0.5212114,35.445538,17.044268,13.641721,13.118554,8.971995,6.491648,5.7547727,5.1916223,6.694385,5.4366393,4.008639,3.8903022,3.2884407,78,female,train,ac97e032f72ff6a404e12756c5080138,230.784,,spanish,,8,ivanova
ebjj,CONTROL,-135.5067,66.80601,13.995373,17.86215,20.120544,-4.7246757,2.1283374,-7.4466157,-6.7637258,-0.19594394,0.031944737,-1.2829235,-2.7115645,37.48746,10.667568,9.0676365,10.930416,7.3557014,7.1956863,5.3517976,7.833097,4.6458845,5.7772455,4.3557553,4.8039274,3.7636213,82,male,train,2e92efab7fa455a53c800977f47ee6fb,315.792,,spanish,,16,ivanova
ebyu,CONTROL,-230.08505,57.19757,14.234519,6.1549363,2.4221041,-1.1506062,-0.40305978,1.117749,-0.067813374,-0.22285496,0.33098173,2.2525282,2.4815195,33.968746,20.965992,12.527944,13.099897,8.07851,7.637411,6.937091,6.396529,6.0317774,4.760638,4.7270913,4.3861327,3.7678058,78,male,train,aabfd9bd1f4831a37acf3b2fb3c0c974,282.24,,english,,16,wls
ecqk,CONTROL,-231.17969,52.634808,3.462265,9.0567,3.459453,-2.13725,-2.2967112,1.9123018,1.8151617,2.291611,0.52327776,0.1923682,1.6313734,36.944134,20.945223,14.841542,11.578747,8.350692,7.376232,8.194181,6.465193,6.5705943,4.6735377,4.734362,4.378623,4.376846,72,female,train,0f04887b7bfcba8046905287d65ef1f4,176.112,,english,,12,wls
ecsy,CONTROL,-242.53966,53.597942,7.9353023,10.396746,-1.9371399,1.7246464,0.13875547,1.343984,3.149749,0.40501612,2.488533,2.7965982,0.45838836,35.335335,16.719324,12.216231,11.32565,9.290036,7.095858,7.744616,6.399086,6.1027803,6.0873747,4.7415957,4.744048,4.4370365,81,male,train,b806fde93b362f4f70aa843ec16117d4,265.44,,english,,12,wls
ecuz,CONTROL,-196.75203,40.658566,8.467345,14.48657,4.3487,1.8733752,0.6371841,0.94035023,3.7844021,2.9467533,1.0721405,2.5294685,2.5310884,36.58561,19.291214,9.582821,9.665254,7.7558,6.8533463,6.337399,6.532003,5.80872,5.235593,4.2127213,3.7213957,3.2932956,81,male,train,576f60b53664801d73c61822d37bf052,291.792,,english,,12,wls
ecvs,CONTROL,-148.56458,53.763573,6.349709,31.326035,-10.142186,8.023308,0.5779309,-1.1426736,-11.577212,-1.0474123,-3.113611,3.6118333,-2.1710668,35.477493,23.684895,14.457401,15.441005,12.165178,8.313174,8.184218,7.9820986,6.7195015,6.7980895,5.692898,4.994166,4.4254847,73,male,train,a56e7950e5ccdbb9a9b262fd5f5ad2f6,189.744,,english,,,vas
ecym,ADRD,-245.56973,73.32119,16.669348,7.3621593,6.051255,7.340766,-5.082584,-0.5501047,-2.6052532,-2.653346,-0.95235914,-1.7464318,1.5219989,37.1103,27.036375,13.925365,16.90477,14.522626,7.643037,9.39841,8.562985,6.3290377,5.8776665,5.5977707,4.251378,3.9042633,79,male,train,f9eb8e2a9923b1b2bb18ab29df1927f4,260.304,,english,,,pitt
eefj,MCI,-156.18854,58.445007,10.0327,8.419607,-9.304145,1.4938653,-5.425615,-0.30770004,0.18041015,3.494568,-6.219136,-0.43797544,-1.0222974,42.01534,18.854452,19.193602,16.140701,10.59043,7.0219994,5.6412406,6.333552,5.9238434,5.4554515,4.8890343,4.125473,4.13256,82,female,train,6277cd805314db9792f5ed7c4cab93a1,308.4,,spanish,,3,ivanova
efld,CONTROL,-251.3124,47.545948,3.824721,12.057791,1.4264009,-0.8770155,-2.1477668,4.7734423,2.8174005,-1.5977527,2.156908,0.26354164,0.805886,41.155327,27.475424,16.206722,13.584321,12.716379,7.671278,7.544848,5.8430448,5.5006237,4.947102,5.4239306,4.5465374,3.8365943,81,male,train,73a609f51ba1cda030af5c45c72c0e30,266.664,,english,,14,wls
efsl,CONTROL,-235.34718,78.69387,16.196693,9.94143,2.5977466,2.9992447,-0.03530039,-3.0245893,-1.8692104,0.9791172,0.24007459,-0.6844876,-0.7169241,32.672874,26.153347,15.29741,18.42225,14.271868,10.620667,8.090557,8.179278,6.22302,6.632237,5.67085,4.163705,3.6317728,78,male,train,2a7c4b4d695920cec7d224dd10b7aafa,206.688,,english,,,pitt
eglx,MCI,-192.83742,72.35495,12.6656475,6.7984204,-1.4240253,-0.4273861,-0.20634419,-4.9872746,-1.1526045,0.74393135,-3.0940065,-2.6729476,0.34497306,35.82111,20.981358,15.199185,14.993567,8.923883,7.4607415,5.7266855,5.804357,6.8862686,4.5057387,4.3414874,4.1502137,3.515458,67,female,train,25e49aca43402d1f3884f3941a1cfac6,290.04,,spanish,,8,ivanova
ehva,ADRD,-241.55913,42.707012,8.428658,13.809189,-11.1427355,-10.550689,-4.151049,4.0214734,-1.7066698,2.046774,-0.07586009,-1.6650885,0.35446626,31.583975,34.034843,23.61947,21.29362,14.015897,12.486362,10.4701185,8.948974,9.75263,6.0288763,6.372486,6.584177,5.298709,69,female,train,c10c39fd1dfe46ad101959bac413acbb,280.728,,english,,,pitt
ekji,ADRD,-189.00124,54.60679,13.387735,4.0716505,5.5774007,4.381719,2.5435038,-0.19478275,2.1602175,2.3173988,3.3844876,3.1201715,2.5709524,29.692225,23.533995,11.9313345,12.4294615,7.7949743,8.181018,6.541612,5.836003,5.151771,4.269897,4.034695,3.9666953,3.6868377,67,female,train,e33ae31bfddb5ccb2e39467d90dae86b,297.072,white,english,right,16,hopkins
ekpr,CONTROL,-269.58124,52.207863,17.464247,15.18717,6.1388,4.472313,2.2892792,2.4329214,4.646186,-0.2942514,-1.1641384,1.2443138,1.0479386,27.140722,20.905737,10.790314,10.494027,7.7330084,6.9077477,6.167156,6.706348,6.108758,5.2970085,4.838081,4.194643,4.0188837,69,female,train,de33faf329df3d78887a216b123385bf,261.288,,english,,17,wls
ekrj,CONTROL,-165.15965,62.304268,16.370724,9.369919,-3.741348,-2.1961694,-8.322798,-3.3559847,1.4805013,-0.05806998,-1.9576612,-3.1413822,2.8832881,34.80542,27.281355,15.362408,13.171352,8.445678,6.9400153,7.810253,5.981787,7.0048523,4.7943783,4.9525113,4.561796,4.3076906,74,female,train,195c8af78607ab61b482f79e4c0748d1,266.736,,spanish,,17,ivanova
ekuc,CONTROL,-144.48691,60.681564,8.1519985,9.990791,-1.3938544,-0.8786707,-0.81224346,-3.3630571,-1.1746789,1.9646771,2.3135927,-2.8236282,1.0714867,32.19831,22.06477,13.623366,15.4527235,7.7837906,6.9809594,6.170615,5.1804285,5.9102564,5.111393,4.745008,4.544049,3.9769282,63,female,train,df9f74a83f276ab7b41b5fbcf4f3b215,293.712,,spanish,,6,ivanova
elbh,CONTROL,-222.63554,52.500614,10.432323,23.11444,3.7236502,-0.5833923,5.3759513,-4.0231495,1.5006155,-2.2405932,-1.7981097,-0.73444533,-0.9602255,30.719654,22.324484,14.0629015,13.64686,8.370741,7.3410306,6.8153963,6.5750637,5.91781,4.976837,4.4458766,4.1595488,3.9642909,83,female,train,3a961b8b1adf98cc77ff0848fefd39ac,297.096,,spanish,,6,ivanova
eluz,ADRD,-207.50642,57.235847,13.061995,17.961004,5.966619,1.9515188,1.2305989,-1.7897562,0.63397735,-2.027461,-1.8958844,-0.4704692,2.0658023,28.99177,18.165314,13.264585,11.450552,7.1295295,6.7456684,5.876157,6.675103,5.9753957,4.9033594,4.798567,3.8707113,3.566376,77,female,train,2c0f33ee9afc73504ca56b5b8bf5b12f,274.992,,spanish,,8,ivanova
emco,CONTROL,-168.18446,45.84525,13.103522,15.258482,-3.9944615,-3.5976565,-3.9154625,0.29862747,-1.9463447,-0.15023199,-0.7067374,-0.27483106,1.5843544,41.073875,26.480402,17.537292,14.88331,12.479885,8.6318865,7.4405565,6.856839,7.2065916,5.2912736,5.0935593,5.1394672,4.244351,82,male,train,f8925d8cd46457b2a57e657fe0b2e1f5,155.76,,english,,12,wls
emfv,CONTROL,-243.61224,54.65047,10.93992,17.67801,2.080434,5.8887134,-0.44783202,-0.62768877,2.9526553,1.3278764,0.5481027,1.1730596,1.7621325,33.51576,21.862906,14.324328,10.98227,10.634055,6.9048305,6.663465,6.5454416,5.4302244,5.08245,4.47011,4.306885,3.879357,81,female,train,f1a1f86285ae9a40a70172844f858b0b,265.056,,english,,12,wls
emjd,ADRD,-261.2837,54.82254,21.10855,12.639245,6.232572,6.4951854,3.3369591,0.7154478,1.7320734,1.1537704,0.4644693,0.38993546,-0.017195586,30.140656,21.44528,9.293234,9.759226,8.409154,6.7568336,6.393409,5.609506,5.182533,4.5850415,4.162347,4.090542,3.7114036,80,female,train,ce0e1cbe4ec0793ef563980c8da5d1c3,224.064,,english,,15,wls
empv,ADRD,-199.39523,54.65704,13.514486,16.722946,5.5794683,-2.1906102,3.7623103,-0.97371477,-0.37589216,0.16418104,-2.5810864,-0.20934585,-1.5091735,37.91133,20.928926,15.694185,15.434492,7.8071957,8.977944,5.92934,6.418291,5.2311316,4.8400126,5.385298,4.240389,3.5770996,82,female,train,437e5b59e3e463ec4dd7dc4e3a6dbb60,301.344,,spanish,,,ivanova
ensg,ADRD,-245.20074,60.324837,12.297559,15.220591,4.6935096,-0.84592897,-4.44192,-0.06170079,3.112726,-2.3146412,-1.5900024,-0.3900349,0.6774576,36.43638,24.121653,13.2591305,12.880803,9.622,7.569277,8.0995655,6.050374,5.4474235,5.4725056,4.7293096,3.8689609,3.9088478,78,female,train,b4d94227e2ea97f570c2bc50aa2f29dc,190.104,,english,,12,wls
eola,CONTROL,-181.76782,57.45331,6.375487,11.85736,0.68069077,1.5996712,0.062568665,-0.17899202,-0.3149415,1.2636964,-1.5179048,-2.2631016,0.9023434,29.154259,15.068129,11.471437,13.140146,7.5720143,6.873525,6.0143967,6.0025935,5.6161723,4.194159,4.194496,3.8866878,3.8980417,70,female,train,a26cac891cd6987e257cd4bdaa24be60,288.864,,spanish,,12,ivanova
eoyt,CONTROL,-220.7595,53.411144,17.585562,18.019741,2.133644,-2.8026721,-0.18896383,-8.233022,-4.230589,-2.880072,-0.63438576,-3.8265412,-1.1968505,25.683956,25.688162,10.878386,11.271882,7.8137684,7.1493287,6.1079082,5.765996,5.367683,5.271761,4.4781537,4.303563,4.1810966,79,female,train,8186e806774ff2752a4c82242e29bf37,250.416,,spanish,,8,ivanova
epat,CONTROL,-321.09955,42.544052,10.828065,10.374507,0.8946267,-0.6825126,-5.2496247,0.3703065,-1.8995228,1.8819242,3.007562,0.35900465,1.8660928,33.606052,31.731432,19.563528,17.636984,11.304441,9.927363,9.937548,7.2548766,7.3049707,5.904744,6.2217736,5.307495,4.893822,59,female,train,370b43ae9f08db46e3e0b62202997c50,188.64,,english,,,pitt
epon,ADRD,-156.83658,74.064674,11.026835,3.080125,0.18204367,-1.5164285,-5.229263,0.29772642,-2.1368632,-1.6145995,-0.22361878,0.71900696,0.39390716,34.47785,17.153782,13.571283,14.714095,9.661694,9.082854,7.2175374,5.4499917,5.1788635,4.757232,4.796543,4.3995237,3.3886724,75,female,train,12e5ab524d3fb959228d3a8d70638694,298.224,,english,right,12,baycrest
eqfp,CONTROL,-363.31207,80.116806,16.092316,6.813267,-0.06422446,-2.255903,-4.554966,-2.378047,-0.1410839,-1.7495285,-1.7752575,-1.9527887,-2.4280372,22.697552,14.99711,14.064644,14.343507,9.355016,9.126919,7.707809,5.915818,5.9154744,4.7043376,4.5065103,4.273053,4.2467,80,female,train,3a2048247b4eaf470e793c9b6980b68b,107.4,,english,,,pitt
eqwm,CONTROL,-229.76036,84.67111,11.797263,0.0434076,-2.310824,-5.97405,-6.5703955,-2.8083138,-1.5919313,-0.55256647,0.32377645,0.7221306,1.1789939,42.097958,21.972775,19.48843,16.144,11.113282,8.423435,9.426461,7.1344624,5.7384686,4.7310114,3.6101422,3.874349,3.3484347,66,male,train,d8613c7d5848593c8a0ec2a5a5cd1ae5,107.28,,english,,,pitt
eqyg,ADRD,-223.75562,62.5251,15.1561365,2.3867877,2.8145864,4.648284,-5.664962,-3.250774,-1.4093757,-0.25918233,-2.267119,-1.4775777,0.037805,39.733208,39.25418,17.495977,18.301456,8.188839,9.342876,8.5440035,6.5304556,6.2043767,5.780078,5.1549187,4.9689736,4.5315514,69,female,train,0d10794f1cd2faa230ddcd2c46552ce9,257.496,,english,,,pitt
erwr,ADRD,-175.9736,67.372185,26.291634,7.4311457,-4.5779753,-1.399503,-2.202518,0.052153762,-0.43588445,2.8974693,-3.3645146,-0.12120004,-0.16821882,28.472414,19.780476,10.684867,10.583136,9.693849,6.228894,5.6476197,5.5014815,5.5021524,4.7472734,4.2105556,4.531345,3.2165992,82,female,train,7ce1bddbc0333f8e3ba019181fa31277,307.296,,spanish,,6,ivanova
esaf,CONTROL,-290.3606,82.1985,15.628727,10.8842945,-2.1600327,-6.9955235,-3.6399848,-0.82981443,-1.4316778,-1.3089465,-1.3413612,-1.8004875,-2.4634774,29.002888,17.905687,12.151529,13.564577,11.414221,7.967243,7.639536,7.3456316,5.357627,5.7711244,5.554745,4.275215,4.1351147,58,male,train,868106e52f9ab89cfd13af432b8163a1,149.976,,english,,,pitt
escm,CONTROL,-193.48082,62.45975,18.116423,5.427412,5.222441,0.43286654,-1.6941494,-2.85314,-5.5674496,-0.28527802,-1.3433032,-2.2455163,1.3625154,30.247883,29.014748,14.206581,12.878865,8.524284,6.8126264,6.340824,5.6653056,5.78874,5.112501,4.5235972,3.7003038,3.8298478,92,female,train,8f30cbf3591593b21a0983a5502cf490,263.472,,english,,,lu
esgu,MCI,-156.48563,61.678062,17.26647,7.9537916,4.2716627,-9.999407,-0.6854546,0.766839,-0.5308077,3.9406905,1.2256335,-0.26974693,-0.3504749,37.795277,17.27136,10.849092,12.010806,9.548302,8.522905,6.3782897,6.2413974,6.153448,5.8192606,4.8806996,4.0186644,4.2167225,75,male,train,07b470b3488fb353fc0f646627c8dda4,319.296,,spanish,,12,ivanova
esql,CONTROL,-176.46274,62.97257,14.263671,16.76251,5.0573916,-0.23905174,-2.4445336,1.0418905,2.471063,1.9162688,-1.5228304,-0.8303719,0.17769368,32.6183,20.034443,13.270334,12.690496,9.302539,7.5960646,6.8985653,6.272996,6.182112,4.739639,4.470127,4.352168,4.2027802,80,male,train,83631ae92784f4276766eded2d71a9ab,287.28,,english,,12,wls
etou,CONTROL,-268.62363,66.945694,20.45645,11.679544,-3.4593992,-4.181561,-5.7799277,-2.218927,0.17462888,1.1680031,3.032614,0.9393047,0.27644214,35.676052,32.77162,14.508422,17.47032,12.955421,10.574048,7.027296,8.071744,6.3181286,5.16636,4.905551,4.6525574,2.8685472,58,male,train,7203d17bec611a9a0233ea530b77f8e6,211.968,,english,,,pitt
euil,CONTROL,-296.25958,49.349277,16.957714,11.48654,8.414288,3.7384062,1.5137365,1.8184837,2.6408064,3.8092878,4.2420707,1.5298666,2.014847,21.23284,16.22079,10.675799,9.450399,8.29419,7.5042048,7.0471606,6.222919,5.1425433,4.957675,4.414282,4.5612597,3.6480858,81,female,train,5ddf27dc996e656658a3ff9f12788105,259.848,,english,,12,wls
euwi,CONTROL,-203.56206,49.852486,14.827731,15.513944,5.964437,1.3399565,3.2813559,-4.6813,-3.4934974,0.5147056,0.65790445,0.2789959,0.98024356,35.64284,22.52567,12.750749,11.67512,8.897132,6.859906,6.7273707,7.1249275,6.0482526,5.194443,4.3429847,3.51927,3.443838,76,male,train,77b6aa3c378877928314dd7f02c96425,282.864,,spanish,,8,ivanova
euzm,CONTROL,-258.2317,48.27403,20.008387,18.13408,0.28536016,2.865747,3.8601413,-3.2593389,-1.3111742,-0.9227447,0.97207564,1.71198,1.6886462,29.01752,32.856297,11.554088,15.419264,11.471085,7.3222594,6.612937,6.7781544,5.0690475,4.5751963,5.0891643,4.1445155,3.6719742,72,male,train,1b8fcaced4b2311dcdbdf7568d6686d5,265.848,,english,,14,wls
evni,ADRD,-272.2341,72.08483,17.197643,23.00516,14.700227,0.644832,2.4346025,0.84327376,-6.6453924,-3.3348343,-1.8045764,-3.7610066,-1.9264859,34.323944,16.535772,14.623169,17.288519,14.239768,9.152297,7.2510495,7.190348,6.569009,5.451037,5.119665,4.8530273,3.654138,72,male,train,513dcecdd8be2abaf344c1b2141d24cd,95.544,,english,,,pitt
ewby,CONTROL,-282.33002,51.13857,19.533234,16.410866,11.4034815,4.2878265,-1.586099,0.31249702,4.389875,0.8388274,-1.0447087,0.28542098,-0.14554513,30.475752,26.400059,12.28724,11.338594,9.394302,6.2900467,6.9378633,6.6491656,5.3619814,5.4499784,5.010923,4.899322,3.7741132,81,female,train,8983cb829ec454c7b5a7508e963a2fd5,100.584,,english,,12,wls
ewqw,ADRD,-134.58437,60.168743,-7.053958,20.856897,-10.607781,5.47164,-8.849687,2.2345798,-2.8968892,4.286616,-3.6984494,-0.08273871,-1.1824414,32.16268,17.028269,14.687955,10.543258,9.0898695,7.6793327,7.0399013,5.5834923,6.309601,5.057795,4.5696306,4.5240316,3.8734844,91,female,train,faec569638d907d3d320564a00fbe5f3,182.568,,english,,,vas
ewts,CONTROL,-272.61035,55.260033,14.943298,15.788455,10.181764,5.060887,1.8642048,0.8577128,0.7504012,-1.0261817,-0.48530382,1.0022285,1.3820821,24.952127,15.922391,8.349756,10.373483,8.269818,6.1439357,5.635523,5.118742,4.7138767,5.1501675,4.4707866,4.097664,3.5948868,81,male,train,e472727a0498a1d77b1c3c8c09ec6bc0,219.864,,english,,17,wls
ewxm,CONTROL,-275.8236,44.27755,11.18513,14.381135,-9.353686,-5.17022,-4.9250035,2.0653045,0.45058197,0.59884226,-1.7690139,-1.7543554,0.72666776,31.066893,36.66386,19.012074,20.747845,13.805578,11.986042,11.06104,8.190439,8.594397,6.0425177,5.2082605,5.6977153,4.5252147,65,female,train,cd7d2fcfb7d340b46dd95308e638b88d,173.064,,english,,,pitt
exeb,CONTROL,-113.10194,65.58206,4.3394823,8.96307,-3.31871,-7.354171,-4.1144342,-4.336687,-3.3833036,-1.1110291,-1.6429378,-4.097143,-0.12624691,32.182095,16.124153,16.31973,12.774014,7.809737,7.738535,7.38575,7.174075,5.364506,4.667253,4.618974,4.0798903,4.417477,87,female,train,f01eccbab330db0fca255aeda7fd37c0,184.224,,spanish,,8,ivanova
exlu,CONTROL,-189.67828,56.816826,8.302746,6.71699,1.7725767,1.2063781,0.8298497,-3.241546,0.3217107,1.1297958,-2.6051762,-0.80056566,0.5068788,28.867691,18.384907,14.351224,12.8748255,8.1891575,8.026355,6.778421,7.806001,5.3370595,4.683704,4.75198,4.295814,4.171991,78,female,train,f291d0ffbd224c9cd6f301262207532e,283.824,,spanish,,6,ivanova
exnz,CONTROL,-264.807,46.711056,14.231972,13.980882,2.9230282,2.2891643,2.580378,2.9037657,4.0123277,2.4625475,0.12300278,0.5390419,1.0511328,40.143738,18.413374,12.809451,11.732304,8.640808,8.686624,7.068304,5.5261474,5.8312364,5.8359475,5.284532,4.187219,4.0271816,77,male,train,b1bf90c7d34be4acb398e85436279962,106.056,,english,,14,wls
exqc,MCI,-179.71825,45.237293,7.6890993,14.394763,2.7377486,6.56467,3.483442,-1.0623384,1.9422244,2.5076883,2.283715,0.7060967,-0.7268652,35.316074,15.850809,11.0939245,11.119765,8.799211,7.197247,6.9085836,7.037862,5.4996333,5.489916,5.6402154,4.525367,4.377558,60,male,train,65fda92b3a74e6fd52ade0cff98ea93a,215.52,asian,mandarin,,6,ye
facg,MCI,-353.59393,51.421173,13.828853,4.413703,4.2611513,-3.5537682,-4.0815163,1.1630586,0.85742706,3.3894637,1.7827913,-0.28533202,-1.6138312,23.663069,25.475285,13.198378,14.664277,10.932148,9.598919,7.640939,7.3332524,6.7176485,7.3058066,4.9538555,4.2431498,4.00051,68,male,train,6ea553c536f43b7a4bbb12bf1d29f941,157.464,,english,,,pitt
farx,CONTROL,-243.46417,54.1558,5.3637404,9.893015,7.242001,-0.036801543,-2.406532,1.1933438,1.4938338,-2.0857878,-0.19242477,1.0537465,2.0241916,35.18122,20.365324,15.502731,11.545839,9.223473,7.4654913,7.544853,5.5684395,6.3008423,5.087757,4.3532157,3.867411,3.603664,80,male,train,1fbaf5ebbd5683b995972cc0e60b5b5d,273.264,,english,,16,wls
fats,CONTROL,-181.7979,60.363792,4.3081083,10.97594,-0.7730419,-3.5427964,-1.6583033,-7.5373697,-2.0333338,-6.596964,-3.3030696,0.08006515,0.029786441,35.880817,20.560234,15.695022,15.752958,9.268317,8.529647,6.448145,6.6337323,6.9481235,5.7615733,4.6283193,4.599857,3.9134092,71,female,train,c15ac6c5f534984bcadc79e15fe0f1ae,276.528,,spanish,,12,ivanova
faxn,ADRD,-186.35255,45.409668,10.593916,14.658533,6.681176,3.3149717,-3.885026,0.9165057,2.6349196,0.0652721,3.0803673,3.497376,1.0390714,34.19448,22.702864,11.229623,11.893386,9.607944,7.9436207,7.867379,6.841332,5.540585,5.644438,5.2166977,4.5971355,4.449671,80,male,train,db7b2255f1b5a106331a689d86184ff6,285.024,,english,,17,wls
fbiw,CONTROL,-250.38686,49.492245,19.088425,14.483342,4.955347,-1.3065329,-8.428444,-2.4569986,7.313568,-0.037145115,-0.26223692,0.48359844,-3.2384582,36.066788,21.019308,12.266345,10.90059,7.8663883,7.811426,6.982758,6.215527,6.5507298,6.169411,5.2760468,4.42396,4.034191,82,female,train,ce40b2e7c72640a3c3edfe9093a7bcfc,253.2,,spanish,,12,ivanova
fbzr,CONTROL,-181.68843,70.61591,19.646503,17.254734,0.9702745,-3.316978,-7.1562805,-3.3236902,-1.6867009,-2.8085551,0.53629464,-0.68529296,1.2630881,40.123726,31.687288,18.654474,14.167689,11.359201,9.267058,7.6924057,6.1034074,5.929438,5.2263193,4.3885255,4.3561454,3.9964085,64,female,train,94d538228d834b670c40798319aa0928,241.752,white,english,right,master's,delaware
fciv,CONTROL,-150.23174,52.26295,11.648784,6.8697014,5.8019776,-5.543662,1.267442,-5.887387,-8.925529,1.0985409,-1.1914841,1.4002279,-2.3759778,27.005194,21.407293,11.033132,10.5441885,9.520515,7.36997,8.741659,6.0582848,5.9039516,4.9812593,5.054369,4.1319094,4.046075,65,male,train,894a212fa1aa76cf37d6d205a72eac20,216.336,,spanish,,12,ivanova
fdaw,CONTROL,-199.80093,51.01925,14.162602,10.46158,5.164302,5.1473255,4.273593,1.7535224,1.285808,2.1490173,2.1997561,2.932998,2.214597,32.637653,17.017761,8.479724,9.646277,9.14589,8.413628,6.9021945,5.7035646,4.8830943,4.8769593,4.745529,4.0402513,3.5695167,64,male,train,49a6f9bbbaca46b9c4d6ed7312539c0a,261.84,,english,,13,wls
fdkq,CONTROL,-228.91338,47.29213,15.197499,11.926956,8.04979,5.0931435,1.9677057,0.58184344,2.938066,4.7746067,3.2677186,2.626994,2.208029,29.204916,19.001043,9.046138,10.486086,9.640144,6.4136972,6.1614757,6.956931,4.7118554,5.036127,5.072516,4.0149875,3.9036644,81,female,train,11e25b4322293e9111e2138a3546ea6a,274.512,,english,,14,wls
fdnd,CONTROL,-220.26726,51.66215,17.652552,18.180868,8.186688,2.2788756,2.3158267,5.1337676,2.440368,0.31254888,-0.11216621,0.59214365,2.0196664,22.184034,19.043932,10.839348,10.828362,7.364937,6.7383924,7.018359,5.70339,6.288021,4.8713403,4.346604,4.139108,4.1500683,81,female,train,99f073a44a1d7c7656b134b65de713fd,284.976,,english,,12,wls
fdzt,ADRD,-122.11206,55.645916,-7.680423,24.691366,-10.501412,9.25851,-11.454906,1.8819125,-5.757631,-0.09605773,-0.30200222,-0.8627092,-2.8536458,30.837555,18.309393,12.619142,10.830131,10.384972,6.4754133,8.468768,5.8771954,5.099569,7.156818,5.566963,4.898794,4.2596135,94,male,train,9a3d7798e740b6af28d5f0ac9010a97d,181.992,,english,,,vas
fegh,ADRD,-151.92735,55.440666,16.254545,10.507505,6.829573,-1.5996573,-4.70556,0.08106143,-5.8181205,1.72017,-2.2682343,-4.463984,2.8634925,38.106133,19.227676,12.195666,14.93009,9.22733,8.348147,7.917423,5.7494173,5.948318,6.798762,4.4833994,4.805642,4.29528,91,female,train,4b87c6a92f49fe70f20cf86c9d864b1c,284.016,,spanish,,6,ivanova
fens,CONTROL,-229.25372,66.454346,7.1149564,10.730518,-0.28808483,-3.9954422,-2.7631707,-0.5565265,0.091185905,-1.5355762,-0.20331344,-0.6714646,0.9473876,34.65378,16.829454,17.056923,14.822153,11.0732355,8.014304,7.3231745,6.510683,5.942685,4.788129,4.480164,3.8316855,3.419993,81,male,train,d9eddfe09c98b7431664e576175a7bd0,267.816,,english,,14,wls
fewd,CONTROL,-197.56169,59.772186,8.488374,14.46505,3.3102043,2.8938673,-3.9619195,-2.589345,-0.8294752,-4.3272996,-0.13853371,-0.5124787,-1.0379534,39.325485,35.878014,19.13475,15.236631,10.373498,7.193103,8.62141,7.4237456,6.1762023,6.7237163,5.3671846,5.111963,3.9428215,74,male,train,7bb14813677ab184100ee5d02ddbf1e8,282.6,,english,,,pitt
fewl,CONTROL,-252.04712,60.614662,14.384514,8.577756,4.627912,0.38194126,-2.8265972,-0.2580366,-0.091421284,-1.6205662,-0.3507174,1.5793922,2.4017494,27.72813,20.85761,12.776145,12.883667,9.318631,7.4146843,8.244726,6.2823706,5.9695244,4.7341456,4.457343,4.128917,3.845306,81,male,train,b8a787967a2f62ad7fa7c9937cbfd80d,265.2,,english,,18,wls
ffgq,CONTROL,-301.26804,45.03169,12.16317,9.402059,7.6175857,-0.11891908,-1.723789,1.9986057,0.797723,-0.40281808,0.5388672,1.6639795,2.3676994,38.474026,19.437826,10.107876,9.453976,7.8786426,7.143381,6.334039,5.8155956,6.309225,5.3436813,4.0153236,4.1107063,3.6641693,82,male,train,ab472887a858a8ac610d911df69f6bb3,257.952,,english,,12,wls
ffho,CONTROL,-161.49702,66.45014,16.29369,1.2954633,5.58509,-4.971161,-5.124191,-1.1171438,-2.1300335,-1.2276288,-3.0470471,-3.3381836,-1.3235533,36.03283,22.136267,15.812394,13.371507,8.664272,8.220502,6.3592043,5.721024,6.1173196,4.4704223,4.260901,3.427024,3.3010635,78,female,train,253e4d6816c30d877509bd0ce069964b,307.128,,spanish,,8,ivanova
ffiv,CONTROL,-245.16612,45.20082,12.495166,11.224775,6.6389585,3.8984997,0.7878979,2.6543398,3.3745072,0.14285426,-0.9696752,-0.2653509,1.4188097,30.121593,18.96324,10.518693,10.895562,8.413804,8.119237,6.232335,5.827195,6.0240226,5.1675906,5.023647,4.5554166,3.934688,81,female,train,3d9ca81e498a4222afa0f8a0e8d452bc,276.456,,english,,16,wls
ffkm,CONTROL,-272.43423,48.0691,14.339914,12.901751,3.5758016,-2.0643291,0.8003776,1.3911393,1.1986419,-0.26708603,1.2367848,3.9377558,1.8524346,35.761757,20.152079,12.352661,12.186931,7.9262414,9.507724,7.8854666,7.049009,6.1548586,5.12859,4.0347195,4.2725973,3.725525,69,female,train,9e34e48422dd2f7f724351e059d69bf8,193.488,,english,,16,wls
ffks,CONTROL,-219.90865,48.31192,11.254602,8.938057,5.75528,3.5117826,-0.5920637,2.3784356,3.147118,0.7127366,0.56456834,1.4912049,0.68291384,35.310196,25.072224,13.301687,12.213848,9.228655,7.191263,7.29284,7.2397513,6.5256877,5.7702312,4.9874806,4.82984,4.6436825,80,male,train,9043ad3bf3fca9c2a48a661ccff58401,154.464,,english,,17,wls
fgbt,CONTROL,-241.74065,55.35867,10.5714445,10.875923,7.2264113,3.2457063,-1.8080235,-3.7254713,1.4065015,0.82493675,-0.45579904,2.4043357,2.6900682,33.478966,19.452158,10.444508,12.350973,12.818821,9.512223,7.5537467,7.7511187,6.616847,6.102267,6.2111096,4.9543953,5.9002695,81,male,train,1876b5685eb22ae386d5d03e71b8cf26,140.112,,english,,16,wls
fgtd,ADRD,-211.4183,52.35787,2.9108317,3.5741014,-4.8021383,-4.0716066,-10.223062,1.1194679,-5.370226,-3.8408523,-4.4547997,-4.6214657,-3.8443484,40.249817,27.434488,25.795052,16.370962,14.419846,11.566032,9.889056,8.155171,9.871782,6.9740653,7.8403883,6.574541,6.931489,66,female,train,c4edcdc7597a59495d49668b8b7fbe49,279.168,,english,,,pitt
fhea,CONTROL,-335.72958,31.422758,15.221034,7.903921,-8.132765,-7.045567,-3.587215,-0.92939854,-1.9920698,1.6393387,0.3455558,0.713792,-1.613949,31.591187,28.603474,16.818287,19.040442,14.836924,13.491821,8.409215,8.781515,7.0715003,5.8050556,5.3322873,4.965024,4.6139708,80,female,train,5f8541e1e93412a483c7ea279cb52248,151.032,,english,,,pitt
fhnu,ADRD,-178.6191,67.7392,-19.637417,34.931057,-4.516079,-1.2625489,6.2389307,-7.4256215,6.119687,-0.9443527,-1.9102861,1.2643877,-1.2268242,31.063349,19.012207,14.606405,15.483363,10.392316,9.837292,8.031869,6.7224126,6.534795,5.5754848,4.8708625,3.9881308,3.6662834,80,female,train,1fadd23b493230bdea89e2bdc88506a1,200.616,white,english,right,16,hopkins
fhsx,ADRD,-127.5938,55.533436,-14.064715,25.361794,-12.475696,3.428628,-12.102394,1.935102,-3.26637,-0.08954944,-0.34192103,-0.46806297,-1.9512949,36.050102,16.585266,14.445339,13.027076,8.054718,6.9365315,7.314621,6.190706,5.5622053,6.7692018,6.069631,5.369202,4.7660465,90,male,train,cb85ba1321ae35eabe85a60b624e31d9,186.624,,english,,,vas
fhto,ADRD,-347.81668,40.40605,17.758987,8.467189,3.125064,2.338951,-4.5126705,-1.4902391,-0.92115015,-0.52511805,-0.94292957,-0.9539391,-1.2817719,32.76325,24.87217,13.392007,15.162645,11.319404,9.434609,9.758209,6.771763,7.24961,6.343961,5.3413014,4.824119,4.4206676,75,female,train,75fd6fc96aedc69a5fade0d7e1ab9d9b,123.12,,english,,,pitt
fjqy,ADRD,-274.31473,80.034485,25.967428,8.3451395,6.7759404,3.4408996,-5.9098735,-4.144818,-6.057092,-3.9472816,-3.9418602,-2.6140742,-0.9070676,29.060808,12.327028,13.344589,14.373222,11.6329775,6.3793726,11.065156,6.395903,5.6360726,5.208352,4.3324814,4.145019,3.4889715,76,male,train,06060e41b00d57bafceab177d2650238,178.536,,english,,,pitt
fkce,CONTROL,-284.46158,50.61071,16.48386,20.691515,-1.7960565,-2.7164004,0.120671645,-5.0008893,-3.0401835,-4.1669564,-4.3686423,0.7252465,-2.765496,32.68617,32.520424,12.821929,20.108553,15.474329,9.263046,9.043945,7.771995,7.7245393,7.525654,6.5163894,6.28216,4.8171396,63,male,train,a7fd6512101484667320d15884b99db1,133.056,,english,,,pitt
fkcr,ADRD,-251.74388,58.553604,11.508102,10.7174,0.08221952,-0.17032127,-0.1988338,1.0994782,-0.10866366,2.9091167,0.65559894,0.21655051,1.2314957,34.786907,23.37771,15.851636,13.465974,10.244988,8.137578,7.7692876,6.0591493,5.880603,4.9764996,5.070346,4.6490836,4.0200367,87,female,train,fd1e6db31b7673bab4c91f9895553bbb,262.392,,english,,18,wls
fknx,ADRD,-226.9054,45.432163,9.473107,14.317501,-0.6578011,1.6373956,0.83345,-0.65680665,2.5385966,2.998893,2.0143538,2.4920018,2.358464,37.853413,22.505371,13.630721,11.329066,9.690684,7.6720653,7.3424654,7.6409984,5.8791327,5.780285,4.630153,4.2233744,4.3182673,82,female,train,7fee5b6ff6c20e7e1fec8a43349fac15,159.744,,english,,12,wls
fkvj,MCI,-166.048,65.01988,11.398896,23.676414,-3.664623,2.895676,-2.6563668,-1.4868441,-12.99078,-2.3604379,-2.6223018,-3.7328424,-0.65235084,32.70573,17.662031,17.183668,15.032836,10.359623,10.477645,7.561757,7.465617,6.069517,5.784673,6.0906262,4.8241386,5.155355,71,female,train,e1ab96a89c89b06f46807df3d466c0cf,185.424,,english,,,vas
flic,MCI,-214.01855,66.47055,12.612889,13.516653,-8.448792,-1.6389265,-2.9998991,-0.409841,-1.7985611,0.87168807,-2.3803027,-0.99545455,0.7618658,37.96569,21.437294,12.97681,14.670385,10.087707,7.544919,6.4985313,5.9133096,7.13754,4.821941,4.5000005,4.585423,3.7622988,80,female,train,51d9ebb0a33891c2b3ca1d452a08aa11,259.32,,spanish,,7,ivanova
flje,ADRD,-272.98453,74.85066,12.1347885,-2.1025257,-2.961951,-6.586214,-8.13244,-2.5870872,-1.0505465,-1.6715288,-1.2703557,-0.87552905,0.6865713,26.649717,16.65285,14.482648,17.418606,14.266397,7.7213674,9.841822,7.466326,6.831046,5.6816587,5.6656137,4.833961,4.48208,66,female,train,b26360aca727e4778a8a783ab48ebde5,230.856,,english,,,pitt
flqa,MCI,-145.96356,54.69169,16.764475,18.751043,1.3561704,4.4965944,0.476222,-9.677492,3.1915252,-3.3077812,1.9916731,0.58131284,-2.0402277,41.06834,24.52646,13.272946,14.288827,12.403677,8.213364,6.337595,8.099489,6.4100595,6.586262,5.114041,4.5841036,4.6641803,81,male,train,8804775589bd53a45a86610e01e9942a,309.744,,spanish,,0,ivanova
flzm,CONTROL,-283.2069,67.448296,21.382133,9.518624,5.8697853,-0.80729556,-1.5895952,2.3704495,0.5116876,0.8891926,-2.013403,-2.4131367,-1.065727,33.178783,36.55519,16.055523,17.707546,10.828294,9.419704,8.859816,7.6251454,7.9851913,5.713412,4.911163,4.688195,3.9282804,71,female,train,4d5d55df4997185f1bf3107cef8574c9,212.88,,english,,,pitt
fmef,CONTROL,-254.0398,76.30711,19.398405,7.3708053,2.0488174,-3.9004357,0.27608806,-3.9052577,-3.4422624,0.03689232,-0.565504,0.023092505,0.6343064,34.821247,36.120144,17.831436,18.136,9.6069145,10.295421,9.542308,6.8206196,7.9914265,5.4336343,4.59929,4.6756477,4.218976,77,female,train,01b4ec1fe3865bf7db60565b50000a14,130.896,,english,,,pitt
fmlw,CONTROL,-208.4648,62.47989,7.3886666,16.616982,-0.14889333,-0.2770194,-3.8931725,-3.0608368,-0.3820831,-0.6678752,0.58180916,-1.9427415,0.58597857,45.0109,22.682762,14.909335,14.371725,11.254512,8.011905,9.061691,7.071104,6.244224,5.5798717,4.5416617,4.5370984,4.4772983,73,female,train,cc3cdc76d512b234798d8508e4610afd,270.504,,english,,17,wls
fmmu,ADRD,-288.92764,51.739185,14.958733,11.694867,5.3244815,-0.6271217,0.3288744,3.339442,2.964061,0.57055813,0.67330295,2.5976744,2.3579993,29.328175,24.09849,11.64874,11.847722,8.701927,8.325762,7.2431593,6.5673475,5.5898,4.972541,4.715553,4.106381,4.0170746,79,male,train,68be82188a1f19fec7588dac76f1a377,263.04,,english,,12,wls
fmof,CONTROL,-256.63324,47.920467,12.018851,6.9240317,3.0812693,0.80835265,-0.71754473,3.4568055,1.1563215,3.0660462,3.2650764,3.3370614,2.6028206,29.456207,18.76628,10.76799,10.997235,8.022799,8.991066,7.9260406,6.45398,6.6452804,4.6385045,4.5176167,4.1106153,3.9051297,77,male,train,33f1101730ef22d1c7a3c178606b1b82,263.76,,english,,18,wls
fnas,CONTROL,-248.23727,59.304104,14.836484,13.548513,0.6448651,-0.18276593,-2.2024152,-1.3020079,-0.03337776,2.4314299,-0.13959081,2.1426713,1.3838606,35.628197,25.034529,16.078053,13.878759,9.976195,8.562084,7.668913,6.7621336,5.8506875,5.0459065,4.575588,4.2842846,3.4214354,82,female,train,8f8dea96d27f7539aff95b1bbfc3461e,265.92,,english,,12,wls
fnwb,CONTROL,-172.30518,66.61107,2.0051556,13.161627,3.3420403,-2.831788,-4.2984753,-3.3866994,-8.7747,3.4210675,-2.242091,-3.9280593,-1.6023655,41.359703,34.226707,16.346088,15.355698,12.864626,8.58602,8.642642,6.3032885,7.097268,7.3089185,6.3395967,3.8944714,3.596138,62,male,train,a6827fc9c66550d24fafe295a2016031,247.968,white,english,right,bachelor,delaware
fokk,CONTROL,-230.96648,68.72244,14.320558,10.8791685,2.3222003,-5.8194723,4.1626573,-1.7007713,1.5570534,0.55109614,-2.1270196,-1.6424642,0.8082856,28.798826,23.831635,13.574254,13.024306,7.5480585,7.5727158,6.163193,5.1334934,5.473295,3.6698506,3.9915059,3.6456933,3.4171743,74,female,train,8465cae0be41829cecbfa4cf237eb804,252.096,,spanish,,17,ivanova
fora,ADRD,-246.67712,53.306244,9.555053,11.865607,1.2678038,2.016606,-2.8886766,-3.4487646,1.6066631,1.9758443,1.0446726,-0.5477773,0.76128674,32.452507,20.914284,13.601879,12.958942,9.520786,7.118424,7.5872426,7.054536,5.611852,5.608039,4.5588675,4.2791505,4.1984816,81,male,train,922891706b8b35545dda8f94c1e97141,265.872,,english,,13,wls
foso,CONTROL,-308.79785,47.830723,13.727839,3.232261,-7.078836,-3.9593651,-3.4803941,1.2658944,-0.76099616,2.74161,0.8006784,-0.3694102,0.505696,25.054976,30.62593,16.17488,16.611742,11.576529,11.141948,9.846967,8.258273,7.533496,5.7243943,4.9097705,4.6302514,4.990746,63,female,train,cb22ecc8911f97e0f70303730642cf7e,163.08,,english,,,pitt
fpbu,CONTROL,-203.1587,72.55321,7.0673156,4.8271813,3.8047101,-0.4514736,-1.1939205,-0.91239357,-4.3952494,-1.7737734,-1.7047364,-3.2776616,-2.1878903,32.023003,26.556673,14.128006,12.23965,7.0137863,7.7975225,5.8944697,5.208882,5.7290306,4.74462,4.584353,3.8451905,3.8004005,78,female,train,4c083b4def0dafb94e2da87ddc62009b,273.336,,spanish,,,ivanova
fpmi,CONTROL,-184.78836,75.61534,6.8738885,6.248138,-6.3357887,1.7360343,-1.2856334,-0.13028565,0.573732,-3.3925135,1.2311498,-1.4156079,-1.2041968,43.227104,23.59851,17.778069,14.211127,13.49582,10.000906,8.687215,7.8143806,5.410736,5.5219145,6.195019,4.239899,3.2381377,59,male,train,db3a45d5f2353bb93ece520ec33c2cfe,283.92,,english,,,pitt
fppq,MCI,-273.98596,46.049774,32.87601,19.587164,6.7560253,7.3027697,0.3252862,3.3547802,-2.0754702,2.5603356,0.654125,0.8330471,-0.34540808,35.66173,20.303423,9.543538,9.645277,7.2075152,6.490152,5.867049,4.9415016,5.7243114,4.8911858,4.4916077,4.099612,3.6857154,74,male,train,d9968f048271e89601f6b1640812083c,132.24,asian,mandarin,,18,ye
fqdl,MCI,-155.49423,65.321785,4.898136,24.118156,-7.513604,5.207139,-6.1055565,-4.6889153,-10.411038,0.60191727,0.8009543,-2.7890158,1.3621318,32.507065,15.558495,15.723634,13.783471,9.597415,9.283834,7.466262,7.246284,6.5765634,5.952846,5.905622,4.5946603,3.9871879,67,female,train,bd815771f9900a0ea622223b3ca323a8,189.144,,english,,,vas
fqef,ADRD,-192.80583,64.47938,15.266249,-2.8606746,7.876669,-3.314024,1.730259,-0.8311979,-2.4941046,3.1734626,-1.9342605,1.1315999,-0.6716398,30.14475,18.49777,12.42859,15.8287945,10.308571,8.3969345,6.4164267,5.5774813,5.6984963,6.3446217,4.4444966,4.28969,3.6614776,87,male,train,2a3be2b9ec037b34a99dde4955f4b568,300.912,,spanish,,8,ivanova
fqin,CONTROL,-246.47644,41.767445,9.55248,13.708535,9.880928,3.8512123,3.1795971,5.333967,6.6989503,3.1331124,0.3901721,2.7448945,2.6672502,19.791908,16.657438,7.8657374,9.311568,7.276372,6.118194,5.9680424,6.0356207,5.4854336,4.6939864,4.2744684,3.8731518,3.469093,81,male,train,6e0bb492c1b56875cf09356d4c5da634,277.344,,english,,12,wls
fqni,CONTROL,-303.93378,35.424915,9.073303,9.166207,-9.13167,-2.2787502,-3.7591608,0.87064284,-1.0046993,1.59516,0.6130403,1.3699954,2.8809998,35.985416,29.261768,21.17246,18.361237,14.660634,11.219182,11.009554,7.8436317,7.971169,6.0465627,5.724675,5.2411065,5.0507584,55,female,train,fe96decba73c557a0fd12840493badc3,207.216,,english,,,pitt
frap,CONTROL,-161.55759,53.64733,14.523256,19.320324,6.3647137,-2.0488064,2.894812,-3.5591748,-3.6370366,-0.9540085,1.0032625,-3.2858682,2.024815,42.073376,25.71669,15.982637,15.274448,8.846968,7.571549,6.0208163,6.4098077,6.367429,5.9376373,4.203834,4.6175303,3.572632,77,female,train,f380a23cc75f6de0ddfdd2349dbb1402,295.824,,spanish,,8,ivanova
frbl,ADRD,-262.16656,76.487686,18.562412,6.583124,-1.0161773,-5.897263,-6.014793,0.19791389,2.2389286,2.3897684,-1.9150252,-2.150879,-1.8429991,32.430954,20.304976,14.715365,14.208518,10.599997,9.7551985,8.642982,6.9536247,6.9736776,5.5025854,5.2051754,4.4460635,4.1409016,57,female,train,d93e07a7302e22bf053e7cc60520adca,229.416,,english,,,pitt
frix,CONTROL,-165.82433,71.18867,8.546865,14.762567,-7.228113,1.736516,-5.889767,-5.493575,-7.2345643,-1.9875647,-2.5937107,0.22174416,-0.9873579,30.660849,14.502381,19.573725,10.597741,9.852517,9.993214,8.20105,7.4845924,6.7951536,5.017455,5.0414977,4.8514047,4.5723386,70,female,train,720e95ebda05519323136e94ea5789a2,185.664,,english,,,vas
frsq,MCI,-159.74254,66.22436,17.311811,3.3374019,0.11581205,-1.1533931,-1.5243286,-0.8047311,0.06514435,-0.09192666,0.5768399,0.55593103,-0.31041795,34.446278,23.274036,12.96936,13.996122,9.7053385,7.6740522,6.3489594,4.9907727,5.585847,5.4190636,4.2588906,3.6298199,3.422364,84,male,train,14511f395ed1670905ee01eba053290e,301.728,,spanish,,8,ivanova
frwu,MCI,-239.7351,50.768658,13.96717,6.4964867,0.9195374,6.0758967,-0.8983437,-2.2346487,-2.5148828,-2.3229377,-3.3938198,-1.3141998,-1.0093573,33.38577,31.194672,16.0503,13.03009,10.43261,8.253329,8.299805,6.011449,6.865649,4.8987303,4.239589,4.0414224,3.7613325,63,female,train,70612a865105622e678b7712c0f246ec,133.68,asian,mandarin,,12,ye
fsjs,CONTROL,-307.87897,66.80915,15.637871,7.253465,3.0413637,-0.027886909,-4.6330886,-2.413112,-0.044393886,-1.1459835,-0.9024656,1.144865,1.8824854,27.334702,28.358728,17.608934,20.273018,10.961488,10.446481,8.957183,6.215063,7.47329,5.708197,4.4679327,3.8348923,3.4978087,67,male,train,7ff0f73d14de5ae1d0ca6cf5aee254bc,247.248,,english,,,pitt
fslw,CONTROL,-265.47812,76.1585,17.552258,7.090707,2.431104,-0.98971593,-7.261382,-5.8947954,-1.4728682,-1.7575717,-1.6322144,-0.5429681,-2.564711,32.28173,30.357504,16.825245,15.57347,13.478414,9.765167,8.822746,6.8541656,6.6100287,5.559595,5.4999166,4.7882767,3.7356806,51,male,train,18a4d20e26f91eb99d72eade02ac7fa5,230.088,,english,,,pitt
ftgt,MCI,-239.85292,66.82518,12.109431,12.230143,5.208237,-0.047924083,-4.119802,-1.5937265,2.5935535,-0.5906993,3.1307275,2.4633188,1.2506468,32.74232,28.210176,14.713745,11.465845,7.5278263,7.974019,6.946762,5.7413306,6.1654596,4.8390813,4.017586,3.673738,3.4112875,74,female,train,682c23370dc26a5c6866bb73bf2bd541,249.84,,spanish,,6,ivanova
fujc,CONTROL,-279.8781,44.67083,8.823984,14.311281,5.5458508,-0.3654346,-1.6923275,3.8125517,3.5852625,-0.6867304,0.18273626,0.5627735,2.1383362,26.707962,17.863003,9.535932,11.203139,7.1286125,6.919306,6.9483323,5.939017,5.9491076,4.2172084,4.565514,4.347019,3.8258858,81,female,train,9a6afc4b428907778a4956e79e7a8b66,262.056,,english,,12,wls
furj,CONTROL,-310.7344,43.567936,21.909033,9.892713,3.559438,2.4237015,2.7149196,4.447223,3.9549289,1.9655569,0.36727208,0.32904166,0.5285872,27.350983,22.131874,9.026377,9.898214,7.3173656,7.1057577,7.0997396,6.072319,6.123658,5.4309716,4.3609548,4.050621,3.7783623,74,male,train,3aa386558c179c5ec4dc3d2e602c812c,260.784,,english,,18,wls
fuwt,ADRD,-186.8975,73.19275,-0.7690457,22.336973,-0.592616,-8.223736,-0.70874333,-9.563606,-1.8239392,-0.90038407,-3.7295747,-0.8342334,-2.0633535,25.554913,15.065738,16.648495,16.350313,10.406362,8.720906,8.806233,6.4350624,6.193287,6.0972204,4.027892,3.7882464,4.156433,75,male,train,9bd4cbd7d26bce861b664339849a9849,172.872,white,english,right,18,hopkins
fvlb,CONTROL,-169.32898,63.81809,6.177295,7.1193542,-5.681689,-6.6660843,-1.9852518,-6.451945,0.48532006,-0.6776545,-1.9164629,-3.0309584,-0.8048038,31.630169,19.749529,15.4650755,12.751173,8.880047,7.5531383,5.8725734,6.34216,6.1585636,4.83431,4.8776793,4.0030932,3.9504101,82,female,train,28a21d531a57363fa1e33ccdfa05588f,304.416,,spanish,,8,ivanova
fwhr,ADRD,-211.56714,51.62856,18.34097,17.642029,3.9216936,1.9780606,2.5575283,3.1770406,2.450802,0.95901114,-0.9611462,-0.47024384,-0.072244644,34.265656,20.709425,12.880378,11.651918,9.968833,7.732462,6.510936,5.6712837,5.954287,4.6317677,4.823961,4.9915204,4.1307435,80,male,train,5f298ecc28a6ac690de2f9c1249bf685,258.144,,english,,12,wls
fwif,ADRD,-351.67346,63.224373,2.3825302,1.2931622,-6.165877,-5.547665,-1.8883755,3.3567395,-1.5871634,-1.1876236,-0.9687573,-2.8080134,-2.2472868,30.412586,18.266562,19.325426,17.9678,12.783245,11.148716,9.31755,8.77895,8.532669,6.419954,6.6474695,5.537073,5.0509753,89,female,train,b3b566bcb1c5f2d338752d6a4d56e20e,144.0,,english,,,pitt
fwxp,ADRD,-229.36649,70.492325,15.529677,10.94679,11.495914,1.2035784,-3.51679,-3.7261367,-2.8786812,-2.1889179,-2.2250683,-0.9973593,-2.4650705,43.201687,13.77657,10.29755,10.114032,6.07321,5.89251,5.5571733,5.0211763,4.08338,6.088126,3.6954985,4.08318,3.3330655,78,male,train,e6c00e1ce4c3293bc3cfb09284de8129,272.64,,spanish,,14,ivanova
fxja,CONTROL,-124.26632,63.36813,5.456589,15.44523,0.35293305,-8.752527,-1.6565807,-3.8770027,-0.21721567,-0.22419631,0.685627,-1.043827,0.37831417,33.801067,17.448706,14.2307005,13.233193,8.009387,8.353015,6.1186786,5.91721,5.5328465,4.3824606,4.5004063,3.8857536,3.9150608,81,female,train,09fb332eea5e0fa4c4b0626ed8a3a3de,307.248,,spanish,,8,ivanova
fxwr,ADRD,-243.43187,84.19039,20.863443,8.438619,8.051052,4.1214504,0.2075049,-3.868988,0.34645963,4.714501,0.1573278,-0.814623,1.1476288,24.900679,13.945273,18.817884,14.358384,10.240241,8.573787,8.039332,6.8106194,5.522682,7.1842866,5.162984,4.047864,4.491467,69,female,train,c1457210c8b84a5c87e9286b9b37b7c4,126.36,african american,english,right,18,hopkins
fzco,CONTROL,-248.62054,58.897453,12.680132,9.9403305,2.0030086,-3.16979,0.8588913,4.1624594,-0.2665117,0.27207267,-0.7074341,0.31222934,1.2899227,37.1248,23.904356,13.738557,13.094051,8.853805,8.436081,7.6534224,5.671652,6.18499,4.3017025,4.293374,4.016627,3.7480357,81,female,train,712b2a86de0a11079e4d48b5eb407f29,269.28,,english,,12,wls
fzin,CONTROL,-232.65945,42.57655,21.585447,15.600726,9.469188,6.2580633,1.2586257,0.13136685,3.413754,-0.3441149,1.482891,1.5692792,0.41215366,29.539564,21.779537,9.067016,9.346621,7.993957,6.4772954,7.004884,7.221063,5.637599,5.7800655,4.665131,4.5810585,3.970766,80,male,train,9cea1389b794654227ce6f83cea8c382,284.832,,english,,12,wls
fzjr,ADRD,-266.06918,51.935585,17.966408,10.543197,5.844423,3.8382246,-0.32030314,-2.9392931,-2.4717078,-1.1187372,1.2609425,1.2828293,-0.9332416,24.246439,19.495228,10.113379,10.150723,9.272119,6.061232,5.98229,6.7407503,5.8665895,4.606968,5.010986,4.7663774,3.295512,80,female,train,ea18632217d112cae797ef728ef3af66,268.32,,english,,12,wls
fzuu,CONTROL,-274.89987,57.352444,14.951771,4.792241,6.6725187,3.175205,-3.6549048,-1.0553467,1.4947338,1.8150994,2.080811,0.8894954,0.98375535,26.978117,20.929317,10.785682,11.72503,7.8856864,6.493682,8.484535,6.823932,5.7210617,4.427917,4.1591654,3.63246,3.6080663,81,female,train,82725bcea641204e45b31c44412cd4a4,265.296,,english,,13,wls
fzzu,CONTROL,-179.70541,46.485844,9.057661,14.205183,8.357871,-1.0399493,0.4540769,2.5901303,-1.1647024,0.62366396,1.1815659,1.9414579,2.1051624,34.227074,19.394835,11.187776,11.773079,9.819289,7.6905456,5.6092377,5.6015244,5.51069,5.2260537,5.1361456,4.1382623,4.2092237,85,female,train,7d3f9ec5586e0c55da3aca314fa94f70,294.144,,english,,17,wls
gabp,ADRD,-233.80507,63.757175,8.428124,11.16568,4.510853,2.0199518,-2.8943002,0.8415568,1.0293783,-1.9684591,2.2530959,1.2065331,2.6122258,33.990776,23.151258,14.390147,12.720021,10.046219,7.077083,8.223832,6.4108334,6.0289245,5.386172,4.630811,4.6793222,3.9929287,78,male,train,51d14ca1437fce0e9c8b2da626ba25b9,264.216,,english,,14,wls
gafo,CONTROL,-248.12589,55.01828,5.931074,4.825825,5.2067027,3.7653458,2.0454402,-0.08843762,0.078644395,0.043606177,-0.21394898,0.7168642,0.8572456,43.777153,27.257074,15.568829,13.242895,9.846064,7.8035765,7.7165823,7.7951875,6.8870883,5.7943645,4.8611436,4.8549995,4.4575143,81,male,train,747d8d1835dfbb70351ebe3a0821d219,271.272,,english,,12,wls
gbnh,CONTROL,-233.49687,49.787376,7.2503567,8.574757,2.8662724,-0.38048774,-1.1269802,-2.9201164,0.4877741,2.4703183,0.99072844,0.27206197,-0.0518205,32.907116,21.46579,13.830836,13.353507,8.496478,8.327801,7.1533766,6.9213405,6.020327,4.8090296,4.408426,4.1755986,4.105011,81,male,train,b35d91f0fc7ebc8165562e5756c8ac9a,268.272,,english,,16,wls
gbrn,CONTROL,-288.25394,48.915012,17.010586,12.170599,8.956716,1.5794461,2.2864652,3.370941,1.4293244,2.117915,0.91669196,0.91244,1.8122933,27.042952,19.509598,10.921019,10.49864,7.218001,7.932977,7.8322105,5.890887,6.41905,5.1857038,4.8135595,4.578636,3.541565,80,female,train,8a79016cbfa4438fea2585eb8e08c5e4,261.624,,english,,12,wls
gdis,CONTROL,-265.62183,39.068676,10.626216,8.638336,-5.3731437,-5.8469586,-7.4217315,-5.3019524,-4.1791205,-0.29474953,-1.7791659,0.95653546,-0.600301,37.367233,40.7942,25.245827,19.103739,13.383329,11.224166,9.2319145,9.2468,8.569704,6.867486,6.198395,5.6621056,4.318521,62,female,train,d2a775367a9b62525efc0c9af00666a7,111.216,,english,,,pitt
gdtc,ADRD,-190.70073,58.777626,15.663021,11.400769,8.052705,5.318163,2.882653,-1.3178328,3.2951977,3.6024003,3.620493,2.6805797,3.8457065,39.81204,24.30118,10.23462,10.978851,8.894986,7.493531,6.092181,7.6979628,5.2628098,5.223486,4.6006064,4.0601377,3.5067801,78,male,train,26bfbf34a63e802c56aa4ab7aa3c2294,277.728,white,english,right,18,hopkins
geaw,CONTROL,-275.1003,49.86327,6.888647,4.402594,3.539487,3.1669478,-0.60706466,-2.8037305,-0.21901986,1.397404,0.12942314,0.42202634,0.5939049,33.338863,30.917734,15.405927,14.80904,9.055659,8.210705,7.506952,7.328223,7.11277,5.9252424,4.737115,4.144254,4.3428597,81,female,train,85da7f63f4b967ffb453c54dca27e1e2,264.6,,english,,16,wls
genv,CONTROL,-272.17633,54.504734,10.636646,8.456386,7.674506,4.213353,1.347618,2.520598,3.6142857,1.2815324,0.78691584,1.4172386,1.0887997,35.190063,22.915945,14.031988,12.930601,7.758454,8.22803,7.6301093,7.900513,6.855063,5.0059032,4.501226,3.9461987,4.1243305,78,male,train,354593edac5d6da4fe8af4d4c91f6e49,265.176,,english,,19,wls
geoe,CONTROL,-249.63736,71.58184,19.037786,8.359806,2.2932038,-0.42129657,0.31342873,-0.27184153,-2.7147217,-0.009098436,-0.87709653,-1.9300665,-1.7032855,31.568445,31.567167,12.346485,17.961992,13.042582,11.075181,7.5371103,7.200084,6.4620714,6.033737,5.6306157,4.624631,4.3754654,56,male,train,9eb11eac0894be4bb0ffb7572043cf25,207.432,,english,,,pitt
gfbg,MCI,-285.94614,61.206745,14.569002,10.5420065,6.4692397,-3.6945193,-4.623929,-0.79398507,-1.4385428,1.1090605,0.59659064,0.60738796,-0.67269135,25.833757,25.664503,13.01101,17.559177,12.148558,10.911978,8.913462,7.5919895,7.290863,6.7191963,4.6354523,4.405145,3.9483864,80,male,train,613c4bfcdaa9dc433f1e51388a3050ba,264.312,,english,,,pitt
gfxo,CONTROL,-232.41014,85.38455,6.821404,2.726785,5.008493,-4.9909496,-11.950524,-2.461064,-3.4878545,-1.6339304,0.23997995,0.02314032,0.15639876,35.225105,15.061828,17.790478,15.136838,12.254332,9.926446,9.474533,8.087579,8.429824,6.21153,6.3324203,5.0834618,5.0027366,71,female,train,dd85dc26fa7e1c557767660619951ff6,185.64,,english,,,pitt
ggcp,ADRD,-143.3994,33.515728,19.772888,11.89659,1.0720879,-3.118233,-8.213589,2.7862518,-1.191716,-1.6940333,-2.9014819,-0.90704244,-4.0384636,30.01182,23.603352,14.370526,14.587651,12.64083,8.686993,7.0613503,5.512383,5.066647,5.8075128,4.7166944,4.5907645,4.0776205,80,male,train,cc258bba589e36ceef8692bb074adab5,283.968,,spanish,,17,ivanova
ggcs,CONTROL,-143.65208,60.228493,9.120527,20.59147,-3.4240608,-4.228233,-4.531006,-5.306513,-2.8547187,1.167987,0.3357515,-0.79195654,2.3543608,37.473454,23.220398,17.643387,12.779742,7.98804,7.5915227,6.8688817,5.52272,6.4348397,4.954286,4.4659114,4.5465865,3.9587712,64,female,train,bde290db5092e9a39be60591ad379e79,283.704,,spanish,,17,ivanova
ggme,CONTROL,-268.78055,47.48182,17.79836,14.201488,9.862356,4.7237654,1.6376163,1.0350331,1.5438931,2.6625676,0.6763893,0.16865925,0.7088639,24.081144,28.329185,10.993501,10.737323,7.4930887,7.896438,7.135903,6.979516,5.768323,5.6208515,5.109747,4.441599,4.1699886,81,female,train,834ce6326b09059ffd36b404be31b1b1,269.112,,english,,18,wls
ggtq,CONTROL,-265.23602,47.392418,10.05293,10.11922,4.173046,-1.2151786,0.15843204,1.1132058,1.2096885,0.36242032,-0.7673634,-0.9467944,0.65606385,42.444775,21.63093,11.43071,12.921295,9.654758,8.166102,6.9707146,6.797737,6.5364685,6.425857,5.051638,4.432954,4.1916647,81,male,train,26cbfac70c7a3b514328d0505717cf96,262.008,,english,,14,wls
ghfo,ADRD,-268.64932,71.274994,19.556248,8.221433,6.392425,-0.025987376,-5.4316063,-2.6584334,0.63161206,0.7713396,-1.2711719,-0.4397646,0.78495485,31.211891,26.574104,14.307941,15.231419,10.862083,7.709758,8.4347,7.852083,6.363493,6.285476,4.9077907,4.2698665,4.089663,72,male,train,77f47339cfd6be45c58ab7b29499c862,236.952,,english,,,pitt
ghjh,ADRD,-166.15225,61.055183,7.609461,7.466465,6.718738,7.4365153,1.7078927,-3.7966592,4.9439588,3.7359738,1.1542801,0.9959519,2.7444718,33.83732,26.334833,13.766758,12.111545,9.575052,6.804165,7.8017755,8.528314,5.6641417,5.3814936,4.4315104,4.1639223,3.9932408,68,male,train,5e170239e3bdecb6c00564f71718d626,299.04,white,english,right,19,hopkins
ghle,CONTROL,-272.47394,75.818794,14.508222,8.361479,3.877756,2.8019676,0.24550095,0.43269128,-1.354807,-2.7675498,-4.356383,-4.474463,-0.94135594,37.026146,25.703537,20.427752,15.632751,11.01341,7.6706204,7.778068,7.048988,5.758184,4.880109,4.237858,4.586106,4.0432,55,male,train,563c059a185f692e56ef4ae6c04b5c7b,98.352,,english,,,pitt
ghqf,CONTROL,-244.78127,58.316067,17.17088,10.425945,5.208189,1.3169564,-1.6155199,1.0674186,1.1273965,1.7809422,1.372594,-0.51395273,-0.360461,29.71765,19.085897,11.919117,14.040246,10.140109,7.1078944,7.1265683,6.2400675,5.3475432,5.2356167,4.548578,4.417782,3.520762,72,male,train,ba330712b6eb922836d8c6512da82856,270.648,,english,,12,wls
giat,ADRD,-241.8327,56.38553,6.6703777,18.37035,-0.62030977,1.0908339,0.6139801,-7.9496293,-0.8678003,1.3442754,0.5448045,1.2657284,2.656192,32.656548,15.303276,12.322315,12.321066,14.752614,8.00599,9.936868,8.281501,5.5745196,5.926412,5.0671573,3.8171113,4.2578645,82,male,train,13be237447f39ed22d74a7db773b58b9,263.256,,english,,16,wls
giet,CONTROL,-189.75026,66.53957,5.7805405,8.227243,2.4965644,-4.626748,-4.3823853,-3.224854,-4.744667,-0.20882057,0.8430029,-1.3159541,0.7827576,26.96225,16.230663,13.278797,14.602328,9.612029,7.6524196,8.48838,5.7765317,7.082417,5.458144,4.8805585,4.070162,4.1621947,82,female,train,7dbe99868cd10acb92d43fd98b5e93b3,229.152,,english,,12,wls
gimv,CONTROL,-177.31258,57.260246,9.16439,13.0960655,2.5748558,-6.288055,-2.886688,-2.2074444,-2.3769011,-2.9760878,-1.5386709,-0.79127765,0.6335475,28.535664,23.710888,12.810809,14.503805,9.410814,9.976409,7.727863,6.4945126,5.7018147,5.192553,5.9086504,5.1604185,4.2343173,80,female,train,16df42974f64f96898bd9c6c8cbad33a,195.504,,english,,,lu
giuk,CONTROL,-314.7942,76.51546,9.232488,2.6684258,0.557489,0.040974323,-2.0613284,0.17775583,1.4394877,0.54227585,-0.5451128,-0.8317849,-3.1052394,30.662956,20.053911,16.083866,15.960367,11.187323,9.482116,7.9853964,7.2758603,7.3056316,6.20277,4.9419966,4.4803143,4.338955,65,female,train,454d85a81be8975c44ae6d5ca72ba7e2,220.968,,english,,,pitt
gjog,MCI,-202.45699,54.034336,8.106168,15.4730015,-1.885775,1.6560482,0.8229661,-3.7279856,-0.30073413,-2.6562617,-5.7726455,-1.2103391,2.1302617,32.07665,18.350283,13.943702,14.777833,8.713401,7.166579,5.766088,5.739716,7.9408293,4.276607,4.218087,4.144584,3.7623982,81,female,train,60482ffb46edbe7c7090d73d7c19bb0a,290.976,,spanish,,8,ivanova
gkaz,ADRD,-291.43488,48.792233,13.3155985,10.380121,8.817315,2.882126,-0.14355338,1.5914817,2.504286,1.0148096,-0.036007762,1.3957907,0.92088884,25.565958,17.053352,8.697533,7.155077,5.906877,5.576063,6.707565,6.8301716,5.3742504,4.863843,4.1405153,3.8992782,3.6046038,79,male,train,f95c3b0752089202d890dcb2a4277922,265.584,,english,,11,wls
gkds,CONTROL,-174.11092,71.06984,13.484843,10.474304,2.172218,-3.9270756,-0.2590495,-6.764687,-3.1849902,0.64277977,1.9418887,-2.399457,-2.011773,33.59297,21.548899,11.103068,12.01218,8.489307,6.588911,5.70186,5.0967054,4.673304,4.8777175,4.672452,3.587303,3.188951,73,male,train,fd7dec11db3e1aa13a9b7e2b3f55fe52,374.736,,spanish,,12,ivanova
gkkg,CONTROL,-327.31924,66.412704,14.236272,7.850285,5.4474607,0.13697107,-3.0376194,-1.5455092,-0.22723788,0.41043675,-0.42452627,-1.6091654,-1.2940012,29.064568,24.657053,14.653609,17.513409,12.048431,8.736459,9.418704,7.0862465,7.201306,6.095283,4.8588147,4.561261,4.3237967,58,male,train,637b9d26d31c34f066e4b8fb2325e1ac,218.952,,english,,,pitt
gkkl,CONTROL,-156.83018,61.165653,11.70508,13.717204,-3.3706324,-0.12814678,-4.7219505,-1.0794101,-1.5938191,1.6485757,-1.2496394,-0.9284304,1.9398296,43.161453,22.894993,14.9203005,15.023998,11.877993,7.96991,7.8142242,6.662837,6.3008394,5.2208576,4.8371925,4.723408,3.8549128,80,female,train,d25f412c6a92bf1b46a2d2fd5ae8232e,291.456,,english,,17,wls
gkoh,ADRD,-262.6473,63.344566,-15.897243,0.65674293,-7.8948727,-8.379927,-5.3783593,0.9540647,-0.08262059,-2.750731,0.7053208,-1.1890712,-0.591411,35.79626,15.890755,25.677488,19.374304,15.071335,11.595334,11.058007,7.96117,8.262402,6.480443,6.1195207,5.5553994,5.9488316,64,female,train,5b1b7d9f88cf7ce8b8f8599433c0efed,239.52,,english,,,pitt
gktf,ADRD,-287.32416,43.928284,10.108135,12.314518,-1.6680616,-0.6124109,-4.329821,2.9010837,-1.199757,0.6624885,1.2945276,-2.4650998,-0.42570066,33.16826,29.55753,19.234903,16.46208,12.490933,10.315145,9.942051,7.204928,7.280979,5.6760244,5.0684977,4.7788544,4.736249,62,female,train,faffdc39dc474c0222eb46049a9f98f3,271.32,,english,,,pitt
gkxn,MCI,-176.18806,54.07451,15.369843,11.1442175,2.714692,9.203133,-6.876729,-0.5116755,-7.249483,0.19316328,-3.4120982,0.9551811,-1.655044,45.516083,37.47454,16.873089,15.118668,13.537385,8.706718,9.667538,8.199307,7.759529,6.574435,6.855293,5.269938,4.6647916,62,male,train,38dc2922213cdc6cf3d38a0395f3438d,242.112,african american,english,right,bachelor,delaware
gkzq,ADRD,-156.08237,51.701347,16.88351,5.4275208,3.7878568,2.2406445,-5.601397,-4.9347153,-2.9924579,-6.0972695,0.78411126,0.22987828,-2.393544,29.378744,16.35817,9.601344,12.233606,9.620162,5.8897185,8.826662,5.5421114,5.120735,5.374092,4.920963,4.2126737,3.8297899,80,female,train,cedec94d8976a75bd3b938622acd97f3,285.36,,spanish,,8,ivanova
glvo,CONTROL,-242.53218,51.525803,10.167719,20.715488,10.833978,6.1277785,2.3142502,-0.5650588,-0.8879774,-1.1781662,-0.86572707,-1.4869745,-3.1140025,34.87916,24.828152,11.979098,13.426569,9.845099,7.468965,6.4692,6.922425,5.771174,5.4571548,4.9777093,4.7602673,4.124783,80,female,train,bb123556a074f1318c5301aa98d688ca,263.208,,english,,12,wls
gmep,CONTROL,-270.24307,60.728317,15.770446,9.753634,2.2129703,2.2340128,-1.8828014,-3.471054,-3.1244903,-2.9530165,0.43028924,2.2821677,0.30513525,27.040325,19.49678,10.009546,10.519201,9.598872,7.1177998,6.6036096,6.1623816,6.901651,4.649601,5.5049353,4.361897,4.126014,85,male,train,328ba5a4c57c80e9bd8a80ac377fa619,267.336,,english,,,wls
gmge,CONTROL,-195.24503,50.795197,13.899235,11.62355,3.6790369,0.1776968,-1.4044844,0.384182,0.020919815,-0.113686286,-1.4411347,0.47397766,1.2262506,36.501842,24.43963,14.468452,12.219019,9.174563,8.17354,7.227614,6.21125,6.0104856,4.909787,4.6000595,4.7329226,3.9134455,80,male,train,aab15a3ca799b1a1844b75176d862792,222.672,,english,,15,wls
gmsj,CONTROL,-197.51198,43.32098,10.970771,16.15255,9.0338545,1.0143749,-0.9145371,-0.9450256,0.13675624,-0.38378438,0.52519566,1.9148011,3.10314,32.172894,25.632835,13.34262,12.040794,10.162451,9.35275,6.479907,7.977101,7.5123725,6.5563335,5.200172,4.928918,4.3309298,77,female,train,ad6fd7b41e88bcab006d854149a82785,215.952,,english,,17,wls
gmst,CONTROL,-269.9586,69.793335,5.8022447,0.3312613,-4.0306973,-7.8364015,-6.484723,-1.8343786,-0.79300237,-1.2738696,-0.049084265,0.8023158,-1.02791,34.27179,36.20951,17.9474,20.74677,14.741759,12.153406,8.065142,9.402853,5.9694595,6.126879,5.8670635,5.068219,4.6848397,57,male,train,5ebcd0bb8f5edb69e002b16db726aafb,213.168,,english,,,pitt
gore,CONTROL,-232.89174,60.923397,11.449381,12.148854,3.5040717,-0.4312203,-0.14723851,1.7307571,0.8742543,1.6961792,2.4152942,-0.2865076,-0.9443082,36.44683,24.539658,14.314613,15.368457,10.511544,8.893845,9.118709,6.369687,6.1502056,4.7703843,4.704081,4.496938,4.4870706,81,male,train,2d02dce8655f671ce5ee68ec27f18bf6,158.64,,english,,16,wls
gozc,CONTROL,-284.30682,42.13001,17.754427,14.849139,9.643211,6.448038,3.8694537,3.4957252,1.7648044,2.8728366,3.3946252,3.0351074,2.524818,27.501904,18.803322,9.081988,8.452766,6.7732854,6.5807457,6.6902447,6.752385,6.5900173,4.880664,4.219032,3.8416324,3.6066217,76,male,train,75c6cbe6ce5ae02723d87ba89fff8342,227.016,,english,,20,wls
gpdj,CONTROL,-214.08858,58.247623,6.3229313,14.314711,6.613859,-1.3063596,-3.3292606,-1.5128667,0.10893504,2.2771075,0.9167396,1.7519699,0.020836657,28.58137,20.949797,11.3543,11.918178,11.33103,8.210739,7.122082,6.5051794,5.411977,5.6024075,4.811199,4.1180987,3.707516,82,male,train,929f54517d60fa003071cec02d33ce88,275.136,,english,,13,wls
gphj,CONTROL,-247.77309,50.822575,13.23027,12.46051,5.289461,1.9779942,-2.4558432,0.80154264,1.9856973,1.4622912,0.7467276,0.023511723,-0.008808708,35.34947,21.348928,12.595971,12.344099,10.539305,7.7824106,8.3916235,7.2121,6.0397315,5.511448,5.1612153,5.504642,4.3318405,82,male,train,e08a58ee76fc70a5901156884465b243,217.44,,english,,12,wls
gpjt,ADRD,-263.3844,58.487896,16.873234,13.1907625,7.330468,4.3582935,0.5176021,-1.7612549,1.6344413,1.3375412,-0.44165418,0.036314268,1.3120406,23.682938,23.480593,10.500696,10.963676,8.678079,7.3292065,7.5181313,6.756436,5.8626356,5.5515995,5.002172,3.8025753,3.6833005,72,male,train,9ca3db3b4dc634a0ba7972e2c9cae98e,261.288,,english,,12,wls
gplj,ADRD,-182.16025,60.698864,8.822959,22.294638,4.775471,-1.2726793,-0.8871574,0.5793601,-0.9943863,-1.9841269,-0.809686,-2.8615038,-1.2128699,35.340755,14.164599,11.867473,10.405221,8.652202,9.034157,6.8282,5.4434137,5.7680697,5.3101964,5.067009,4.5929112,4.227897,78,female,train,aae0307fe401b355513a8fd3d0199794,250.464,,english,,,lu
gpps,MCI,-146.99222,54.791245,4.1037745,9.138719,3.6782758,-5.9675393,-5.704497,-6.3367434,-6.052169,-3.6082623,-5.6756706,-3.590794,-2.3776615,33.051174,20.94633,17.26302,17.126896,8.7469425,8.156182,6.399608,6.1595206,5.8879886,5.708404,5.002399,5.157037,4.134936,87,female,train,928fe827ffc5b816d0f78b235e1667ca,287.28,,spanish,,12,ivanova
gqfg,CONTROL,-242.41565,65.94882,21.26056,8.617475,1.9878595,-1.5120697,-4.3269453,-5.0647273,-4.453762,-1.2024188,-0.046785247,-0.38352764,0.9527945,33.925953,40.72986,17.739069,17.731441,10.167788,10.22382,9.27252,6.441828,8.346515,5.590742,4.939309,5.333808,4.4519396,76,female,train,11f8ea3be5125076349fc77b57fa77e8,113.424,,english,,,pitt
gqio,MCI,-203.0063,73.97336,5.2150292,10.913712,-0.008295634,-6.0227427,-3.6602442,-6.7831845,-3.8197513,-0.982991,-1.2327048,-2.1109307,2.640101,33.940624,19.620163,12.987178,13.825435,7.678451,7.8653626,6.4734817,5.374759,6.4298425,4.9775925,4.861108,4.5680156,3.8772867,67,female,train,0f3b90c10e950e16288c5e97c8d5d65c,245.64,,spanish,,12,ivanova
grpn,ADRD,-293.1649,42.26903,15.249844,16.245895,11.5197315,3.8135328,0.38670406,4.991813,5.5011306,1.6844115,0.66411173,4.4534693,3.3642855,24.67568,20.186605,9.774603,8.661366,6.82502,6.7182927,5.9230037,6.5995297,5.2616196,4.469799,4.2022576,3.8264892,3.4926353,80,male,train,851b227b53e5d310a62916cfdd03ace8,261.192,,english,,12,wls
grxg,CONTROL,-229.44951,54.090683,9.519953,16.831572,1.723826,1.2835771,1.9343274,1.321619,2.1610847,0.6762678,0.20249966,-0.37893757,-1.7922854,29.739737,17.739672,9.494482,10.579705,10.794515,6.8934894,6.1397843,7.1204996,5.7823915,5.6215982,5.23926,4.532643,4.1941266,74,female,train,aa8b5cc1ee0b3fd40cea56a596c0d337,184.56,,english,,12,wls
gszd,CONTROL,-144.81902,58.01775,6.566968,12.9194,3.8503945,-6.604084,-4.0074105,-4.2447686,-0.9258557,-1.3748491,1.5196439,-0.9991868,-1.1192365,36.520367,23.064934,15.558587,16.805843,8.28122,8.032391,6.9649568,6.305427,5.671286,6.2018437,4.6483216,4.497413,4.3043385,59,female,train,ca0dd0b85b0e772f3d9693222912557e,279.696,,spanish,,17,ivanova
gtcz,CONTROL,-265.66074,53.354374,16.84642,14.386508,7.4658856,1.7350506,0.9232394,4.4860983,5.5826163,3.1905766,1.4462565,2.876446,2.927312,35.351875,21.656055,10.154248,8.9818945,7.137095,7.9311395,7.1356196,5.327263,4.8797245,4.6256146,4.1472087,3.6324127,3.2576823,81,male,train,2131349c9a2a2d8449cf34b4d4ec528d,263.616,,english,,20,wls
gtkk,ADRD,-160.30898,71.02669,4.4366736,14.96188,5.8606057,0.10987539,-5.422769,0.85597306,-0.3217538,-0.5490657,2.9926405,0.65878904,-1.3532883,34.965927,32.37417,15.211571,14.759606,10.320315,8.269366,7.0255723,6.3696747,4.836025,5.7457743,4.5893507,3.7814493,3.6813045,80,female,train,2cb89085be7cedbcaf40f11fe6986f83,239.808,,english,,14,wls
gttf,CONTROL,-295.77277,78.910034,21.218208,15.334701,8.23975,-0.78395915,-5.0307784,-1.3199837,-0.006038173,-2.8433328,-4.3227305,-3.7639549,-3.4211202,30.895115,17.943018,13.328784,14.011528,9.9824295,10.290371,8.709094,7.1968775,7.656441,6.663287,5.7631955,5.5337563,4.90782,71,female,train,dce8f539e3dc8aaf1103ae0f72f47958,185.256,,english,,,pitt
guab,CONTROL,-168.01521,61.32683,13.844507,13.780902,12.707645,1.9410483,1.9123379,-1.2560719,-4.549652,0.17396392,0.9860888,-2.7381783,-1.1735793,27.450542,18.023067,8.688448,11.971306,8.522936,7.043437,6.516234,5.4238286,6.3858695,5.6449533,4.4953623,4.084312,3.5629573,67,male,train,0def649030b36a6c471293c2e54c1205,303.216,,spanish,,12,ivanova
guhr,MCI,-239.92621,43.620827,20.600529,6.8642592,7.3826003,1.9901915,-0.96135527,1.5257398,-0.87272966,-1.9823792,-0.06303986,-2.8747487,-0.41441196,38.97685,27.111185,17.650839,13.05602,8.100328,7.15571,7.3251595,5.372029,5.7016244,5.3318677,6.3142796,4.997887,4.214774,75,female,train,29b9ca5e15108b820da92def7f9f10eb,179.136,asian,mandarin,,12,ye
gvte,CONTROL,-227.53438,44.689865,16.285616,14.191903,7.815642,2.0996587,-2.4041643,0.86167663,4.3934565,2.3308153,1.7048551,2.3387682,3.1403363,36.636074,21.151066,13.301841,10.71401,9.662164,7.7647076,8.287862,6.446019,6.1626396,4.888818,4.6305575,4.4676967,4.075183,76,male,train,5fadc7505e6dac26bc274272e073ea41,283.824,,english,,12,wls
gvwj,MCI,-166.93388,62.329575,3.636271,11.150745,-1.175021,0.67073536,-9.305676,-4.710023,3.0341246,-6.8480277,-2.9301713,1.6663245,-0.72378594,45.043682,28.044033,20.45272,14.548708,14.2755165,9.114949,11.314987,7.290216,6.5873938,6.170599,5.233628,5.215258,4.3960605,85,female,train,4fe1650cecad4faf3a5910266a59d8a0,244.368,white,english,right,bachelor,delaware
gwby,ADRD,-177.93756,47.141384,8.472905,11.106332,4.3951883,0.6795573,0.7269554,2.1438906,2.4132514,2.8029327,2.7784076,3.2054076,2.5499976,25.69509,15.8774805,10.903961,10.355761,7.3290734,7.8178387,6.9723506,6.19724,5.92075,5.8251777,4.778654,4.5834074,4.3852887,81,female,train,252c26dfdc0664c60e53462c79459dce,291.504,,english,,13,wls
gxhx,CONTROL,-293.7081,53.331936,8.703655,7.939054,-1.8731467,0.03518521,-7.174506,-1.855132,-1.9309235,0.33058396,2.1551902,-1.1516988,1.5751673,26.110977,24.064466,12.986973,14.340506,10.824562,8.624383,8.872701,6.920373,6.758408,6.3291664,5.073293,4.8856177,4.265133,68,female,train,4db566c248bca134a77b73006e8d2af8,248.616,,english,,,pitt
gxjc,CONTROL,-243.66162,68.66252,9.16102,6.06442,3.2124002,-1.1918159,-1.4958751,-3.603755,-3.5360913,0.15300359,-0.72041416,-0.95408314,1.9041847,38.0006,36.828842,21.07355,17.91996,11.316405,10.455548,9.708936,6.9938874,6.442256,4.924806,5.294348,4.879162,4.859413,65,female,train,979035e776087ad369e9843cb6d71e6a,140.592,,english,,,pitt
gxkt,CONTROL,-206.79013,48.649765,6.67664,12.748523,8.667885,2.412398,-1.4019105,-2.0918808,-0.7593111,1.0983417,0.17904416,1.2844305,1.7227784,30.538618,21.954243,10.834316,12.096682,8.095602,7.052512,7.4930277,6.05075,6.3665104,5.281537,4.921104,3.7595296,3.3656375,83,male,train,e3e8bad131abcbd52b46d93d18938fa2,284.112,,english,,19,wls
gxyh,MCI,-147.3207,60.567562,-0.5355711,26.306293,-11.695787,4.327506,-1.9579326,0.16854687,-10.779194,-0.6208427,1.3358762,-3.4733021,1.6547335,32.227505,24.21952,12.84178,15.491244,11.26567,11.061645,10.514695,7.4544425,6.305038,6.1503663,5.9150763,5.0627313,5.02723,79,male,train,b6cb0eb67f835a2913eca4c5a1352ae9,185.736,,english,,,vas
gybc,MCI,-210.52202,66.24396,11.63217,11.281192,2.9196084,0.2793054,-1.9360735,1.0397276,0.6645034,0.76503444,-2.241497,-1.1005626,0.33857483,35.17097,29.548546,15.812984,14.33059,9.179107,8.169765,7.8594465,6.896145,7.129542,5.014631,4.96062,4.275833,4.4138904,71,female,train,7999af46bc52aaa6a02f8e4278de8044,225.624,,english,,,pitt
gycc,CONTROL,-266.08847,51.690666,14.375012,3.734922,0.02023613,1.2068405,-1.4649425,0.8018368,0.13923569,-0.62883633,-3.370846,-1.8835049,-1.5121827,30.655287,30.177437,14.363543,13.582356,10.626501,10.1112995,8.13347,7.0424976,6.1943655,5.3444986,4.8970723,4.099209,3.7539868,61,female,train,552b2e35fa84c9250daa6c00b8db37c9,251.568,,english,,,pitt
gygo,ADRD,-197.48227,61.17237,6.8929057,7.066638,-3.8221636,-2.8585782,-4.33768,-3.0752387,-0.5951257,0.77580285,-0.94274086,0.5085423,0.9268187,45.822716,32.1155,22.454727,11.713832,10.426497,10.31619,8.382272,7.788949,7.462682,5.7205267,4.7921214,4.224646,4.33419,86,female,train,3eb1ce14387f6ec997149c507c474adf,263.208,,english,,,pitt
gylx,CONTROL,-307.70895,75.04497,-0.9436577,1.0323023,-9.548193,-5.4040413,-0.96892655,-6.4041724,-6.08773,-0.33036637,-1.8913867,0.96093625,2.7547867,25.25452,17.50868,16.310087,21.797466,13.011817,12.892946,9.206056,8.967239,7.8711557,7.059503,5.9797997,5.4275913,5.3452315,66,female,train,06550d1642a6c0e01680f55e1201b4a7,174.288,,english,,,pitt
gyvr,ADRD,-268.49176,58.15321,14.05632,9.684874,6.4651623,3.144732,-1.1979512,-1.4855286,0.35777915,1.598367,1.2342117,0.9041286,0.8826381,37.938572,24.327248,13.1294775,12.627446,9.288888,7.509155,7.694042,7.2814336,6.586348,5.141712,4.333347,3.9131346,4.042506,80,female,train,ab3511ee013faf867c850c64fbe9b309,118.56,,english,,16,wls
gyyc,CONTROL,-306.61414,48.469524,17.50664,10.062964,-3.1461248,3.2065063,-1.9406269,1.8264889,-1.2904629,-0.17084394,-1.372161,-0.92349386,0.22794797,30.371243,29.772842,14.925892,15.344061,11.614863,9.955637,7.9071956,8.055863,6.3172603,6.1822004,5.0685906,5.0255666,4.296183,58,female,train,d25ad7fab2267596c27975f8f56c0c4b,266.904,,english,,,pitt
gyys,ADRD,-273.6112,64.93816,20.164066,8.697348,-0.3527803,-4.471828,-1.2352172,0.47039303,0.09861481,1.453634,-1.0895326,0.41512397,2.2818716,32.33623,21.774132,13.706754,15.236999,11.812082,10.002191,7.8399696,6.5588636,6.7291417,5.414641,5.133166,4.445539,4.397607,85,female,train,2b04f790405b3aa88946302a5f47ff35,277.656,,english,,,pitt
gzoz,ADRD,-244.78848,62.588104,2.7533772,5.4923854,-9.50166,-4.8695865,-4.471239,-2.2647896,-3.0603218,-3.6919634,-3.4014854,-3.8710022,-2.2465837,31.934092,26.965094,22.600441,20.17556,13.985164,10.7183485,9.48165,8.367114,7.6449223,6.4435573,6.155442,6.4308267,5.59606,75,female,train,b67798d8c8c98050ee8a86e9506e2886,160.728,,english,,,pitt
gzre,CONTROL,-255.34894,32.70565,17.309486,7.9345694,-4.7378306,0.09451665,-7.250276,-2.8378227,-1.8002363,-0.1529286,-0.9807732,-0.49844792,-1.5357149,32.09904,44.92776,15.234933,19.322966,12.908202,11.39794,10.745298,8.569963,7.1804175,7.3449373,6.698277,5.7295737,4.7561,67,male,train,603e1a1da48a414f14894d1fb02266e2,229.32,,english,,,pitt
gzxn,CONTROL,-77.025,52.221405,3.7246106,11.078889,2.1322358,1.4804956,-3.8881412,-0.027462756,-2.8266146,-0.74194163,-0.24177554,0.95804965,0.14655253,48.372574,22.484447,10.945684,8.70658,7.321687,7.3431473,5.400412,6.123648,4.6270924,4.3972216,3.69127,3.4272025,3.1308959,81,female,train,0061ceedfec9c89873aa8f84a4036f6f,212.832,,english,,12,wls
gzys,CONTROL,-194.70145,67.90161,20.612576,15.374528,5.049681,2.2853904,-0.4097905,-0.9039497,0.63206977,1.8334675,1.6789526,1.980455,1.5767386,28.790575,19.584162,8.442061,9.946789,7.814659,7.9169254,7.809949,6.2944202,5.0991755,5.120105,4.6966357,4.1012354,3.7245755,82,female,train,061686125b9e3f3835ed94f56a80ec86,287.232,,english,,14,wls
haon,ADRD,-247.97923,61.110336,12.92101,5.575757,-2.9389827,6.767806,-3.7407517,2.7908094,1.5500531,-3.7840343,-3.9148319,-3.0809615,1.154062,41.763924,28.553427,18.565323,16.783747,13.022758,10.639894,9.768533,7.3241725,7.365398,6.1977606,5.2295914,4.5637474,5.1276946,76,female,train,b8b8c4c753d2b247b5536b2562f4ee6e,192.984,,english,,,pitt
hauo,CONTROL,-240.56738,65.579475,10.40475,8.155041,6.362821,-0.3945982,-4.2838554,-6.247552,-2.8951392,-0.8442084,-0.4545362,1.5776384,1.5717555,28.42059,18.44235,14.372728,12.577067,8.618898,6.812179,7.016175,5.985116,5.231128,4.7785954,4.3592477,3.7663038,3.6823573,80,female,train,7bc63a1a609f97ad600afea6ffbbf7f7,142.32,,english,,17,wls
hcqi,CONTROL,-268.61063,41.65383,10.195267,12.363673,9.59508,6.6353583,2.6605628,0.038494058,2.3022456,3.3907735,1.3289558,1.8939917,0.33601183,39.073868,20.4549,10.480892,10.4538,8.2590065,6.8993716,6.2960806,7.1420407,5.4750175,4.915545,4.389358,3.8589354,3.5250032,80,male,train,50b1584692f87467368644e4c55aa7ac,282.624,,english,,12,wls
hcwt,ADRD,-187.86293,42.289806,26.177778,6.6129994,5.7263656,3.1638281,-1.5519683,4.190229,-3.260329,-0.21075107,4.492686,-4.418546,0.80495536,31.746092,17.024385,11.910932,14.697185,11.34182,8.750264,6.6058064,6.226063,6.0018477,5.7733035,5.198369,4.4752054,4.177893,81,male,train,95d94210196ccd7550d440010244208b,309.312,,spanish,,12,ivanova
hdhj,CONTROL,-153.6512,61.941776,1.0055233,4.839561,-2.5507576,0.2858107,-0.8610503,-2.69089,-1.0091978,-0.3431677,-2.704852,-2.0437727,0.115411304,28.197445,20.665285,16.872,13.907007,8.030342,8.430993,6.453789,6.3087463,6.1038237,4.8697696,5.2080255,4.388743,3.5882964,61,female,train,168b875ffd533836cae21a745c8f3540,303.312,,spanish,,12,ivanova
hdmx,ADRD,-267.139,35.85779,16.023386,3.0021265,3.019471,-0.43340024,-5.969012,7.3550434,-1.2078402,-0.081296906,-0.6460231,-1.2560607,-0.31588855,30.807255,32.78631,17.28215,18.227911,10.896951,11.183077,9.33339,7.2502117,8.00955,6.350656,5.065437,4.8043394,3.9529943,75,female,train,29f1a92931f4eacfde57d6786fe701b4,276.912,,english,,,pitt
hdru,CONTROL,-250.58766,58.569485,12.975942,9.077172,2.0010004,1.3907114,-0.34765753,-3.8427405,-0.82753557,0.06768654,-0.78350556,-0.74389774,0.045487203,23.101402,19.46245,11.361125,12.15689,9.384155,7.5298967,6.315998,6.2190404,6.2759743,5.44495,4.7257695,3.8734593,3.714575,65,male,train,ef2ae3c9df328ed08162ba95939f6a37,270.72,,english,,12,wls
heac,ADRD,-196.15593,43.725468,6.3723702,15.395389,5.1789722,-0.33576584,-1.382935,2.3154998,1.6643808,-1.3322065,2.6010182,0.8012449,-0.7949826,29.76174,22.619287,11.1198225,13.061111,11.070289,9.553348,7.2237263,9.632801,6.345906,8.056581,6.5701942,4.2944465,4.9974484,72,female,train,35ba15bd00640389e107b08b533547c1,293.904,,english,,14,wls
heav,CONTROL,-133.00778,60.64796,13.445491,16.562813,-3.4997659,-4.0092025,-3.0451868,-1.6049743,-3.9264777,-0.051039368,-1.0034599,-3.134626,-0.5577055,36.560516,19.62596,14.273022,13.412886,9.017068,7.8041825,6.9143686,5.7432957,5.8104463,5.424745,4.9538984,4.7395205,3.9451365,82,female,train,6dfcf46ea14f20dca02620a066c05107,293.4,,spanish,,8,ivanova
hebu,CONTROL,-302.61136,34.590576,17.369053,10.439165,6.472958,6.8227177,2.6368327,2.070184,1.7198238,1.7536055,2.6050553,2.3277483,1.9603263,28.886597,18.415634,9.0346155,9.718047,7.590638,6.977124,6.471658,7.0179024,5.3356657,5.2058496,4.873484,4.488673,3.9043233,81,male,train,14fdf6f8f034351bc24e8ddbc042d628,271.872,,english,,12,wls
heuo,ADRD,-330.8412,55.689903,23.653648,8.508378,-1.6961061,-4.206853,-3.1307287,-1.5466629,-0.17570727,0.90187156,-0.39243796,-1.0523344,-0.79510736,24.000868,20.297634,16.679813,15.043241,10.962825,9.649803,7.036927,5.9418616,6.381371,5.220653,4.5110083,3.9178665,3.8535535,69,female,train,901edc8ac9d0484e83fd6b4cf2505339,261.672,,english,,,pitt
heut,CONTROL,-256.0301,45.81741,19.654167,12.602237,-4.204208,-2.7495332,-6.5134673,-2.7057977,-1.3502653,-1.1696936,0.19813015,-2.6293175,-2.34743,28.729729,45.86747,12.505064,16.175621,13.532226,11.408982,8.948663,7.5678663,6.594383,6.0289617,5.5960364,5.3769746,4.62105,54,male,train,fd07f675e65ba29b7f7e9e4328c694ee,191.112,,english,,,pitt
hevn,MCI,-193.57384,36.304802,3.5165818,8.847117,0.5234623,3.4815288,2.3773644,2.7569885,2.377295,1.0202096,-0.14460617,0.14760712,0.13464704,32.335777,23.076557,12.953414,10.33902,9.483576,7.3013325,6.4586496,5.7902737,5.500157,4.7971497,4.604037,4.36006,4.2466083,56,female,train,31d819a8cba1a5fc8a2b68a1a12d0f0f,147.624,asian,mandarin,,9,ye
hfdx,CONTROL,-203.22884,66.26896,15.136278,5.153975,2.5089052,3.2154162,-2.0179272,-2.4633613,-2.9452877,-1.2352533,-2.4590247,-1.5005927,-1.9407005,29.54471,22.242828,12.670152,15.444839,11.656528,7.869742,7.6456966,7.032884,6.5110326,6.1150737,4.915024,4.4104824,4.230115,69,male,train,11a01e6c255152a95e39b60147cd0df5,271.44,,english,,,pitt
hfzf,CONTROL,-271.9877,49.087406,16.935123,12.350636,6.5562572,3.1021183,-0.47337672,0.04547017,1.8368021,2.00863,0.40449625,1.6977144,2.1841772,38.428623,21.28826,15.025046,11.338312,9.27247,7.6067033,7.251371,7.54005,6.7730727,4.581491,4.662212,4.218829,3.529868,81,female,train,dfb14cb3cf7aa91e2ad7b1ebdaac13dd,270.504,,english,,13,wls
hgnb,ADRD,-194.55022,57.130787,15.60319,16.882898,2.9502344,1.3760664,-0.7962234,-1.0176537,2.262889,0.7851404,-1.0584068,-0.41838628,0.43813726,38.172794,23.61617,13.568437,12.264967,8.100563,7.253995,6.0285754,5.7574096,6.314051,4.7540283,4.289209,3.8782418,3.5773633,76,female,train,34f9249b343759e57f12f030b5ccece6,284.112,,spanish,,8,ivanova
hgpf,CONTROL,-235.41747,34.332054,21.636559,8.083944,2.821194,-0.51070535,-4.4565372,1.5649312,1.9869189,-2.009487,0.20011884,-0.19810644,-0.07142262,25.64536,23.904753,12.061908,12.71811,9.006284,8.474206,6.3452044,6.2911286,5.541621,4.942459,4.432279,4.2616982,3.8462007,81,female,train,34c7a3f05e86a49cdff52618b832c690,273.216,,english,,16,wls
hhyq,CONTROL,-214.4293,63.779484,6.882824,18.234295,-4.849889,2.337079,1.6274453,-2.1212025,1.7144778,0.7807994,0.22108106,-1.7865219,0.5592875,39.589096,20.161858,14.428909,14.389495,10.634841,8.282108,6.811094,6.3252373,6.773332,4.659856,5.53255,4.70205,4.1422224,67,female,train,6a68a73bedbcbbbee4397d319f9ee725,248.136,,spanish,,9,ivanova
hihw,CONTROL,-224.54958,56.82497,11.163121,9.20074,6.643208,-0.39759704,0.5660137,2.6464217,3.7867029,2.790935,1.0137001,2.1745455,1.5532988,26.9444,19.792273,9.798997,10.63677,7.5795255,7.6383204,6.5397286,5.6070995,5.5093474,4.8185487,4.1846967,3.9524956,3.7043033,81,female,train,e307b09309ccf07d67fec9b56e7f1266,209.328,,english,,12,wls
hiol,ADRD,-265.48727,65.067276,10.263474,8.698217,-2.2310534,-2.5343993,-3.556063,-1.0415984,-1.1284202,-0.12388122,-1.380358,0.49916053,0.48116648,34.789314,34.11906,18.90497,17.927683,11.429847,8.745115,10.848329,8.3345375,6.943274,6.172542,4.801549,4.512865,4.2456746,76,female,train,27383bdf44d617d3a3f3703350e177fc,148.272,,english,,,pitt
hjce,CONTROL,-151.55467,63.014328,6.988576,6.773518,0.017363507,-8.220865,6.1195707,-7.636694,-2.2368398,3.364316,-1.6556665,-2.744834,0.7279973,34.472927,20.02344,14.504809,14.983392,7.322767,8.313301,6.3859477,6.876899,5.52264,4.8906016,4.2701015,4.049715,3.742693,67,female,train,0b55993b3f80214dec19c7145bfaf0fb,305.904,,spanish,,12,ivanova
hjei,CONTROL,-166.44373,43.696785,12.854257,13.899718,2.1321938,0.4786079,0.82750565,2.012848,1.1369708,1.7322615,1.6224431,0.6453167,2.2530358,38.783997,21.038124,17.34145,12.049297,10.466675,9.932594,7.7353883,6.493723,6.941199,5.5162444,5.403612,5.7885494,4.852427,82,female,train,7d8d7d5a1edcd2cf016c8a07f9509279,223.632,,english,,13,wls
hjiq,CONTROL,-193.03416,45.62422,16.432762,16.384212,-0.08229191,-0.21032478,-4.4770217,-1.2795616,-0.069145024,0.653709,-2.0955846,0.28083903,1.1694136,34.92028,28.228384,15.2982025,12.503041,10.464019,7.340441,6.680619,6.4302974,6.0094023,4.766865,4.3996105,4.0830755,3.7961414,81,male,train,7c8d332c04295110a2498c9d21516501,213.456,,english,,16,wls
hkan,ADRD,-248.21355,56.554073,14.111906,12.487409,8.512772,4.7360578,1.6067439,0.5001854,1.6750951,2.8861804,1.6268483,2.4992347,2.9260569,30.71028,21.83747,11.559002,10.762717,6.6609325,7.1668954,6.751613,6.483357,6.02561,5.1251073,3.9451005,3.9572458,3.4161851,95,female,train,507f697a33484dda9524a495ab280e20,263.064,,english,,12,wls
hkcu,ADRD,-237.54335,47.402924,10.710183,15.679558,1.4256417,-2.2146883,-2.816865,-2.035677,-1.9541737,-1.3638942,2.3034637,1.0064504,1.5364058,31.8802,25.647097,14.173214,15.531693,10.009333,9.422428,8.507346,6.9441285,6.558546,6.4746585,5.915372,4.939635,4.448422,81,male,train,cdcd640a8187216667032ba135ff8d28,116.448,,english,,14,wls
hkmi,CONTROL,-247.73196,63.76212,14.953183,13.616842,5.877692,-2.3692908,-5.527986,-4.6029553,-0.021161407,0.006752802,-2.0342517,0.010651412,1.7813938,32.172577,19.699924,13.018418,12.437298,8.925761,8.488249,6.545887,6.0167546,6.864005,5.090749,4.4344983,3.8548427,3.6091301,81,female,train,9c56e6e6a4fcba341e3da91e1b58763f,265.728,,english,,12,wls
hlzr,CONTROL,-233.82268,49.456726,10.88052,9.060694,6.973736,3.8759394,4.7235723,-0.2079863,0.5377514,0.4239063,-0.71072525,0.25093502,1.4450635,39.35418,24.351349,13.542309,12.052365,8.766235,8.091759,7.7406616,6.5464926,5.791013,5.6499496,4.9036465,4.4487762,4.1696787,77,female,train,4fc10b7dec8591fce23085735352e9f7,281.736,,english,,12,wls
hmoy,ADRD,-239.74593,42.930122,9.612856,2.4878252,-0.015394242,-4.5103173,-13.425919,-2.7983656,-2.867882,-1.1835998,1.6564152,-1.3405972,2.0547454,29.548487,30.68293,15.913436,18.75162,13.689841,11.993761,11.973752,8.821087,8.495449,6.2797,5.667594,4.962671,4.8861766,72,female,train,53ee8025cf64e8ce9899cfaff932767e,280.224,,english,,,pitt
hmut,CONTROL,-300.10464,49.113243,20.349897,6.3858223,7.721914,2.0737212,0.003356034,4.518313,5.083146,3.9838758,1.8336546,2.2344973,2.0228732,22.83227,22.417442,10.309894,10.046392,6.577247,6.9372287,7.6835256,6.8354964,5.918772,4.8587565,4.0019746,3.7726774,3.7432652,81,female,train,6e13f9cbdb9e84e616a1805b97f76b21,265.272,,english,,15,wls
hmva,CONTROL,-273.82703,49.349155,9.987188,9.894728,7.282078,1.6102942,-1.1097704,-0.34494096,1.6597925,1.2745705,0.96977276,0.14291564,0.4016675,37.549664,18.203854,12.189322,12.454868,10.381201,8.929607,7.8151064,7.3061023,6.0484915,6.014617,5.691326,4.7985706,4.4910936,81,male,train,57b00d53195c4f9d8029c3f8fa05d9b6,214.992,,english,,12,wls
hnbq,ADRD,-183.09938,53.194206,6.1780047,13.760577,9.335875,1.9184916,-5.975545,-2.5727947,-0.46918842,2.197683,0.81349295,0.3292007,1.7299665,31.607231,18.080519,10.950144,12.362451,10.701005,6.073698,8.918429,5.757555,5.810728,5.9077744,5.106939,3.8964105,3.8125062,83,male,train,732c8ec9a89d1b3b8a77ce642463b1ed,227.664,,english,,12,wls
hneq,MCI,-396.9881,63.129967,14.183103,13.986311,-0.58675426,-0.58475244,-1.4086466,-4.1575503,2.477039,-0.90662074,-1.3454492,-0.1581418,-0.49180904,20.777319,12.022634,11.759672,11.327154,8.239059,7.2397337,5.870159,5.230196,6.1101356,5.0373096,4.467518,4.161919,3.690848,81,female,train,8423aee23451b846c319046be4474763,145.776,,spanish,,12,ivanova
hnxg,CONTROL,-270.2473,64.35308,17.69681,9.660107,4.4337244,0.25696847,-4.6405663,-1.3296362,1.1171316,-1.1598985,-1.0408958,1.4927398,0.99791366,27.969715,15.82943,11.579548,10.933174,7.8429317,6.700479,7.7869425,5.9297504,5.96007,4.766504,4.4539013,3.6904562,3.6114204,81,male,train,c97a88162a353c009ddd820a52d250be,204.552,,english,,13,wls
hoca,MCI,-327.9844,32.889828,12.263619,12.265642,2.9458356,-1.228924,0.9150641,-0.3102723,-2.6000648,1.6795522,-0.20011911,-2.0907552,-0.8674838,20.87766,19.800196,9.567811,13.966946,9.544558,8.9131975,8.748304,6.9305477,7.0955877,6.41323,5.255593,4.8071275,4.083316,71,male,train,76d6a3d3689d91c7be08e6baa6e51b43,277.248,,english,,,pitt
hotv,ADRD,-187.94984,52.04471,1.6195192,9.229109,-6.6663647,-3.3346257,-5.1864586,-1.5353518,-2.0510354,-0.756299,-0.07664249,-2.5813117,1.1201943,31.255726,24.502745,16.284958,14.882727,10.637164,9.049541,6.8393216,5.853615,5.943156,4.960025,4.5785155,4.14398,4.024052,66,female,train,97c0d760bd89d48f6c97de254b07572c,279.6,,english,,,depaul
hpbe,MCI,-245.41673,67.81666,4.633748,2.8693564,-4.7597113,-1.3472443,-7.9163837,0.62520945,-3.45935,-2.311341,-0.4340027,-0.9236048,0.88101095,32.63575,23.70536,16.582403,17.325062,10.891165,10.041113,9.141041,7.394237,5.9538555,6.2312274,5.1012697,5.2453156,4.0183396,77,female,train,9ce4a048c87c62898e2c3047f8c1780c,257.928,,english,,,pitt
hphq,CONTROL,-145.11472,58.588097,14.801605,17.376608,0.9976163,1.1256028,-1.6111984,-4.461227,1.760174,-0.51819587,-0.58697397,0.1255159,0.2900227,32.94791,20.88852,13.122797,13.993059,8.150617,7.13189,6.146559,5.0969906,6.7259016,4.4547668,4.023455,3.8770373,3.3960109,72,female,train,222f53e1e3a51910e9b37e1255f1d25d,312.864,,spanish,,6,ivanova
hpkr,CONTROL,-257.47617,46.764587,14.261784,12.903388,4.824544,4.1113553,-2.1135952,2.272709,0.18813045,1.5473554,3.1575034,2.0608249,3.1512237,36.02405,17.521261,14.461929,11.458039,8.852618,7.224238,7.8419237,6.316087,5.7270517,4.8892884,4.312922,3.8313508,3.357705,82,female,train,f03c7a5c51778042c45418bfd5451072,268.512,,english,,12,wls
hpme,CONTROL,-152.72057,59.237732,17.778328,18.536074,-1.757944,3.1846006,-5.836924,0.62423515,-3.6389933,2.5314472,-0.94023407,-0.15479158,0.80505943,34.08379,24.570236,12.741048,12.982857,11.954795,8.353302,7.850406,7.353561,6.4413295,6.1605735,5.090805,4.3650246,4.7478585,84,male,train,935c4e253f1c0aa174c4144408c631e3,217.104,,english,,,vas
hpzh,CONTROL,-241.61978,80.45001,8.632699,13.703903,-0.051751066,-3.5397277,-4.327817,0.048160832,-0.63144183,-0.31357938,0.5167232,-2.196517,2.6270142,34.293964,12.659341,15.887347,17.530546,9.9890175,9.939771,10.229152,6.717596,7.089922,5.0843606,5.504892,4.6761518,4.4024515,70,female,train,c038892082fdbb72beda94a6c20c5d37,237.48,,english,,,pitt
hqbo,CONTROL,-260.385,42.545635,6.285186,0.014241913,3.537446,0.7858974,-0.76735115,3.0259926,-1.0182368,-3.771345,-3.7179255,-2.6698875,-1.5117137,27.33328,16.480843,11.880688,9.91206,6.5965886,6.832775,6.160538,5.9399776,5.556948,5.228065,4.4377866,3.797718,3.5915813,71,female,train,13f61e2cdc9c9d0e9cf16807646da430,291.264,,english,,,pitt
hqhr,MCI,-215.30576,44.824936,5.588094,7.202219,3.5649998,4.838408,0.22323188,1.7461215,3.77952,0.6453913,1.1916298,2.2038662,-1.6224114,24.302473,14.274276,7.787712,10.040092,6.2928286,5.9043374,6.67529,6.67309,5.8635087,5.1004987,4.433352,4.272726,4.190349,57,female,train,5b364ebe2711ce82ebee4e2a65bbebeb,145.296,asian,mandarin,,9,ye
hqic,MCI,-190.28946,61.191463,20.933935,11.301189,13.437652,-1.3707759,-4.2215767,-2.5399454,-3.2649302,-2.489569,-1.6375676,-0.20687883,0.17055626,36.900803,31.115158,14.905227,11.984611,11.183796,8.017309,7.2191086,6.4560556,6.3884363,6.340117,4.6315694,3.879444,3.8416402,67,male,train,6cf3a0d316ed0b125b60fc9fbaa4b0a2,246.672,white,english,right,doctorate,delaware
hqnn,MCI,-165.89098,61.221424,-3.0578833,12.918798,-2.0845006,1.5756767,-6.3374705,-3.931038,-0.52521545,-1.2086811,-3.1856031,1.0261455,-0.40805858,49.728107,31.121737,22.292458,17.479288,15.144693,11.445014,9.865024,9.364713,8.140789,6.395723,5.540498,5.6833134,4.840421,74,female,train,18ccc752e39c1be68bc694444f0fe3ee,234.144,white,english,right,associates',delaware
hqsp,ADRD,-212.19606,68.64293,11.321709,16.156471,-1.5143323,-2.4158204,-2.4044836,-5.5722256,-3.7615411,1.7441971,-0.0932377,-0.7892794,1.3367035,40.301495,24.586964,14.010954,16.794336,10.300466,7.4557133,7.871524,6.779087,6.0513043,7.1464624,5.1574774,4.5888705,3.8561647,65,male,train,de0d5dd6b1bcaada604b5bda1932afeb,222.192,,english,,,pitt
hqup,ADRD,-291.96158,56.413597,9.035093,8.726687,2.39949,-5.9000006,-4.6954403,-1.8406417,-1.4732125,0.3076872,0.17750536,1.6095587,0.51185256,31.855888,36.546463,21.800486,16.032253,9.649585,10.183396,8.743832,7.8320203,7.568202,5.928848,5.0662675,5.414825,3.7575932,68,female,train,e2a4f4c3f71a0395eda898b0b24dfc2f,258.264,,english,,,pitt
hrbq,CONTROL,-252.46431,46.848507,9.524501,13.074152,4.949044,1.1918793,1.4882758,-0.6041793,2.4544194,4.206829,2.2783086,1.928307,2.9640536,22.663124,14.798196,9.081532,8.802825,7.1145034,7.825131,7.9262166,5.489671,5.6361027,5.187741,4.8826327,4.31184,3.8194227,77,female,train,a3fbf9fc18c21ff286f4f88244451eda,263.544,,english,,17,wls
hrei,CONTROL,-184.03154,45.93057,11.739698,9.8137245,4.727131,2.7981539,0.16472693,0.77015144,2.147357,0.6470095,-0.43958998,1.4483231,2.5102134,38.521385,16.867855,14.395182,11.412952,7.232856,7.7340417,6.577365,6.3667974,5.4549665,5.274751,4.876022,4.3515897,4.1130795,76,female,train,48e812a3bcea7583821551472c5712f8,291.936,,english,,18,wls
hrii,CONTROL,-292.6737,53.700233,17.22441,7.6446595,6.5435324,3.835665,1.7311896,1.947174,1.2379433,0.6608446,0.1651087,1.7696667,0.6811354,26.345522,22.245298,11.979382,10.552442,6.9892135,6.8624315,7.3085833,7.3417225,6.23093,4.9565487,4.654474,4.243254,4.0132103,77,female,train,870fc422798b12142b77fb24ef44cbf6,266.28,,english,,,wls
hriv,CONTROL,-258.27725,50.621662,11.916609,12.348381,6.015539,1.130105,-0.7570786,1.983076,2.1246624,-0.34758013,0.939903,2.3885863,1.1835065,33.428497,18.52742,9.720913,10.236322,9.729465,7.2876577,7.251144,7.3330264,6.332849,5.2651196,4.240633,4.854716,4.391178,82,female,train,7133c9133eef86b7a0c12fa2a8bee90d,268.848,,english,,13,wls
htaw,ADRD,-191.02565,53.93722,14.374522,16.387627,11.615005,4.5563254,2.7941642,2.5140944,1.4674784,2.5157669,1.0429124,-0.24960451,-0.63077235,26.499374,20.515095,10.670023,11.739001,7.676703,6.972534,5.975993,4.82438,4.8916054,5.244144,3.8696368,3.4458015,3.5233686,69,male,train,b5dad744920bbde8a69ea3f3d07e2f06,272.088,,spanish,,12,ivanova
htch,ADRD,-183.92776,69.74554,14.678741,7.2930923,7.218687,1.6219862,-2.0890007,-3.3947887,-2.9138708,1.497832,3.0037603,0.9387885,-1.2763875,29.94535,24.79695,9.42412,11.387199,7.3899093,6.4077344,7.3113174,5.5765843,5.239188,5.5582395,4.973596,3.5377314,3.6451297,78,male,train,b837fbe592ac70afa81616738f6b77b4,260.112,,english,,,lu
hubc,ADRD,-229.82213,83.937386,11.2611885,3.506276,0.5528185,-5.895461,-6.5593286,-2.487004,-1.8924514,-0.8404858,-0.36795127,-2.4198656,0.2848069,32.352333,14.6192255,13.871393,17.600895,13.417223,8.784008,8.757558,6.8361583,6.6701703,5.577357,5.8181767,4.4291167,4.008521,66,male,train,056e13d63afe1d061e322ed0b26f3eb1,222.12,,english,,,pitt
huhl,CONTROL,-347.42224,63.529778,13.707293,5.2281137,1.0900229,-4.113123,1.5278395,1.1425265,-2.0717077,1.8101901,0.17295733,-0.8469078,0.12873147,31.84188,21.5362,18.709972,18.187107,10.461841,12.432115,7.885184,7.335749,6.295908,5.0116496,4.8223524,4.5919075,3.7965453,68,female,train,127ba7eeac8c44d36840b1cfae9535f4,130.56,,english,,,pitt
hujn,CONTROL,-184.58145,67.85167,5.473813,6.4991975,3.537199,-2.2634401,-1.4678745,-4.21094,0.1938491,2.8481536,-0.9178038,-2.6159363,-0.081508115,31.398392,15.58237,17.198524,15.918414,8.595547,8.476483,6.195778,6.294204,5.593339,4.9044123,4.4765735,4.2335105,3.8620765,84,female,train,ef4fa7793a7930a41ecae118aa968fc1,323.664,,spanish,,3,ivanova
hwdj,MCI,-331.306,59.300774,16.510324,19.093994,-0.7045078,2.6343398,8.188886,-1.3764348,1.3741858,1.8620669,-1.5502276,2.2055836,-0.04757959,45.85327,23.028086,13.734185,13.060491,10.148966,8.43736,6.2137856,7.6531773,5.9013567,5.133073,5.184148,4.374457,4.0169406,67,female,train,633ac53d996b22110a46f7b17a570709,182.232,,spanish,,12,ivanova
hwee,CONTROL,-199.79758,58.562977,13.12681,14.008265,2.980103,2.0017712,-4.8819623,-6.9767656,-3.3728685,0.2938337,-2.555785,-0.5371925,-1.0405326,36.01228,17.149193,13.402385,13.549447,8.876904,8.234728,7.0625687,6.7501225,6.2131076,5.387108,5.1102824,4.0540557,3.8583739,84,female,train,c3ebd79f6a4697793f08431e90babc43,285.216,,spanish,,8,ivanova
hwpi,CONTROL,-193.21172,57.322674,12.94983,9.913515,4.7839065,3.3509622,-0.30069163,-1.3805424,0.83514714,1.1593524,-1.046509,-1.7418042,-1.2786093,26.340614,20.158607,10.552299,11.207503,7.5366096,7.3210316,5.8441486,5.643305,5.619848,5.197083,4.242399,3.641711,3.5999131,78,female,train,677855ccc4e61f65c6bd26573afe07b2,284.208,,spanish,,6,ivanova
hwqk,ADRD,-149.77519,52.388496,1.1608793,10.814942,-1.5628725,-2.205613,-1.1324297,-4.4688506,-1.0424587,-1.2288704,-0.75808394,-0.85027426,-0.5508535,28.66482,17.251642,10.718509,12.485258,7.3309374,7.178966,6.9559774,7.5984397,6.2307463,5.4222527,5.24471,4.4921613,4.1400814,83,male,train,13480559513a0c7752b07387edc92f42,184.272,,english,,,lu
hwuy,CONTROL,-210.69745,59.26198,17.030191,11.55593,5.6894755,-3.4749496,2.8071148,-2.9053674,-0.22634646,2.5889487,-0.9302242,-0.69712967,0.05067858,29.127745,23.643797,13.185384,13.303608,6.95506,8.658653,6.1992426,5.6930237,5.4849563,4.797482,4.5657177,3.886948,3.4394534,78,female,train,86566f701798451ec7157b14b545a301,301.248,,spanish,,8,ivanova
hxya,ADRD,-221.56473,60.162712,9.32682,11.513466,1.1652746,-1.3692465,-0.39579085,-4.300205,-3.815877,-0.16698179,3.4172866,0.74562335,-0.4388275,22.068308,12.672418,12.452973,13.355875,9.900454,8.309943,6.6180086,7.068527,5.429815,5.835405,5.2582526,3.8491871,3.95988,81,male,train,505fbf99ff802c67d04ce745e781a865,270.672,,english,,14,wls
hycz,ADRD,-198.60585,83.29544,6.7855506,9.546406,4.1406827,-3.3446267,-5.9132113,-6.5216303,-3.1990156,1.3915619,0.33752263,-0.49426642,0.80007726,42.788696,16.756493,16.310642,15.020447,11.879659,9.548655,10.590523,8.914233,7.2124953,7.5473022,7.3694167,5.3591223,4.2678456,58,male,train,a2c29781ba78ce167295a7e048168649,108.96,,english,,,pitt
hyum,ADRD,-235.73698,43.138615,8.525873,9.549252,-2.1009028,-6.97555,-7.1046343,-0.060428888,-0.56005615,0.69449764,-1.7238463,-2.6875656,-0.76973164,34.293102,33.67422,19.321968,15.757672,10.737785,13.105009,9.587717,7.993924,8.440943,5.8112607,5.753296,4.9453073,5.026208,80,female,train,fc9ca043251b17d6273b7de807c40ac0,277.632,,english,,,pitt
hzlb,CONTROL,-156.86694,46.864918,8.708802,16.469604,4.4960375,-2.234474,1.2249631,-3.4037137,-4.712327,-5.2420673,-3.2422576,-0.9081428,1.8518862,47.289894,31.972635,17.475647,15.734168,11.774399,9.495012,10.1907625,9.083335,7.6047273,6.252797,6.0507894,4.5566716,4.766276,62,female,train,e71694327873f8c3df16e5a4bfa59513,248.736,white,english,right,bachelor,delaware
iawr,ADRD,-237.72488,51.978508,14.341761,13.76409,6.1705723,2.4123962,1.3849127,2.310266,3.7012537,3.5469298,3.148165,4.518285,3.3065798,27.07097,16.930088,8.644573,11.528999,8.710777,9.027468,8.869642,6.782809,5.7826076,6.0002685,4.4841423,3.9720862,3.6710267,82,female,train,8b929266c4a4eb0d61d39d30844e556d,136.92,,english,,12,wls
ibqy,ADRD,-290.36484,53.610546,3.8480322,6.5533557,-5.3476405,-2.2804825,-5.8482437,-3.7759073,-2.3324351,-1.283595,-1.711224,-1.9565518,-2.0954087,36.22045,21.52167,23.910362,15.687187,13.44394,12.414461,8.349129,10.304244,8.173722,7.7238116,6.9468513,5.172854,5.225737,71,male,train,ae359ca07e0418403813dcb97f30457b,230.832,,english,,,pitt
icqk,ADRD,-265.182,45.71702,5.4091725,12.107682,7.4755974,4.726513,2.1478665,1.7812028,3.1301813,3.2486932,1.6055807,1.4145142,2.8035078,33.227203,19.944098,9.97129,10.755545,8.679776,6.3622975,6.8058624,7.3267508,5.8690543,5.0966125,4.508734,4.1095233,3.630477,80,male,train,790124f1d01042a5e1156666c4635883,263.64,,english,,16,wls
idgh,ADRD,-216.15364,34.23159,9.738094,4.085244,-4.2589827,-0.21057144,-4.6888924,-1.0557381,-2.739978,0.7507061,-0.9227461,1.5303595,0.33716697,17.72103,17.31561,11.703904,9.124122,6.939943,6.3410745,6.125414,5.1878686,5.2261906,4.590789,4.0704412,3.945106,4.086649,72,female,train,7efa2bccb4c62a41fe257570eb0e5a83,297.168,,english,,,pitt
idqb,CONTROL,-158.17183,62.17213,9.225686,14.090086,0.0051655783,-2.3929982,-2.1148827,0.68351734,3.5779548,0.5975235,-0.17631376,1.3640431,0.07725784,32.143906,20.10914,13.487128,12.259916,9.818127,8.010206,6.8772774,6.5857954,6.34225,4.788475,4.4062366,4.281234,3.905622,81,male,train,e9254a090b4b11adc8ea2f0fb16f84dd,294.144,,english,,12,wls
idrl,MCI,-151.78777,64.50408,12.863831,9.140063,4.8271527,1.6445508,-1.5891453,1.1523577,2.2376468,-0.4825527,0.51897174,1.8158618,-0.41717607,31.58928,21.712208,13.667074,13.674204,8.539649,8.309941,7.982647,5.7945714,5.77995,5.1561255,4.2326856,4.1316557,3.714066,71,female,train,57fab361d926a021d33d3ae3ac7ff8d1,299.616,,english,right,12,baycrest
iefo,CONTROL,-145.39873,63.907555,-6.499465,25.432493,-6.0778747,4.717679,-4.508193,-2.0596945,-8.815181,-5.481178,0.0349753,-2.9416358,0.13940817,30.998522,15.742201,12.619668,14.488784,11.70485,8.17041,7.448571,6.763129,6.398986,5.940759,5.7865825,5.0927277,5.2685013,66,male,train,ff23b62f7ac5c18d3577be868ae4762d,185.328,,english,,,vas
ieie,CONTROL,-211.4847,54.197735,11.055294,14.700936,6.091742,-0.7344159,-2.7875009,-3.1519575,-0.68012005,0.99512744,1.7956262,0.2262262,1.4279884,28.134846,23.084187,11.564621,11.515996,8.791928,7.2136364,6.834085,6.99448,5.8347917,5.727185,4.972448,4.2208276,3.8082938,81,male,train,bdd7ccdc886ddd6df49f57b45045f1ab,201.816,,english,,14,wls
iejc,CONTROL,-278.5017,48.797615,23.355001,14.929356,8.76503,5.95284,4.694911,5.515417,4.324563,2.8459232,1.9644717,1.9147055,1.980119,21.988384,14.79736,7.4315925,8.284614,6.807885,5.3102813,4.6438427,4.644585,4.4044194,4.104857,4.304743,4.4835415,3.8845813,81,male,train,752d42b0e3511c43ba2f3af31395e9a3,165.552,,english,,12,wls
ierj,CONTROL,-297.03726,42.982178,15.441366,12.343182,7.3644166,1.6469208,0.18349828,2.1071868,2.239608,-0.2787618,-0.47644937,1.32876,2.0267868,29.885378,20.726547,11.315282,11.007018,7.775778,6.8384724,7.7442064,7.332444,6.632034,6.193341,4.798041,3.9480069,4.1293173,73,female,train,d415d07fe9b548c52a4ec18864ce741e,259.824,,english,,11,wls
ifnn,MCI,-260.34866,49.50225,22.484516,9.973083,6.5608263,-0.036479462,-0.083862804,-1.7387906,-0.6244801,0.95329547,0.15819797,1.0216542,0.2660972,36.01848,23.093647,15.348286,14.645254,8.001186,8.456171,5.7318244,7.4311433,5.7270985,4.678,5.0016747,3.9613662,4.300534,72,female,train,479b402bac8d37b6ca265caf86fdb561,285.672,,spanish,,8,ivanova
ifzt,MCI,-164.78346,59.33833,18.314518,10.878551,5.268125,-0.6727722,-3.659901,-5.02968,1.5838228,1.5023698,-2.996882,-3.1819801,-1.2918904,29.909689,24.630106,12.580399,11.4518,7.946251,8.482369,6.703614,5.636356,6.9239845,5.198194,4.296187,3.6509292,3.6954966,81,female,train,3bb9213de7d54d1ab31bfba12828a777,261.408,,spanish,,12,ivanova
igvb,CONTROL,-234.11427,70.54522,13.199617,8.358636,-2.9872148,2.631906,-10.847556,-3.4267702,0.1896488,-2.7089984,2.239825,0.5651922,-2.4340951,36.816643,27.941406,14.648412,14.745986,11.49617,10.032086,9.737886,7.5167165,7.4023347,6.3180265,5.332026,5.0572977,4.967425,73,male,train,d5c92b7dad3184161c043c281fb54267,259.296,,english,,,pitt
ihrz,ADRD,-247.04855,83.82425,17.704468,11.472976,5.0361514,1.7457215,-1.9541203,-2.0157712,-1.8324616,-1.1040983,-0.3108349,-0.19069088,0.5899381,33.551952,22.064777,14.840313,15.763582,10.805719,9.194918,8.861951,6.2429824,5.521359,4.7730374,4.793422,3.9239764,4.1479535,80,female,train,60d71943877a254a19edd488b652bd42,182.904,,english,,,pitt
iian,ADRD,-174.26541,62.334484,8.090097,16.608217,2.9350939,-0.051079646,-0.38972342,-2.077533,-1.484115,-0.60648763,0.26421323,0.12881915,-0.33897546,30.529352,17.70246,9.810666,11.221767,9.140288,6.622521,5.9502916,5.8628383,5.3484225,5.439596,4.817498,4.5206594,4.300986,80,male,train,ba242759ff4652bd34d0900c42e53029,258.024,,english,,,lu
ijjc,ADRD,-204.6108,49.38332,12.502479,14.610024,7.754636,4.1957335,-0.32815027,1.5557094,1.8157912,0.15629904,2.6210623,0.9969457,1.9760108,34.13353,26.081758,13.195112,14.426818,9.21974,8.596169,7.811721,6.4269185,7.034172,5.1537848,4.9968805,5.0289626,4.0953326,81,female,train,a727d7e75d8a93a45d4ddf63a0477958,289.44,,english,,12,wls
ijoi,CONTROL,-339.07303,32.877563,10.915187,5.827165,0.90666753,-0.5719757,2.2201185,1.8127371,-3.2650244,-2.3240082,0.34811333,-1.4149321,-1.7978112,22.641981,14.838244,10.784094,13.753187,8.469598,8.404504,6.918132,5.771279,6.080527,4.852284,4.8783884,4.4477854,4.246993,72,female,train,8c32bf03452d81ea5901991d766d0cf0,282.192,,english,,,pitt
ikbj,MCI,-158.02315,61.973644,6.5268474,10.706402,5.1482596,1.5163933,-2.3109589,-1.2114534,-2.6465752,-2.1380382,-1.8557177,-2.5228827,-2.455328,35.939327,20.94529,14.027985,14.9875765,10.5428505,7.0139494,8.12223,6.4514365,6.291601,6.980528,5.328825,4.875636,4.1108947,89,male,train,6354d609d6ef11c36fe72b7823810891,255.984,,spanish,,8,ivanova
iket,CONTROL,-213.65086,81.44464,3.6308856,5.3377185,2.803968,-2.111361,-7.4869127,-0.37617075,1.4657767,0.09338695,-0.48465425,-0.63440645,3.1283498,36.127247,20.213821,18.623987,16.521294,11.540996,10.507619,11.283165,7.4172525,7.483092,7.2238317,5.302536,4.6794405,4.6869936,70,female,train,35a387e7651ec00b9b72f2d7a98623f2,259.224,,english,,,pitt
iklv,CONTROL,-288.29184,52.776398,20.619566,15.879805,6.0544553,0.96604186,3.219567,0.3240052,2.247847,2.2464204,-0.41858783,3.4091933,3.1095448,25.395393,18.906727,10.544562,10.897158,7.5828834,7.5693874,7.6045356,6.154878,6.2086725,5.1111536,4.441613,4.300412,3.4422696,81,female,train,fdaca71b7e29e0a227dd835ddf5c1231,259.368,,english,,12,wls
illn,ADRD,-211.51451,73.276634,5.3914385,11.252545,5.961161,-2.7535594,-3.2013216,-2.4859614,-3.9581552,-2.524885,-1.268401,-0.73187536,0.3890334,39.395084,30.877012,18.691738,16.433569,13.815657,9.650225,9.090238,8.015958,6.073108,5.70037,5.127794,4.5971265,3.9671261,83,male,train,1e2ac7b1fc044000b15a9c83ba31acc0,263.568,,english,,,pitt
immd,ADRD,-209.60045,58.180603,14.47436,9.39469,8.838876,3.712036,3.9631982,1.2390983,4.0907974,3.071614,1.9949225,3.1363294,3.2259912,31.90771,17.261051,9.281513,8.135718,6.083608,8.015847,5.7660327,5.8901343,5.0850315,4.516792,4.6081867,3.6094546,3.222095,79,female,train,1940b29936b964fc2dd1f9e9ed9b6b6c,298.944,white,english,right,18,hopkins
imzs,CONTROL,-285.23148,53.22497,14.163572,11.321889,7.5848026,0.6314302,-1.4728307,0.4438529,2.6324472,1.0330104,0.42035758,3.0580661,1.2454287,30.009434,22.745096,11.238741,12.513472,9.5964775,8.673787,8.1211405,7.060911,5.438435,5.7472014,5.2987576,4.9170904,4.896137,76,male,train,4567eff98053c071bf923bc0e46e2079,151.152,,english,,20,wls
insv,CONTROL,-229.85417,53.573154,12.956179,9.678466,7.562991,2.6552837,-0.61313975,2.6258247,3.8597453,1.9201013,0.37744057,2.5351982,1.2135704,32.33287,21.870996,9.80052,9.775965,8.627571,6.2918215,6.1652856,6.3638997,4.868067,5.138223,4.25113,4.7297044,4.3908553,72,male,train,360b6837d1e1549183cee74876b3b27d,151.128,,english,,18,wls
iock,ADRD,-291.21396,74.64215,-0.15820424,6.0156455,-5.1738005,-6.975074,-2.4773293,-0.06314046,0.137068,0.996203,-4.9080462,-0.37754443,0.70431924,37.544594,19.987669,25.87799,20.629673,14.469137,12.901178,11.208701,9.567412,8.256942,6.851141,6.55363,6.322208,5.7347956,88,female,train,911940f8131eaac211e126cf5b21de8c,160.2,,english,,,pitt
iopn,ADRD,-300.07516,60.308777,13.086797,25.387306,11.395969,-4.972617,-2.4133694,1.661641,-2.2813547,0.16154312,0.41565922,-0.2925881,3.5711,31.41161,26.358337,16.355732,17.324797,8.808439,14.032037,10.428325,7.822662,7.7418513,4.365217,4.498225,5.2971244,6.532991,82,female,train,483dfc0d18cead19111595fd6cf142d6,11.184,,english,,16,wls
ioyk,CONTROL,-244.60402,63.2154,11.204486,6.3934865,4.482927,-3.0574036,-3.673726,-0.90213716,-3.64713,0.14695987,0.17769584,-0.4825747,1.4920566,31.27514,22.77821,14.019198,12.833339,8.283346,8.348937,7.695533,6.5205307,6.456924,5.3256125,4.627166,4.298333,4.158232,80,female,train,a7c2f10a11eb1a6c6c431fa999f76704,204.768,,english,,18,wls
ipbv,ADRD,-273.80615,56.241497,24.362183,13.5564165,4.993158,0.5904514,-1.243315,-0.09012168,0.6383444,0.3258991,-0.26692683,1.5725809,0.7498775,31.18623,24.433983,12.362199,11.734903,9.201456,7.844095,7.1457887,7.445688,6.07429,5.288221,4.66579,4.3233976,3.9075327,82,male,train,6fa1ea97415ee4fe903a76b85d5c9be7,165.744,,english,,12,wls
ipfe,MCI,-217.81342,61.835815,3.4952936,15.881164,4.0509224,-1.4078927,-3.9598246,-4.0610037,-0.25587544,0.8912172,2.4397442,2.935121,0.73202395,38.12802,17.363997,14.42361,11.682862,10.804961,7.0291853,7.202365,6.050571,5.665822,5.3455358,5.071869,4.729626,3.859856,78,male,train,5644b122aba592dc8711e969ec24b83a,252.072,african american,english,right,technical,delaware
iphg,CONTROL,-360.49472,41.622566,10.781001,3.4585385,1.3069001,0.40851653,-1.4443353,-1.4409122,-1.7792894,-2.7142189,-2.6228583,-0.43359226,-0.6779147,22.280617,25.581732,13.858179,17.071705,11.164982,9.488485,8.035801,6.448821,6.831506,5.7577066,5.533094,4.607343,4.9503245,71,female,train,0b421940e299cb68ec794720ff01ecf2,231.264,,english,,,pitt
ipru,ADRD,-251.65344,55.037643,16.606432,15.684689,8.26791,2.6594555,3.8847325,-4.078451,-3.7799191,0.74481505,0.8488219,4.251735,2.9521823,25.584793,25.99187,11.686828,12.161224,9.079439,7.5773025,7.3331933,7.4565673,7.1397433,5.49651,5.474531,4.2099476,3.5658514,65,male,train,014b55db1b958b766ce030c316b8d8b0,261.192,,english,,12,wls
iqhu,ADRD,-136.0784,50.608932,-9.673106,22.950201,-10.781335,5.2407193,-11.45636,1.622636,-10.060585,0.26356325,-3.0963402,1.874663,-3.5146139,29.066048,18.106525,11.66096,11.042878,9.021041,7.615814,8.4968,6.293812,5.9946094,5.610208,5.617511,4.8377614,4.071089,76,male,train,722af21de89d4bf776107b418adfdd91,182.592,,english,,,vas
iqjg,CONTROL,-280.26752,46.5575,11.777898,5.7816935,-5.4826713,-3.8389401,-5.434017,-3.7084646,-2.3715641,-1.9561471,-2.5874465,-0.86802286,-1.4714031,31.90593,35.534294,22.173151,20.372643,13.674909,10.92157,8.85954,8.955114,7.533209,6.5720243,5.4586997,5.444983,4.481492,58,female,train,e5d1e5744f02f538a30043f615fb6ad9,216.912,,english,,,pitt
iqkz,CONTROL,-214.01215,48.1905,15.8851385,14.427906,1.2279124,0.28122577,2.27534,1.122425,0.6389391,-1.0467464,-0.2799888,0.25511512,0.43384564,38.592514,28.262125,13.938668,13.202308,10.43479,9.066271,6.9921584,6.322114,6.5735455,5.529928,5.090821,5.5015445,4.714183,81,male,train,2ddff0e3567b51ece55adcbb48e603bd,144.72,,english,,13,wls
iqzp,CONTROL,-149.26674,64.649864,3.4806361,14.5577345,-1.7134356,9.126073,-10.610361,0.1061442,-12.921028,0.70261914,-3.569917,-0.4450929,2.8429866,32.95071,13.140507,11.750672,12.6748,10.284675,7.9050097,7.720174,5.9737763,6.6750293,6.1925325,4.6096706,4.5206523,4.06428,74,male,train,252e59044285052bbe18f94bf1ea3f90,179.352,,english,,,vas
iris,CONTROL,-301.28452,48.42607,18.811361,10.745438,-12.328377,-0.86557746,-0.72017026,2.7572746,-1.4489248,-4.7086883,3.3568125,-1.1199415,-2.8339784,39.898438,45.646763,20.215437,19.854395,14.058009,12.121262,7.5257535,7.8907137,6.09923,6.660163,8.127551,5.762224,5.1262183,56,male,train,3524b3aa12ed1b45008c8fd35bb44548,112.008,,english,,,pitt
irli,ADRD,-175.62354,61.25311,0.81068903,5.649179,-2.1956513,-2.948673,-2.5207932,-1.6290772,2.5237894,-0.19729277,-1.9782875,-0.009125134,0.04081671,40.208195,14.180584,13.871198,10.476455,8.372249,8.317142,6.6233845,6.4522953,7.3297763,5.478619,6.098724,4.9837656,4.5649056,64,female,train,963bd3b0b1dc5f2243cedf6de1d4220a,104.28,,english,,,lu
irnb,ADRD,-201.68398,73.10919,3.792863,16.046843,-3.7506733,-0.28622103,2.5269597,-6.598164,-3.562093,0.47127655,2.2750406,-0.6722134,-0.5954642,40.027878,15.834827,12.275566,14.331602,11.419577,7.487137,6.417076,5.5936756,4.662836,5.959714,5.3474774,3.65307,3.5615816,86,male,train,9105b5d520f3725d06968f1bcf2bd420,283.608,,spanish,,8,ivanova
irvj,CONTROL,-337.75958,47.996265,10.498946,5.086988,1.3524405,-1.2513199,-1.5695238,-1.1344545,-3.0849671,-2.4280627,-0.13801084,0.4382386,-1.4563347,24.85073,28.604673,16.804081,19.491117,11.253733,10.7039175,8.644767,8.044546,7.961024,6.24123,5.5509787,5.028804,4.3423367,74,female,train,4731099f253c40a4958364c4ccb99ed9,261.12,,english,,,pitt
isre,ADRD,-210.93045,72.475685,10.333473,7.036956,4.2900066,-3.3598778,-8.213771,-2.5767443,-3.4905524,-1.3234394,0.42592177,-0.30354083,0.29583403,36.79134,29.91747,15.070955,15.549725,11.710264,8.367403,8.953181,7.973872,6.2868595,6.1230874,5.3830757,4.884017,4.126981,77,male,train,5106deed52180570c4c7371a148e92d2,269.112,,english,,,pitt
itof,ADRD,-169.11913,51.001156,3.8930655,14.202297,-0.55026215,1.2181454,-2.658676,-1.3117796,3.6773534,-0.45923796,0.40140706,-2.159411,-0.033848744,29.584248,19.763765,11.453934,12.93875,9.439933,7.7258844,6.9105105,6.6772504,5.7130933,5.7356,5.277917,4.767777,4.278649,86,male,train,7992ce24cbeb3a6d5d60405171fb7948,285.432,,english,,,lu
itps,CONTROL,-317.48907,60.45895,20.932068,8.7020445,0.08951566,-2.0661197,-0.44875008,-0.13689445,0.7164404,-0.052257378,-2.6175368,-0.96690124,-0.8350322,24.55897,21.58922,14.282988,14.872731,9.4003525,9.828096,8.491331,7.1738133,6.4089217,4.340715,4.513901,4.261849,3.5875218,46,female,train,b606d1acb3a5cd2cb4b5c967f0db817f,270.216,,english,,,pitt
iude,ADRD,-233.62079,57.09958,17.70324,11.868911,1.8301768,-0.57014495,-4.022277,-2.6106205,-1.8378549,-2.166177,-1.0991727,-2.051034,1.1512718,30.457342,22.039639,12.0436735,14.624556,10.327057,7.081458,7.6020613,6.8622293,6.0900373,5.1266975,4.7652774,4.850608,3.9517045,80,male,train,8ec3d4f1308f3a452c6668a5c1d2e2df,276.624,,english,,13,wls
iuuy,ADRD,-200.5928,43.68198,21.776337,13.808614,6.553324,-4.44755,-1.3052398,-1.606277,1.1086414,2.7206573,-2.3190281,1.3636886,0.9602621,29.2951,32.30617,14.619883,12.197946,8.702978,8.664076,7.27104,6.3096485,6.357003,5.915135,4.6394114,4.136713,3.647563,80,female,train,31403fad3064e639ed5442b45250104a,264.72,,english,,,lu
ixoa,ADRD,-275.43085,45.79294,13.167023,13.202206,6.0992584,-0.15735649,-3.0342684,2.1394937,2.946105,0.31618327,-0.7667442,2.1287777,2.0946162,29.757832,19.164474,9.970205,9.867764,6.6883993,8.223271,7.433795,6.345564,6.4899974,5.1797495,4.8796144,4.828681,4.318481,80,female,train,76667f75595561a4676c0ed25fbf0baa,266.976,,english,,18,wls
iyha,ADRD,-247.49509,60.492718,15.287757,4.3004513,7.9963074,-0.32630748,2.3720605,0.3211559,1.2409267,1.1046441,2.0993035,-3.9861028,-0.71380043,36.97973,22.048029,13.806428,12.448453,6.935302,8.529365,6.844034,5.7966647,5.9880123,5.2003093,4.1091337,5.19628,3.5580933,70,female,train,e54bb417a1e658dd0396a59fdffa5fea,275.424,white,english,right,18,hopkins
iyho,ADRD,-253.99779,43.475178,16.25693,10.802479,4.2086296,1.8993217,-3.4097428,-2.4649177,-1.7125577,-2.4889555,-1.7228264,0.19030955,0.48025838,28.081034,23.971375,11.220969,12.517846,9.536842,7.7993584,7.041279,6.315615,6.629258,5.766335,5.071529,4.3868504,3.7142735,83,male,train,f8be420ba28a1cd9bf274fc9d10ac710,200.16,,english,,12,wls
iyzv,CONTROL,-240.45824,74.777115,13.641354,5.4362063,-1.209298,-6.662825,-3.9800837,0.34264463,1.2454962,1.3725727,-1.8005576,1.0522729,0.41545027,30.223015,33.94492,17.896187,16.55432,10.096085,9.614049,9.185983,7.3135557,7.577057,5.1640124,5.053335,4.4888477,4.1528935,69,female,train,a016fbeb16968ab2174f2187b7bcf41d,259.44,,english,,,pitt
izbb,ADRD,-330.02283,39.590824,15.94366,16.811316,-0.23224925,0.89670306,-0.66969025,-1.5768784,-2.1920333,-5.2774167,0.120007865,-2.3236244,-3.8602862,26.216652,23.723927,12.057342,13.30011,11.82231,9.229293,7.880421,6.3362684,6.479116,6.682805,5.733762,4.521124,4.40322,67,male,train,8f749e86d337fc54e9d400cf90c9387e,261.48,,english,,,pitt
iznw,ADRD,-265.71512,49.741978,11.867515,17.359165,7.143126,2.6214645,2.4854116,-1.5258093,0.14917102,2.897239,0.57650137,2.039379,1.3373997,34.68306,25.381084,11.804849,13.933695,9.208117,8.316925,6.866656,6.998095,6.0139303,6.766797,5.5597987,4.9177456,3.9640825,76,female,train,ef15f700c02b7371ad2a199c84ec5d29,189.336,,english,,12,wls
izqr,ADRD,-257.39505,43.456635,13.487522,17.136074,7.4143457,4.316965,1.9868884,-1.1624781,0.49190533,-1.4461354,-1.1415133,2.8436594,1.1197234,34.426476,25.566072,10.12602,12.706379,10.412622,6.98575,6.445649,7.3621364,6.768868,5.2863564,4.846106,4.3967276,3.8372562,81,female,train,10163657036acb14656923c41ddff43e,270.576,,english,,17,wls
izyf,CONTROL,-283.39682,48.26481,15.859589,12.345837,9.668702,5.0956616,3.8771956,1.7599586,2.8344603,2.8650436,1.1339186,2.566194,2.7433164,23.785267,15.675916,9.13765,9.167246,6.595558,6.6351924,5.913847,6.2188973,5.5095763,5.160245,4.4895544,3.9090693,3.3627021,81,male,train,2dd7ec8d83f0b0b20659c66ae35d9458,260.592,,english,,17,wls
jaes,CONTROL,-271.91617,47.243835,16.366951,14.576565,7.9554434,4.6670732,0.3457492,-0.24935904,2.2044306,1.4747914,1.9220601,2.343038,2.032315,37.64958,26.27055,12.98973,12.373707,8.491477,7.836421,8.059894,7.8402104,6.418754,5.8019514,4.7744436,4.1648207,4.2244987,83,female,train,78f02663320760faf336605e0396584d,193.368,,english,,12,wls
jana,MCI,-183.82384,67.74119,8.014428,11.605622,5.5603375,-2.5736773,-2.9579608,-1.917805,1.0519819,-0.37638888,1.5803536,1.2399714,1.3111728,41.38987,32.05141,22.299335,16.51262,11.949464,9.690062,9.105611,7.55828,5.7651415,4.9058022,4.7804995,4.28233,4.01441,68,female,train,5a971e8c38b1e5dc0c2d1a700d9465a4,252.144,white,english,right,bachelor,delaware
jbjx,CONTROL,-182.47342,53.35472,13.95141,19.877077,2.5991488,-2.3418896,6.1267943,-3.9137864,-1.3807076,2.1501887,1.3376201,0.34534925,1.8825419,31.878904,23.592073,12.667638,13.121781,10.113768,7.0339274,7.4197283,6.1042075,5.8507752,6.430381,3.921997,4.053273,4.401133,65,male,train,1e2bdc89f588e7839aac1913fe4a319b,320.88,,spanish,,17,ivanova
jbni,CONTROL,-238.42496,47.337914,13.185417,14.22733,3.7485228,4.6116443,0.8877058,0.35071746,1.4548254,2.1552057,1.1585146,1.0298864,0.79210275,33.337677,22.703918,11.495793,14.706765,10.533097,7.842082,6.8445215,7.051559,7.042299,5.0698576,5.017774,4.6899242,4.9504876,81,female,train,7b739fa1992cee79f0e79ae4ed5b74d7,273.192,,english,,12,wls
jbtb,CONTROL,-242.19351,52.70212,9.388781,10.873964,3.3750937,-0.28187943,-2.0096366,-1.2422435,0.6530057,-1.1672555,0.7077703,3.1191578,0.38091552,37.634853,20.32475,17.437944,12.864753,8.728712,7.7967668,7.3502445,7.191171,6.2308445,5.348108,4.329808,4.188256,4.320906,81,female,train,7efc10b76b5c29b7645c1399ac5f55db,280.584,,english,,12,wls
jcqe,CONTROL,-182.84251,57.044544,9.584464,11.513976,3.7812333,4.276867,-1.4323564,1.2362838,3.316625,-0.67041636,1.8106258,1.7934664,1.6005653,28.767143,16.013962,9.597439,8.95954,10.082292,6.4268403,7.892604,5.8301973,4.698746,5.4901633,4.3424435,3.854422,3.8813696,81,female,train,9af6e2da34fdcbfe9caff83a00cb74f3,284.352,,english,,12,wls
jcra,MCI,-146.25357,54.99722,7.3609786,24.454922,-8.076365,9.603362,-10.592267,0.003141953,-11.226366,-2.4823282,-1.0165325,-1.5110598,0.5078424,32.407764,22.805204,15.078856,14.427239,9.689267,8.040033,8.666536,8.899358,6.4250526,7.757006,6.050098,4.6234183,4.7891774,74,male,train,c6a41a602448c4a358ddec64a8435d9c,185.232,,english,,,vas
jetz,CONTROL,-150.98218,60.43035,-1.4788265,9.996147,1.3657322,-3.2374449,-0.2703598,0.050178435,-0.45129535,-0.19225587,-3.3822033,-3.4674807,2.5560732,32.303993,20.939114,16.40567,15.601375,8.409523,8.237981,6.137954,5.8631387,5.8232913,4.892255,4.427061,4.660702,3.9183855,76,female,train,750090904a5923ed5afd91d7a378d361,288.288,,spanish,,6,ivanova
jfec,CONTROL,-196.7269,49.996033,6.0163155,10.250709,3.0437684,-1.7670512,3.886298,-2.8305774,-4.501822,0.8957391,-4.466459,-1.2767303,2.5480723,32.707752,25.568678,12.650904,12.786464,7.8800683,7.636517,6.4410152,5.4670014,5.8738556,5.085348,3.997922,4.0569806,4.427013,76,female,train,7d439a42eec40e7bae701035692c8c2f,292.416,,spanish,,12,ivanova
jfom,MCI,-157.91496,62.18391,3.1322532,8.62224,8.125698,5.403281,-1.829372,-3.3077629,-1.0362685,3.4625065,-0.30094045,3.1423714,-0.5235258,28.730314,19.75424,11.31912,12.119821,10.222189,7.6198244,7.7840385,6.6731095,5.433833,6.527625,5.018707,4.0982404,4.163297,88,male,train,cf4074869cd9bcbb13cbd67d9f48ed48,255.048,white,english,right,high school,delaware
jgcl,CONTROL,-181.15004,48.8177,14.943482,14.263574,9.340008,-6.017162,1.3655365,-1.4511573,-0.9634874,-2.0161903,-2.3918455,0.93281657,1.3440402,29.297419,27.508427,12.653529,11.413021,7.031215,8.830416,6.3747926,6.0526266,6.0064554,4.8065963,4.1299725,4.2333097,3.7193341,81,female,train,f8cae4c1e477be8594f9444c466c8e46,218.784,,spanish,,17,ivanova
jgst,ADRD,-253.29698,52.05629,10.549351,14.320785,4.887504,1.8087236,5.1595592,3.2915015,4.6108084,5.5968056,2.5171545,4.1663046,3.741918,31.449781,13.287746,11.478419,9.278902,7.9002624,7.5786176,5.6287665,5.267329,5.1673284,4.520597,4.341675,3.7636485,3.1722817,82,male,train,fbddbcffd546488285c6ee2cc1302cc3,261.096,,english,,16,wls
jgvz,ADRD,-232.14963,47.29963,14.737776,11.794736,8.232163,2.2394593,-1.484793,0.03246433,2.0865455,-0.53127307,-0.54369575,1.3670254,0.56000465,32.53577,21.400545,9.603896,10.657912,8.575266,7.1591744,6.4950247,7.5181823,5.9661765,5.15812,4.6564155,4.4271197,4.1208797,81,male,train,e31fc117c88915f9a6e7ddbc76ba21af,175.584,,english,,12,wls
jhcw,ADRD,-168.27113,64.796425,5.5352926,18.593914,-7.678734,-1.4504695,-1.7901422,-6.3342624,-1.6471595,1.2025794,-1.1550573,-0.8471161,-1.6358389,37.31709,16.717562,15.969628,15.074099,9.668546,7.7746525,5.7021093,5.8291674,6.805429,5.139902,4.8271766,3.7920063,3.89552,89,female,train,ac2a19329a59e0b244c872ca2854722c,296.04,,spanish,,14,ivanova
jhcz,MCI,-176.75897,43.256447,9.631921,4.279539,0.51408315,-3.890442,-6.519516,-4.339814,-0.84252393,-1.2654245,-1.4934889,-1.5143104,-1.6388574,30.114487,19.324514,14.059654,13.490954,9.919467,6.8453937,7.3039794,5.6487,6.3233557,5.846359,4.215164,4.8792768,4.0851545,66,male,train,3f8494ac6925b1df2da0a6140d82c5b8,297.744,asian,mandarin,,11,ye
jhsf,CONTROL,-239.83287,42.116554,18.996143,18.27175,4.2420774,3.4740682,1.1118013,3.166829,3.0785253,0.5736084,1.9767565,3.3854487,2.8141265,31.310377,27.036451,9.748202,10.500999,9.9535885,8.282539,7.1941695,5.8926773,5.8917975,4.952278,4.648609,4.3521166,3.877857,73,male,train,cbb7ef86cb9b04bff05f73208e43afc0,161.424,,english,,12,wls
jils,ADRD,-202.91005,80.98518,18.209095,10.407152,0.33662838,-0.30560127,-3.611839,-5.310406,-3.1565673,-1.5253593,-0.80343956,0.41803795,1.151269,47.480618,14.422452,14.702682,13.471269,10.9146595,8.292567,8.127089,6.7074237,5.917029,5.71817,4.7869678,4.1909046,3.6745012,79,male,train,0069d722d750f907f5628bae56898404,137.928,,english,,,pitt
jimd,ADRD,-294.06375,47.84416,-1.360854,13.740896,-3.5137267,-2.9193223,-3.7823203,-2.2848449,-1.9355927,-2.9062366,-1.2790719,-1.0459442,-2.396025,30.215496,31.275078,20.752426,23.553988,15.007547,12.527387,10.345898,9.09545,6.864355,7.6517873,6.2815113,4.876931,5.2064385,51,male,train,e38a19ea19b7744b1bab2336dc42c7be,236.688,,english,,,pitt
jjcj,CONTROL,-137.36287,63.933853,-1.1122531,18.165092,5.8724546,1.2760714,-3.144774,-0.6863671,1.8980054,-0.19636619,0.14706068,2.2609181,-1.7869732,42.72367,28.93721,15.843534,15.111775,13.376884,8.985618,7.165022,6.714469,5.385714,5.5551925,4.9476643,4.840282,3.9071345,83,male,train,8c624b7236edcf913946ea11fc2821da,205.944,,english,,8,wls
jjpd,ADRD,-348.59277,77.856766,24.35986,18.174488,8.2218,3.7456899,-3.8550396,-1.2297058,-1.1566848,-0.7946813,-0.9848257,-0.567605,1.3166381,25.920412,19.076694,11.760102,11.307241,7.0239573,7.5919256,8.0749235,5.345458,5.593091,3.9573998,3.9836977,3.6283808,3.4398162,79,female,train,451088cb6ec43edfaf0f879195d9f71d,82.344,,english,,,pitt
jjrz,CONTROL,-284.25476,47.27999,13.737086,16.344652,6.7489276,3.3210244,1.94426,1.5200388,2.991018,3.6552577,3.7171385,2.8443897,3.2189918,26.536356,21.800041,10.565785,12.618739,9.575339,8.317603,7.221674,6.3619566,5.7581787,5.859905,4.697543,3.7551281,3.499943,81,male,train,e99f4114f4007c337f4594de223b68e0,265.704,,english,,20,wls
jktp,ADRD,-175.89795,43.412025,12.371918,17.605938,9.153487,6.7206683,3.663116,0.9853572,2.1426148,0.14012161,-1.1129137,-0.0849187,0.11599432,31.906124,20.054646,11.489228,10.863482,6.248639,7.272013,5.7566557,5.8125377,5.444882,4.3814235,4.262559,3.8796327,3.512125,85,female,train,06e39e2e7c73c7631383045cb153626a,278.496,,spanish,,8,ivanova
jkzh,CONTROL,-130.29268,52.727795,8.514364,12.362162,1.2523583,3.9586456,1.6508998,1.6786902,0.4675271,-0.1825352,-1.7685487,-1.6122078,-0.24266776,37.132187,21.315544,13.696278,14.122389,8.19307,6.794174,6.1172843,5.7284856,5.859112,5.07939,4.385114,4.3075905,4.0108075,68,female,train,093e8b90bf3a83f823e034c77dba8a42,289.92,,spanish,,12,ivanova
jlcj,ADRD,-213.64084,67.99419,9.557389,3.4903564,2.621313,-3.155944,-8.137585,-1.4019756,1.3896099,1.1522957,0.49462032,1.1315258,0.544553,39.45551,28.389118,19.609386,14.201748,10.735117,9.540348,9.35111,7.7081895,8.065642,5.6461143,4.7404675,4.2146597,4.0755196,79,female,train,3116d2a18102dbd11fc8ec3fae144852,249.96,,english,,,pitt
jlfq,ADRD,-268.64264,45.273422,8.239389,7.8405843,-2.0254118,-0.14503027,-8.650637,-1.7144175,-4.519637,-0.089541316,0.5198603,-3.6026392,-0.38602987,28.412796,38.292606,22.28522,23.099623,12.0008955,10.148439,10.2724285,7.4237304,7.658112,8.376189,5.6835046,6.001296,4.983699,62,male,train,e1ce4eb3b0961a94b88982eda7a993ec,190.44,,english,,,pitt
jlge,CONTROL,-191.80325,39.12179,13.106941,12.295854,5.172345,1.3732443,5.7472777,1.9634566,2.8344958,4.065708,2.7981415,2.8759363,3.7412748,34.07182,23.948786,12.1791725,11.267844,10.062895,8.515889,6.435379,8.068756,5.430694,5.005587,4.5590973,4.347006,3.865593,67,female,train,ed6ffacbfb67465fc6cddd3ee1235276,221.52,,english,,12,wls
jmds,CONTROL,-292.72946,51.777256,22.932743,13.552533,8.969659,6.3098383,3.1496403,4.022178,3.0168917,2.3971703,2.3299563,2.992217,3.2664015,23.932127,17.256943,8.059486,8.083821,7.5801663,6.662411,6.12529,5.7271767,5.0058813,4.636345,4.040605,3.8994286,3.6246197,81,female,train,5290787a2427f54802fd3e38750cac8d,113.088,,english,,12,wls
jmji,CONTROL,-217.10635,56.70009,0.20316523,7.925518,0.21025398,0.6125859,-4.1788144,-2.4137983,0.13349226,-0.51660454,-1.7445481,-0.8899592,0.80377525,35.28337,25.397524,16.632114,17.633902,10.858048,10.298776,7.572798,5.9718175,6.3421555,4.6760097,4.808581,4.196106,3.8100793,81,female,train,29c589480c79b19ef6f5912773432d1e,220.92,,english,,14,wls
jmoo,ADRD,-131.48634,43.11186,-5.223269,30.201208,-8.549007,10.661742,-10.417273,-0.032734662,-8.699053,0.3980102,-5.1628957,-0.7829415,-0.70321995,38.55505,25.165287,19.068449,16.109749,13.036716,8.474229,9.43869,9.065082,7.6612325,7.802475,7.0964537,6.1405787,5.4895573,67,male,train,e5ee5917e76d35304b7fafdc0af02410,189.84,,english,,,vas
jmyx,CONTROL,-282.8714,53.56103,14.792234,11.199759,8.488717,5.207743,1.8553314,-0.085606225,1.55314,0.6905754,1.2985762,2.4019144,0.3637289,23.447977,22.102606,10.73184,11.255614,8.7685375,6.98434,7.2261915,7.8582935,6.8309336,5.477639,4.826824,4.129305,3.7654934,81,female,train,1f609795edc9a3da00aadfb5eef8a074,262.896,,english,,16,wls
jnia,MCI,-160.59395,64.55994,9.226057,22.878029,1.367516,7.2112856,-1.9809436,-0.047009356,-4.074822,-0.94026494,-4.517316,5.5109344,-1.2306494,34.801815,20.70542,15.386142,14.427785,10.807734,8.0940275,7.4899516,7.1916113,6.082072,6.964845,5.516086,4.906892,4.9139533,76,male,train,cadfb0c1f770a2fba46c4ab96d7ad53b,186.192,,english,,,vas
jnmb,CONTROL,-140.45317,51.284397,5.699182,9.692617,-4.521275,-3.489058,-5.4978867,3.5323312,-7.865025,-0.1582052,-2.2494934,-1.2321709,1.7513583,35.570614,22.195831,18.035574,14.543418,9.763319,6.873621,7.5127234,6.9013715,6.9887857,5.7594275,4.5023594,4.7139506,4.9012547,78,female,train,d613a7db8164cc0abcb8da5ecb1e73c9,220.488,,english,,,vas
jnni,CONTROL,-276.1244,39.70155,17.814806,14.120278,11.527663,9.195041,-0.13704395,3.3699617,7.0261126,-1.9436157,-0.807874,8.649451,-0.29454112,26.0605,18.072977,8.064916,7.372824,6.7939563,5.2710843,6.4730306,5.4691377,7.886857,5.5037065,5.3667474,7.267727,4.2479844,80,male,train,2a6cdbb843ce008756dd5eb87767f5b8,268.68,,english,,12,wls
jnpr,CONTROL,-328.29086,35.912712,12.833222,7.279946,1.0598798,0.5743025,1.4310619,0.61478895,0.16989179,0.7720539,0.44258854,0.5552139,-0.6787191,20.072685,18.428999,10.084022,11.763934,8.281344,8.430418,6.597499,6.168476,6.0075555,5.070477,4.521783,4.2815933,3.5729246,62,female,train,6d66d3e4854ce0fe65aade424c78e780,286.464,,english,,,pitt
jnpu,ADRD,-172.06543,72.15035,-6.207589,12.387697,-3.7382314,0.87537515,-10.491537,-7.9218483,-0.40142795,-1.413105,0.88216144,0.5740154,-0.13178368,31.603695,24.532877,14.285365,17.53047,12.190894,9.495258,8.252362,6.865979,6.5912576,5.189799,4.3418694,4.3280954,3.6210117,91,female,train,1251398f1979e5936952cfe2b966aea5,141.312,,english,,12,wls
jnxi,CONTROL,-267.76523,50.549065,12.953613,8.774985,2.167122,0.25592262,-3.119424,-2.8323507,-0.89425343,-2.053307,-0.47709623,0.7466219,0.5363099,32.35634,19.265738,12.085966,10.434698,8.204426,7.054905,7.4179654,6.380814,5.367935,4.7293377,4.290739,4.0136046,3.404354,81,female,train,78846ef159ae1bcd5208d43b832f021b,270.528,,english,,12,wls
jodn,ADRD,-284.02234,44.31924,7.3019934,20.812374,7.384463,5.607585,-4.0926566,-1.110595,2.4314249,-0.7131969,-0.10473459,-0.64608234,-0.040704835,32.320557,24.033142,14.113821,18.06516,10.672262,9.610579,9.9799595,7.251346,7.664097,7.244964,5.2519555,4.309452,4.7538695,77,male,train,2980d1210dae192f2633604b43ceec66,136.848,,english,,,pitt
joee,CONTROL,-276.18985,48.836708,12.874946,15.614763,9.638478,4.4658494,3.1329567,2.0124972,2.670742,1.8914382,-1.1846304,-1.4240592,0.33402294,30.86304,16.136745,10.774961,10.998013,8.062238,7.8666096,5.983517,6.073863,5.8943596,4.840856,4.6923957,4.1247745,3.9648156,80,male,train,d0610b63883399f376d82ba4b40d1890,205.416,,english,,17,wls
joxx,MCI,-161.21846,64.46674,6.8622036,19.559517,-1.3316549,5.943726,-3.7621324,-3.2361042,-4.8954153,0.9378608,-6.969107,-0.5703719,-1.7975941,39.58028,22.088121,20.991972,16.788284,10.982893,11.883063,10.299132,10.182603,8.543872,7.8458467,6.05927,5.4989944,5.438584,71,female,train,e921c3dac4e72862fc0c1f0f883bff98,192.432,,english,,,vas
jozu,CONTROL,-176.57504,57.68726,15.540507,14.331576,5.6944485,-1.738536,-3.033935,-3.4630554,-0.5361341,1.0733837,-1.0691164,0.3333294,1.0980506,40.722103,15.408387,14.123801,13.3418,8.46487,6.9150033,6.8195744,5.8861895,5.0418057,4.75966,3.7672267,3.5365877,3.299264,74,female,train,5b24d43028fd8dbee17b1b599b31c02a,293.712,,english,,12,wls
jpro,CONTROL,-242.54141,62.327484,19.411566,13.159175,5.502775,2.520297,-3.8073306,-3.1042295,-0.24404502,0.8236091,2.5970292,2.241813,2.4111505,33.972218,27.835413,13.425416,12.861465,9.532134,7.0017295,8.31713,7.123045,6.5095034,5.855962,4.922646,3.948328,3.6488545,80,male,train,c435488b0acecab0bd793c8620730227,185.592,,english,,16,wls
jqee,CONTROL,-272.91153,41.40562,8.855762,12.486266,7.1919646,3.2998838,2.5202715,-3.4690757,1.4820817,1.58635,-0.2063806,1.8817779,1.0665748,32.06303,22.854504,9.660926,12.23119,8.213286,6.0833793,5.7341037,7.5753536,5.7701902,5.1651244,4.1916184,4.115369,3.5109756,80,female,train,b749a6b134d45a3a530d47aa2a1b88e1,277.2,,english,,12,wls
jqka,ADRD,-222.69945,71.591835,16.820621,12.631016,7.3473473,2.6443617,-1.3894122,2.7976935,2.7253528,2.3444705,0.4470812,1.9694624,-0.3436095,30.941051,16.030079,11.26404,10.263624,6.9902987,7.2502704,6.8600273,5.2178426,5.603932,4.579491,4.339111,3.663814,3.3811226,78,female,train,28d280bf2388d6386662f549b33cf2cd,275.28,,english,right,12,baycrest
jqyc,MCI,-166.66731,43.635624,9.261573,9.843125,4.281657,4.121445,2.600161,2.0345142,1.9057931,1.3921928,-0.25809175,0.30106777,-0.2895517,35.19745,21.011433,14.180664,14.497758,7.0593014,8.153611,6.115578,6.004266,5.625293,5.663746,4.596171,4.1891236,3.4172168,63,female,train,f4eae3cdb6fbcadfc103996775040309,295.44,asian,mandarin,,9,ye
jrad,MCI,-254.69946,63.171104,11.73575,12.025117,0.6533915,-0.05610794,-3.2339082,-0.069380976,0.59383225,2.6996994,-1.9848769,-0.5898946,0.8121755,28.574915,16.894669,10.967407,11.274505,6.984752,6.554513,6.843896,6.1773067,6.2306085,5.2543926,4.596217,4.9014506,4.1918225,64,female,train,721f012c824ddf97ca07c0e836eb8aaf,255.672,,spanish,,3,ivanova
jrbu,CONTROL,-242.24991,54.531273,9.765414,16.469534,9.081166,1.1303674,-3.780637,3.2771323,5.708033,0.6433045,1.3117242,1.4590327,1.6645795,41.738674,26.78479,12.538845,11.822338,7.4069357,9.037939,9.324913,6.35126,6.248989,5.608376,4.066384,4.569679,3.8688638,74,female,train,2f0a85aa5d0d9f9abf3e721dce53acfe,265.752,,english,,15,wls
jrgq,ADRD,-136.8672,49.097103,-15.603481,22.649744,-13.472058,1.2879719,-7.434147,-1.905342,-10.106719,6.8202066,-5.857494,3.7503512,-4.80676,31.702843,18.38098,12.143301,10.662596,10.47986,8.207301,7.9246154,7.419758,6.066448,5.5529284,5.281241,4.1299562,4.2303424,71,male,train,21d6a8e8071db39dbef675ada3be2d22,182.016,,english,,,vas
jryz,ADRD,-226.628,39.43323,18.67019,0.56448215,0.27034634,-3.57307,-13.252878,0.1876063,-8.487485,-4.0447726,-3.1651578,0.3873837,-1.5396831,39.12706,47.252842,13.203787,17.910723,12.054924,10.443407,12.69489,10.13744,7.1238036,6.837242,5.6336255,5.8169856,4.728283,54,male,train,377a7ba6247cbe57af2453f63cb1e04e,91.344,,english,,,pitt
jsvu,CONTROL,-217.6862,74.26939,3.4840593,10.814818,-0.19003275,1.3231597,-5.717974,-4.521369,0.43147781,-0.49451014,0.058278106,-1.6841457,-0.46859127,39.766556,25.577105,18.436518,15.100503,10.587317,8.266273,8.495888,7.0558753,7.1741714,7.542259,5.3096404,4.5457296,3.9843822,69,male,train,f541847ef9ba792872634c76665d4fdd,248.424,,english,,,pitt
jtep,ADRD,-200.78168,54.28077,11.649812,6.562149,-1.4113904,-0.62797844,-3.0067284,-4.0078454,-1.3929603,0.11069985,0.062004343,0.32913032,-0.58265996,28.680426,25.43323,13.092859,15.048484,9.340074,7.6994734,7.586265,6.0808525,5.449851,4.0503025,4.3572216,4.1474805,4.3342123,72,female,train,3a1c3cad84f5e9d66073ee1d6c5d8c9d,283.632,white,english,right,20,hopkins
jtfe,MCI,-302.43878,38.609844,16.330038,15.310545,3.607029,9.503135,-0.2750191,0.018237485,0.80571187,-0.9795863,-1.9958797,0.4952255,1.410231,37.253674,20.780495,16.071058,14.86345,8.647352,8.101874,6.53901,6.14177,6.1596584,4.8540654,4.5338497,4.002711,3.7424579,50,female,train,7cf9d55d9f4309bc662eecfc6a68c965,257.424,,spanish,,8,ivanova
jtoz,ADRD,-307.49222,68.12698,18.697645,5.300154,3.2367246,-1.7476139,-4.9437466,-1.3460677,3.4476254,1.8281211,1.1154476,0.70850587,-0.19693555,32.921623,23.34169,14.9614315,14.271215,11.862054,10.220197,8.188182,8.094124,7.0318823,5.2674007,4.50102,3.9431233,3.771838,78,female,train,14f2e2a3a8613e62f0eb4ef6cc56c742,243.984,,english,,,pitt
jtpj,CONTROL,-298.23328,54.31209,10.813793,12.764898,-5.88774,-3.6577535,-3.0627446,0.8139552,-3.8483474,-1.8887714,-3.3648863,-2.1039715,0.45956102,36.963036,33.424393,18.433836,16.483475,11.962839,12.051659,7.834512,7.339983,7.180347,5.734994,6.4565406,4.705166,4.809212,72,female,train,9696eb8fed9e7d96d63629c5aa0e1074,144.984,,english,,,pitt
juco,CONTROL,-264.8506,45.39712,13.463568,11.692382,7.435411,3.8222303,1.7045622,3.9538963,3.2583807,1.5161242,2.0431376,3.2052777,3.6745546,35.089504,17.455713,10.736296,9.803083,7.6765404,6.785782,6.291626,5.7260866,5.542835,5.176039,4.265278,4.4756155,3.6120229,80,female,train,f0104d212d7d45be85610a7e6d8d2d13,158.496,,english,,12,wls
jupu,CONTROL,-166.27661,58.629868,17.105516,28.48395,-2.1216304,10.599513,-5.751202,-0.6161837,-10.207033,-0.20067932,0.8132166,0.38910317,0.43749857,35.888767,23.812437,12.781873,14.554551,10.51595,8.024009,9.06686,6.966063,6.3798833,6.266501,4.9426866,5.4441705,5.059281,70,male,train,4556e00b9315c3557b141e2eac19e8bc,183.312,,english,,,vas
jveh,CONTROL,-250.37065,76.01252,11.549904,4.5824594,-1.9352562,-8.079638,-7.4905677,-5.844009,-4.818599,-1.2575744,-1.9310616,-0.34670243,1.0050192,34.36853,26.81937,15.863956,16.846987,12.757499,10.894283,9.191409,7.552415,6.7268066,6.424707,5.5417852,4.829406,4.2675915,69,female,train,0bacd68e6aa75af994e12cc648820135,247.08,,english,,,pitt
jvsx,CONTROL,-249.19156,55.899807,8.844137,14.235499,5.312814,0.71962637,1.5245628,2.2056763,1.2124529,2.7087593,3.7718194,3.184747,0.77982867,29.4138,20.347332,11.069801,13.621649,8.295725,9.327306,6.768393,5.738015,5.8428397,4.835683,4.095403,3.9648426,3.5485778,80,female,train,2486d59980eac579b40989e13f7a752e,266.52,,english,,12,wls
jxjw,CONTROL,-195.05807,52.099415,11.623083,23.890188,0.920808,-1.7595868,1.6465204,-5.055197,-1.4655268,-1.3981556,0.9972966,-0.2603683,1.3015957,28.321539,18.90819,10.580918,13.8148365,8.149329,6.7129855,6.542523,5.509909,5.0254283,5.283707,4.015622,4.3854265,3.9947405,81,male,train,c3d5eef20be5c98fbf8dafcfa7c1e4ea,300.6,,spanish,,6,ivanova
jxlo,ADRD,-238.26733,67.489075,2.5618954,9.425799,4.001843,-1.2026756,0.23653357,-2.5826256,-3.874597,1.1706729,1.7645204,-1.4662668,0.68615025,40.06611,19.759108,14.290582,11.8943,8.300511,7.688651,7.045248,5.3267026,6.8469253,5.48154,5.018469,4.686034,3.9226167,79,male,train,1d8d5aa798cbf6abb7887725c16dbb0e,272.352,,spanish,,,ivanova
jxrc,ADRD,-239.51558,61.776413,16.379013,11.438594,5.664496,-2.4736161,-5.9509254,-5.7677436,-5.0195255,-1.9420786,-1.9612293,-0.19963484,1.5185106,38.329727,41.8223,17.757137,17.418503,14.25659,9.584393,9.057602,7.0749583,6.6227064,6.8667765,6.015348,4.504876,4.3527346,77,male,train,f72bc0b0bf093c7a5e5b300bd2d2243a,197.904,,english,,,pitt
jxyp,ADRD,-281.1776,50.244507,10.015339,18.922087,8.972463,1.995317,0.8932415,-1.1615251,0.48535234,3.0626698,1.2923309,-0.37043795,1.9694425,27.150215,24.242945,12.111759,13.763819,9.648231,7.3440666,7.3036613,7.1255283,5.814062,5.647991,5.151667,4.308223,3.8705785,82,female,train,0e825698f2bf9a612d83d0207842d7e5,265.032,,english,,16,wls
jygb,CONTROL,-156.3249,63.83763,7.4470716,15.551063,-2.9001276,8.591998,-6.251374,-1.1348813,-9.914935,-1.5968171,-5.304093,1.5483496,-0.5526543,35.28967,16.619802,16.640606,13.416389,10.871426,10.975505,8.074781,7.6921167,7.845513,6.1697145,6.167103,5.4333396,5.1291027,73,female,train,089a3bdef69baa5a930db41db6ebb2a2,182.928,,english,,,vas
jyok,CONTROL,-296.02982,43.607304,18.252077,11.791749,9.025965,5.3729186,4.9096017,6.032218,4.8413477,2.3734953,0.32507235,0.47546396,1.3028512,25.525373,18.974594,9.538947,8.356127,6.4742336,5.9124227,6.389411,6.241783,5.2795963,4.3249044,3.8610232,3.751811,3.322963,81,male,train,733f18f0bf55f8818b0b4c3ec036e87e,272.208,,english,,16,wls
jzbl,CONTROL,-214.05902,47.33427,15.96147,13.475444,8.490337,6.632414,3.5934765,3.4619403,2.30252,3.471161,3.0543244,3.8565009,2.8013806,24.216663,12.290602,6.8294783,5.6070113,4.9290285,5.6407723,4.851236,4.6268578,4.3081837,4.3421316,3.6062315,2.8610716,2.849259,82,male,train,07c8aa70203eeca2ee5b1d1595378079,282.696,,english,,12,wls
jzhi,CONTROL,-233.37062,68.72254,13.02726,9.86214,1.1406033,-1.5584042,-3.5975811,-4.9394193,-2.6255608,1.279964,1.9651998,1.049052,0.19001056,42.99746,34.3018,20.332693,17.85305,9.389266,9.069639,8.614574,7.587818,6.8220587,5.846785,5.160947,4.2810616,3.6945705,59,female,train,bf8233f512376085580b4d830e6073cb,253.872,,english,,,pitt
jzpj,CONTROL,-235.06424,46.515915,13.113575,10.727357,9.278498,5.0295615,3.765196,4.74851,5.3080745,6.651397,5.401562,5.595528,4.381527,18.561436,12.013553,6.210174,7.9698076,6.025812,6.385796,6.208907,4.494425,4.425809,3.6347418,3.1072052,3.0864534,2.8018653,81,male,train,e2397160185d5854e405c3abf46e8d57,268.8,,english,,16,wls
jzxo,CONTROL,-264.39807,71.27021,14.280075,6.1533713,7.7783294,2.916716,-7.727356,-2.8689322,-3.9466736,-1.8505614,0.1839955,-0.82037544,-1.1099699,31.542837,29.521677,13.869086,16.050268,12.70743,7.5728254,9.9533825,8.131937,5.782816,6.218443,5.3082027,5.4177227,4.3487883,74,male,train,83fb803fba9d86b8e09953f91b8bb860,237.552,,english,,,pitt
kamv,CONTROL,-203.7376,56.52173,13.346382,16.199774,2.480475,-1.8074182,-6.253124,-1.8133845,-1.6569455,-1.0334977,0.24071267,0.26818025,0.9687448,27.453913,25.634085,12.606212,13.557178,9.081834,7.896617,6.987321,6.076727,6.119407,4.9698086,4.630147,4.060532,4.219945,81,male,train,a908cb804cd5d557f60d60a65f7e4420,279.792,,english,,16,wls
kaof,CONTROL,-154.94164,62.069836,8.425829,1.8947072,-3.8395402,-8.312578,2.5928404,-4.334846,-1.6177701,2.9834802,-6.2190027,0.72335535,-0.590578,39.577938,21.44916,15.950128,19.452751,8.545733,8.255636,5.449239,6.6275644,6.791028,5.530412,5.525944,4.5789022,4.124987,82,female,train,75ef5dbcae72b16c30802728a8d1b99e,316.608,,spanish,,6,ivanova
kbtc,CONTROL,-319.67435,66.51839,4.3965144,5.4071884,-1.4438562,-5.37954,0.97308946,-0.3261474,-1.2509714,1.2098768,-2.3987303,-2.4867444,1.6432616,29.486881,18.935045,19.644773,20.140795,10.977687,12.430255,9.878545,7.209879,8.279061,5.6673846,6.57113,5.4944067,5.3898625,64,female,train,259003adb9c8f3f00ff5d5ea93ff9f7e,166.512,,english,,,pitt
kcrg,ADRD,-272.05106,43.9126,13.6031475,13.850759,8.1502495,4.919307,1.4948113,3.3903768,2.5600288,2.2595,1.276585,3.1462724,2.7495906,28.048622,18.00339,9.305404,8.546139,6.2916255,6.665752,6.231982,5.8642654,5.825472,4.218309,4.0982356,3.887562,3.5814617,85,male,train,ea37f610e8f8f3c37ec7cfffc719ff0c,269.448,,english,,18,wls
kcyh,MCI,-202.74443,53.541695,11.033792,12.476335,-0.7759368,-6.1255994,-8.542825,-6.062336,-3.2146192,-1.8507082,-3.0234613,-0.15913624,-1.0006882,42.63476,45.597008,22.097809,14.417255,11.768577,10.008938,10.384845,8.711796,5.866622,5.5288835,4.701381,4.664661,4.066532,77,female,train,dc22357a3ba426364efb8cfb868dc46e,239.976,african american,english,right,master's,delaware
kdai,CONTROL,-137.34024,54.738937,13.874086,10.988303,4.1308174,-5.763869,-1.0943679,-4.001362,-2.454018,-1.7658495,-2.5157685,-2.2710202,0.62643635,33.005817,24.508217,13.075515,12.296607,7.249137,8.625425,5.371386,5.4409437,5.354102,5.2500687,3.8525546,3.7267582,3.5057018,70,female,train,ee4000211ac4d20d17178b5b74300e08,251.712,,spanish,,12,ivanova
keec,CONTROL,-349.82486,57.099262,18.40124,13.337013,6.2019305,-4.6056137,-6.1455035,-5.649415,-4.21975,-0.56402355,1.0607169,1.3451847,0.20134784,23.820557,21.869253,11.643559,16.690557,12.409569,8.814188,8.751527,7.551106,5.420802,6.306042,5.2678,4.6460686,3.727047,64,male,train,73d89741c1e33f5a1be0567a63f1c289,111.12,,english,,,pitt
keeq,CONTROL,-181.31866,54.1543,17.328615,12.473579,6.2976246,1.136572,4.5280404,0.24466594,2.8084004,3.689968,4.740184,4.4413037,4.029053,26.119083,23.845167,9.333499,10.05815,8.477604,7.1227894,6.445107,6.8493204,5.0544114,5.236825,4.896583,3.565996,3.9279249,73,male,train,e42a1f3aa3245d3f963095980ba512ec,284.352,,english,,12,wls
kegk,CONTROL,-287.46457,47.067562,15.288483,13.075024,4.2837844,5.138222,2.5969641,-0.57691133,1.9999552,3.0719295,1.2215302,2.286438,2.1487346,26.47882,20.306103,10.937748,10.677379,8.057296,7.2206135,6.5274253,7.3058743,6.3213587,5.5122766,4.306587,4.049063,3.6207983,81,female,train,72be78e01156de85a5a20cb0f05e4ce2,263.208,,english,,12,wls
ketv,CONTROL,-273.82162,65.494934,15.691734,9.742351,7.9956717,0.5771812,-3.2767062,-5.5470757,-2.3512647,0.6073203,-0.6244803,-0.09420285,-2.2529361,33.34992,34.08904,15.694979,17.983398,13.399227,10.5290785,9.23039,8.767994,6.478922,6.0134735,5.190727,4.698184,3.9859672,77,male,train,6104bf49481d87e5f5f5f29c78912382,151.152,,english,,,pitt
kfdc,ADRD,-143.8632,51.44853,14.527884,4.6475644,-2.1225147,5.892128,-6.3373246,-0.032634802,-3.1344557,-0.1766469,-1.3758814,-1.7143176,-0.3229509,33.19171,42.346695,14.36106,12.575522,9.824471,8.21113,8.981814,6.420217,5.781137,5.699776,4.5668077,3.8224597,4.0751348,77,male,train,9794ccd38d8cfcb6ed94917519df8a4e,350.064,white,english,right,16,hopkins
kfdz,MCI,-158.94815,45.772564,7.561747,8.530642,9.554898,-1.0918831,-6.2270894,-4.8660116,-1.8637966,0.8680515,-0.6889135,0.52035666,-3.8650064,43.094692,39.42103,15.331867,18.526707,13.712532,8.962454,8.691886,8.37983,6.7267804,6.665289,5.518414,5.061709,4.1129813,73,male,train,df7eebf538ad461f85fb047514b78dd4,256.944,white,english,right,master's,delaware
kflj,ADRD,-313.7518,48.95122,7.0034084,7.595489,-5.135378,-4.4964213,-1.1410657,0.46865115,-0.8026097,-3.8191063,-1.4710982,-3.6171486,-1.5018029,25.648443,18.72632,17.578447,19.51676,13.40253,10.779668,9.906092,7.7657514,7.561854,5.681343,6.5093584,5.285148,4.5112176,61,female,train,d16b961e1440aceaf0520d1d6029f6c2,274.152,,english,,,pitt
kfms,CONTROL,-176.30278,55.35922,14.178702,9.003411,-2.6264694,-2.7699962,3.5654767,-4.0907493,-1.4524823,0.6792072,2.2102427,0.11850203,-0.8004526,28.518295,20.654882,10.899947,11.996756,10.3863125,7.047565,7.3461914,6.06247,5.87884,5.7689385,5.1689506,4.181448,3.939923,74,male,train,7ebdc22082ea78c95f9a3da9c97d0c88,245.328,,spanish,,8,ivanova
kgbm,CONTROL,-285.80792,43.359745,13.424097,12.150355,7.575638,-0.36792594,0.9536609,2.7541008,2.5956097,2.3966682,2.103529,2.9763963,3.0386217,34.2365,23.59531,12.409997,10.845745,7.6167765,9.099194,8.005206,7.0760307,5.783763,4.5055137,4.17093,4.032154,3.534465,73,male,train,d2cc5de81c0691193f0fda38b47eb7e4,274.248,,english,,12,wls
kgca,CONTROL,-191.66766,59.789787,15.439445,11.801704,6.6354957,0.39522472,-0.39714515,1.9703424,2.5935123,1.6269095,-0.5075232,-0.063227996,0.8543558,27.30455,16.431068,10.461997,11.440511,7.6491947,8.424938,6.5222383,5.483981,6.118522,5.374632,4.7559896,4.557246,3.8721416,70,female,train,648a1296d26e4024b81ed0534767ef12,232.32,,english,,12,wls
kgcy,CONTROL,-218.96971,52.691525,9.381357,14.42415,1.853498,-1.0947604,1.746665,1.3476665,-2.366743,-0.6151742,-3.880106,-0.4171935,0.005301665,30.9352,27.186049,13.433767,13.273766,7.7494535,7.4415092,6.9174747,6.66427,6.164657,4.71518,5.7503114,4.425673,3.9345288,80,female,train,6a79b28505fcfa75099b0c09c5ead480,282.864,,spanish,,12,ivanova
kgid,MCI,-333.02234,66.06619,6.5213947,-0.52349997,-3.2486646,-4.061883,-2.6888986,-2.199086,-3.7787707,-1.7587636,1.1340276,0.8630697,-0.65014917,26.8164,18.373955,14.300666,19.214272,13.870481,8.994887,9.161782,7.47399,6.3654566,7.447218,5.7411838,5.974272,5.234167,67,male,train,3415436c7d403c930c105acfabfd6932,208.968,,english,,,pitt
khfk,MCI,-332.4758,62.934372,7.0814624,21.75946,-8.633027,4.7139206,-3.832632,-5.771193,3.602468,-3.695981,-1.6482713,-0.681505,1.0340807,34.71875,18.843786,15.6964855,11.99529,11.547374,7.703729,6.04808,5.89278,7.1692114,3.986346,4.2885265,4.0705333,3.980953,89,female,train,2647a28a6cbe4a74b15b9051b16757e9,186.792,,spanish,,6,ivanova
khhp,ADRD,-287.33365,58.16718,7.8084946,12.932448,-3.076873,-3.6106198,-9.5734215,0.0806107,-4.9273243,-3.7884977,-1.0841614,-1.5441796,-0.32430685,37.396744,25.538261,21.128254,16.200937,12.888547,11.297381,8.915772,9.016986,8.908225,7.0790205,6.0736084,5.016198,5.1065364,84,female,train,44052c212a0950a6d858897b3f1942f8,208.752,,english,,,pitt
khso,MCI,-180.54642,64.60358,25.728483,4.7979093,7.7812386,4.3437133,-3.9358215,-1.9771782,1.6447014,0.5033233,-1.54326,-2.0905852,-2.5782723,26.358238,23.460466,8.954971,10.006486,7.2791924,6.326033,6.9284315,5.429098,5.27653,4.9284606,3.9586375,4.02525,3.449099,86,female,train,5f5ae0211b618f8d43f178e95ab57a86,320.208,,spanish,,8,ivanova
khvp,ADRD,-245.48952,55.272038,12.940285,12.201346,-0.8733975,-4.8527884,-1.5819203,1.2925885,0.64144975,0.9630907,-0.48947144,-0.13877966,1.0956172,27.081158,24.679003,12.049865,12.745115,10.708515,9.75364,5.942074,6.114379,5.8823323,4.572252,4.816106,4.799063,4.4126544,92,female,train,ffc5c391c38b587b3636b351be7dd778,268.68,,english,,,wls
kigg,ADRD,-290.4405,38.59836,11.895306,8.614305,6.7288404,3.7801344,1.4780198,0.27740866,2.31805,1.8017633,0.31579894,-0.27830043,1.1060541,35.043007,18.522741,10.404095,10.2295,8.104049,6.4126663,7.615711,9.120097,7.5053267,5.727518,5.107147,4.388064,3.9469273,81,male,train,3c6058f26878561f388ddc16711a8619,262.608,,english,,19,wls
kihu,CONTROL,-202.78282,47.514603,14.924701,12.182183,1.5407017,-1.7930673,-2.6523767,2.0484931,0.6456666,-0.8483249,-1.7914059,-1.1003745,0.13085222,33.923843,25.107304,13.0423565,12.369458,10.352461,8.254599,7.0272994,6.7007427,6.492911,5.479452,4.7784524,4.7312546,4.2621474,83,male,train,1e2babc4a7e9ae280a92b8c658d6a6a1,241.248,,english,,13,wls
kiyf,CONTROL,-212.46107,46.048244,11.569761,11.792995,6.239396,7.943225,2.2231312,0.7947742,2.0256915,0.43433285,1.682907,2.5950427,0.00986651,41.55577,25.330835,10.437479,10.069492,8.927943,7.1080656,6.102354,9.033612,7.0321755,5.493325,5.428909,4.514093,4.3552327,81,female,train,3fa1774bf65ad4bf98c020345d5f9d54,287.4,,english,,12,wls
kjke,CONTROL,-290.8745,38.402554,8.288462,10.795991,-4.480069,-3.27608,-8.511878,-4.0021796,-1.8712001,0.48615137,1.6420072,0.9763394,0.45228362,26.773623,40.290276,18.69737,18.952902,11.346543,12.087452,9.967866,8.654193,7.5319676,6.1745987,5.8349714,4.707847,3.752786,66,male,train,0044b3d9cfcabfb7de7cd6e55f3ba75b,245.208,,english,,,pitt
kkbg,CONTROL,-282.2466,40.53079,19.332453,14.963513,9.099381,1.420008,-0.32511422,1.7029067,2.571656,2.9530065,3.2787805,4.501941,2.4575016,30.989594,16.51194,11.123018,9.108593,6.354839,8.512461,8.754797,7.3193493,5.828434,4.601376,3.987614,3.9961402,3.7440507,80,female,train,87c463837bc88b001f6a198873f5338c,267.936,,english,,12,wls
kkbu,CONTROL,-296.14932,39.63351,13.2201185,10.257298,6.0465555,5.0085816,1.195893,3.3285165,5.082797,2.424228,1.1436954,1.5604321,0.8402955,35.848705,18.346697,9.701805,10.5711975,7.0497117,6.6403627,7.3814483,6.786192,5.6697884,5.335153,4.0854073,3.564061,3.4181418,81,female,train,f55a24c900e8ec6200fc22734ed5fad1,277.2,,english,,12,wls
kkkl,MCI,-137.31644,51.434628,4.903101,22.75741,-10.017896,9.415157,-4.2364836,1.8427336,-14.61126,0.041345257,-3.5162501,-1.6900355,-3.8806415,33.316914,20.538256,14.885207,11.963665,9.228585,9.668045,7.1826243,7.628466,9.049366,5.516102,5.697895,5.99148,5.4461393,72,female,train,de8dd7eb1196025408b596d0b775f2ab,184.848,,english,,,vas
kkvv,CONTROL,-261.51944,52.75847,15.08495,9.615809,3.5447109,-0.64448875,-0.11911377,2.0760324,0.38563722,0.1000465,-0.4724497,-1.0280823,-0.28474706,27.214245,21.199482,10.191802,13.782873,7.835796,7.2540264,6.4476,5.8875904,6.3581023,5.3421707,4.6123843,4.5428967,4.097061,82,female,train,11dc580014c7c497415bbe8129d822b3,173.28,,english,,13,wls
klbu,ADRD,-246.81702,62.36654,20.90781,15.184194,4.6538515,-2.1338272,-3.542351,-1.476273,-3.0042465,-1.7460572,-0.24292094,0.1291794,0.16931678,25.358349,27.650578,10.802512,14.155832,9.815816,9.1760235,6.156296,5.5401855,6.0061793,5.3534813,4.5567684,3.770286,3.9699614,76,male,train,c6bc3a5f123bbb4338b96f78ebb98ae3,266.64,,english,,14,wls
klgz,MCI,-204.93968,57.038395,10.483215,20.760498,0.17848429,1.5752401,1.002863,-3.9078085,-4.700337,4.5251455,1.2958096,1.2176188,1.5440009,39.594322,39.4003,18.868208,13.95602,11.482266,10.146652,8.190667,8.164415,6.447047,6.8123393,5.4519067,4.3776274,3.666614,79,male,train,a4a5396f9061d2011ed565ca05e3c279,239.808,white,english,right,bachelor,delaware
klrf,CONTROL,-168.52478,52.987865,13.2085495,12.538899,6.220478,-3.7302167,0.3302042,-5.5370755,0.08519349,0.8702026,-2.0517452,-0.18452708,-0.12296108,35.559692,21.251196,14.676153,14.530788,8.915194,8.436383,5.5886183,7.771886,5.7198668,4.7951255,4.3297806,3.9143305,3.5246367,79,female,train,1b3dd243ab9d498e69febe647b96ea9c,295.224,,spanish,,12,ivanova
klzj,CONTROL,-152.28033,61.84861,14.768402,4.0386677,1.0942224,1.0122155,0.50786924,-2.6755893,-1.8784864,-0.3417159,-4.904446,-4.617744,0.2876722,36.787346,21.512875,14.963212,15.689364,8.873512,8.511434,6.37066,6.726767,6.1538167,5.489038,4.9878526,4.0401235,3.9036057,74,female,train,f7b3422eb68acac28ae81e90c28708ca,313.632,,spanish,,12,ivanova
klzk,CONTROL,-155.56616,65.45154,4.8489575,24.171375,1.4578185,3.7885385,-9.527259,-1.9963839,-4.8762584,-3.1321776,-4.7830095,-2.1134567,-1.1790591,34.824955,14.840598,16.071627,14.026928,11.570878,9.162782,8.534853,8.088527,6.7330594,5.392971,5.674954,5.597206,5.044979,68,female,train,a62767cb52866e32e584929c54958018,185.856,,english,,,vas
kmnc,CONTROL,-259.0687,82.87004,17.810595,0.4213687,-2.8175297,-5.16991,-11.495282,-2.9130855,-1.5809926,1.6503685,-0.50982964,-2.9319172,0.97744507,38.469048,20.878902,17.496824,15.455162,9.935026,7.158242,9.5086565,6.4178834,6.0719285,5.073573,3.9903824,4.3664684,4.0901155,57,female,train,1d91d6edf5ee93868e924f4ccf3b82de,133.872,,english,,,pitt
kmup,CONTROL,-271.4057,45.05801,10.917822,5.910414,5.863537,-0.5573117,-2.5764325,5.5843506,3.7697,2.6798298,-0.09321933,3.7900095,2.4834607,44.398613,27.35354,11.364372,11.303786,8.240979,8.090647,7.242358,6.9970145,6.3830304,4.780074,4.4391766,4.1562333,3.8817294,81,male,train,f8a58a29e39a082955797ef60b623a32,240.048,,english,,18,wls
knrh,ADRD,-250.79634,45.32582,15.490188,10.511238,4.87073,-0.97007966,-0.40126982,3.5399904,4.5304103,2.0752594,1.6799747,2.8572168,0.9415128,25.971394,21.738813,11.029668,10.584213,8.373593,8.229833,6.3560166,5.961797,5.850264,5.2041955,4.437466,4.361192,3.908076,84,male,train,a67b0985f14a563e2b7bdaaa0a6afa9a,273.576,,english,,12,wls
koel,CONTROL,-238.8202,37.3152,3.6657903,10.435837,12.187671,-0.5192309,3.2412474,-0.95850074,1.4198653,4.4193587,2.5232203,-0.5410889,-0.4164929,35.667934,12.903284,14.277692,8.057759,6.8924017,8.848933,6.3210077,6.4333544,5.790446,4.9078465,5.0634303,4.1917562,4.4450636,82,male,train,a9a77a4deedc79ab94dd45b190369d82,285.36,,spanish,,12,ivanova
kojw,CONTROL,-265.13077,51.54075,16.891867,11.436177,8.201616,3.9255998,-1.3199172,0.07747842,1.6055001,2.2344723,0.07879533,-0.6659179,-0.040788125,30.810806,21.696842,11.920606,10.000094,7.9601364,6.513292,6.8452797,6.5609336,5.391057,5.3465486,4.975132,4.2506437,3.5537326,70,male,train,3b280193adc688082e8207e30a3a0982,273.888,,english,,16,wls
kona,MCI,-151.94865,70.4313,10.035048,12.523674,-1.1397017,-1.5402579,-0.59974957,-8.165056,1.7143244,1.630982,-2.2072353,0.4502337,2.6927977,33.907913,18.589962,11.272302,10.801819,8.68026,7.4940214,7.0958157,5.948939,6.368127,4.5930653,4.104377,4.4790325,3.836067,91,female,train,e13e8c1d2bac69db7807d013bdef5766,325.296,,spanish,,12,ivanova
koox,ADRD,-212.63902,67.62516,15.596827,13.211777,-1.9048035,-5.5055246,-3.669303,-3.8738737,-0.19646242,-2.0644906,-3.6165152,-0.022520017,0.5264026,37.771458,31.60113,16.978228,17.053104,12.157062,9.326375,9.734848,6.979436,6.338586,5.1567683,4.90496,4.796803,4.071337,73,female,train,50dbccad81ea4a7a76ae3142d9ca7a40,160.608,,english,,,pitt
kozv,ADRD,-251.54086,63.52287,14.682144,8.882938,3.5710056,-2.3668795,-1.8357947,4.2453685,-2.5136259,-0.20085205,-1.8712342,0.022894239,3.010064,37.78964,34.162643,17.461555,14.614627,9.595523,9.453735,9.166233,7.0056276,6.019237,5.190059,4.839144,4.1261926,4.462332,72,female,train,defb3a063c6bc062eb2a388dc5aea3c7,244.872,,english,,,pitt
kpai,ADRD,-248.72424,54.22062,11.598309,19.942081,10.80415,5.467741,5.074523,-0.893035,0.77764726,5.007287,-0.24770656,-0.18452069,5.2858896,28.819855,18.479456,11.306432,9.809996,7.176501,5.881336,8.89291,6.7897167,5.604773,5.621207,4.6299477,4.044683,5.170353,80,female,train,84190c2430bff214382e5d621269afed,246.696,,english,,17,wls
kpcc,CONTROL,-195.43388,51.11721,15.406636,6.31705,3.3667948,-0.2323079,-4.572085,2.4837332,2.3029253,-0.114375345,1.5200608,-0.48616785,-0.006429507,30.771479,20.272928,13.652374,15.072074,9.458268,8.164194,8.418846,6.171799,6.417353,5.4269214,4.822869,5.0087337,4.5124807,80,female,train,7ddc5c81075198687ba686d44fb0fcf5,290.928,,english,,12,wls
kqay,CONTROL,-156.46402,63.058807,7.159925,18.3827,-7.3700194,2.6067805,-8.859186,-1.0332959,-12.010442,-2.9171712,-6.2784824,-1.9824407,2.0392957,37.976685,19.422037,18.69062,16.63548,11.705184,11.021285,7.5710006,7.565677,7.1986456,6.5239563,5.3233953,5.699127,5.4367285,76,female,train,67a22f76c5fb9243f1f2c3b763fbed7e,186.84,,english,,,vas
kqyv,CONTROL,-295.2918,42.5491,18.092173,13.688907,7.5423565,2.9848247,0.32170722,4.3781123,4.7429276,1.5951339,0.07980799,3.361829,3.9140131,31.040962,23.525394,10.480891,10.715144,9.699164,7.6498976,6.151716,5.947099,5.635817,4.871332,4.9044313,4.364794,3.9458253,72,male,train,d0874418b4d0f565c91cd4e63b66199e,264.048,,english,,12,wls
krkn,CONTROL,-158.05219,54.71881,5.093085,13.045931,3.2695177,-1.9207864,-2.4308856,-1.6675516,-2.4700737,0.86548567,-0.8659346,-2.5071325,1.2770184,34.88493,21.004604,12.868434,14.631468,8.673101,8.343713,7.226591,7.3269334,5.904717,5.7294393,5.161766,4.2996264,3.9208066,86,female,train,ee1e85e17dfda6a67c8cdce82c35c138,272.928,,spanish,,8,ivanova
krpx,ADRD,-256.46133,50.458584,15.204157,13.94159,3.992983,4.4971027,1.3821028,-0.91671765,0.82558006,1.1475239,3.5593712,3.0716283,2.624385,29.311478,21.236027,10.841028,12.529025,10.004348,7.8232765,6.7689424,6.856559,6.144442,5.464336,5.4330077,4.5170393,3.9576457,84,male,train,f88991fb61606e1b12f73e0c37b093ac,266.136,,english,,12,wls
kryh,CONTROL,-184.30084,44.810074,12.508099,12.543094,7.143782,5.3880615,3.6533291,4.6318,3.2832816,1.9357269,4.1635866,3.6634638,2.9045663,28.186409,19.353912,10.85362,9.373036,10.302167,8.125069,6.180406,6.33291,5.5380354,5.537977,4.713749,3.9595306,3.5542536,81,female,train,1356fcf02341f7cd9c192007dcf4697f,293.04,,english,,17,wls
ksax,CONTROL,-210.11848,64.145424,7.7389207,6.9674463,-1.2219908,-3.8213809,-6.0507045,-0.63013935,-1.2082956,-3.3212101,-0.73636454,-4.519013,1.3551303,36.338676,32.277237,20.482664,17.478596,10.461544,10.191704,10.575758,7.218628,8.4461355,5.794218,5.027342,5.5514736,4.6681676,72,female,train,161a2ccbde29148db94e8df6c9bd74e3,261.768,,english,,,pitt
ksuq,CONTROL,-273.15997,50.763363,18.800943,15.106155,8.694284,3.9879632,3.7897947,3.9082747,1.8004808,0.5936429,0.16642822,1.4688388,1.7031016,30.876652,16.23479,9.226562,9.773396,8.826805,7.7300014,5.9543104,5.5848927,5.144141,5.0713406,4.262093,4.216423,3.714003,81,male,train,dade49289a84e7b9fc5300163f21e288,110.568,,english,,12,wls
ksyn,CONTROL,-158.63089,65.97022,10.542759,8.328306,3.944256,-2.5573828,-2.7375202,-4.519826,-1.5554838,-3.8538094,-0.64048165,2.4770093,-1.911729,28.416384,28.981401,13.923607,13.507235,9.944552,7.6059594,7.1032276,6.424813,5.86785,5.2292438,6.142137,4.787824,4.973087,96,male,train,606a3e0bb31c9ca6c12b1b55e07716f4,258.048,,english,,,lu
kuew,CONTROL,-285.03482,72.92728,13.250036,6.8695865,3.50498,-1.1054504,-5.60097,-4.005064,-2.5845459,-1.8550783,0.38164684,0.47979683,-0.43612376,29.049654,24.096148,16.900524,21.42242,12.998057,9.988014,9.369369,9.212785,7.022255,6.060888,5.241043,4.4771624,4.084752,63,male,train,bd18f395a4d1fadc1fcab80e731bcfb9,257.472,,english,,,pitt
kuiz,ADRD,-224.6895,72.409676,5.724732,5.9609785,2.73191,1.3953007,-0.9126571,-1.7251407,-1.7290184,-1.5173144,-2.102308,-0.93829674,-1.844931,38.696957,31.722893,21.190836,17.814905,10.660571,9.3874855,7.4436655,6.342337,7.0460615,5.5484676,4.853578,4.3280096,3.6861756,83,female,train,d172fd1ae52472455057357dc41b79d9,216.072,,english,,,pitt
kukq,MCI,-221.30118,61.738625,18.135786,6.0823145,10.728801,1.5204169,-1.7916143,2.3564556,-8.430496,-4.5589757,-0.22140561,0.15425193,-0.047352962,25.91235,16.85107,11.344787,10.486826,9.976846,7.167028,8.596343,6.969719,6.8423185,6.2837315,5.292919,5.4604425,4.1196322,71,male,train,46fe22b8954a1524de0934911198a2c3,295.608,,spanish,,12,ivanova
kusx,ADRD,-234.47641,46.09817,17.044846,21.580637,3.6522012,4.2122564,5.6547318,-1.576005,1.5922754,0.49800858,-0.5099693,2.640634,1.4390222,25.396118,17.31889,8.984405,12.095715,8.592438,7.520158,6.0399637,6.683157,6.041979,5.7113504,4.8818645,4.4001384,4.110664,82,male,train,9880826b132ebb3b23b0137f4eb10b48,272.256,,english,,13,wls
kuzt,CONTROL,-144.43999,57.52488,7.657498,19.018251,-2.1914244,3.5470653,-4.0557632,-6.958232,-0.6338125,1.3260897,0.30767635,0.96371406,0.7025508,36.990665,30.0489,18.686989,15.922442,10.657905,7.570697,6.525471,6.7104487,7.375923,5.2197247,4.6323905,4.736711,4.1876516,64,female,train,445d428b62430afe20cd76dd29b95d06,241.584,,spanish,,17,ivanova
kwlj,CONTROL,-162.97867,57.77467,7.590658,21.068836,7.771398,5.4110885,-0.8781095,-3.8013475,-0.79956365,-0.21180394,-1.3269181,2.5233634,0.8704327,39.19184,27.463888,15.687813,15.162775,10.308452,7.5485153,7.2224364,7.111753,5.4791794,5.8694196,5.1390285,4.3570943,4.0506625,77,female,train,5edc2363b6babd20660cafaa7f65436c,297.984,,english,,13,wls
kwqg,ADRD,-266.1651,57.258408,17.890057,10.106058,3.939333,3.1024015,0.903958,0.22891477,0.06709218,1.2445757,1.7727401,1.7804261,0.22151247,33.235157,27.394886,9.868005,11.907403,11.376457,9.200934,7.563193,6.4557805,6.511347,4.9504175,5.658535,4.640745,3.95794,80,male,train,4063bd11e42f676e194cc3af61189c2e,84.384,,english,,16,wls
kxmn,CONTROL,-154.95973,54.956375,20.69167,15.467683,5.8254147,0.86824524,2.7764707,-1.3514965,3.1842766,-1.4159462,-2.2582247,-0.7653641,-1.6822551,32.312454,24.070442,11.609592,12.035364,6.9053383,6.9003916,5.0581512,6.1796956,5.0969777,4.6734843,4.281806,3.7322736,3.1933603,74,female,train,4ec1dee154acb01484dcf6c2aaf64074,291.936,,spanish,,8,ivanova
kxos,CONTROL,-284.04932,51.218018,17.47161,10.645554,-0.06999187,-0.23654181,-7.716254,-2.6990035,-2.8432133,0.61049044,1.3536304,-2.3871953,-2.3286898,27.425268,20.83151,15.38651,14.698335,11.237916,10.561978,8.812763,7.7682714,7.178546,6.296917,5.1620774,4.863879,4.2717786,66,female,train,b3c3cf094f16d6e3709399aa01b4d0c5,178.32,,english,,,pitt
kxpe,CONTROL,-236.88017,53.02965,13.348652,10.820443,2.5044053,0.3690757,-1.8845627,3.9784882,3.87018,1.7784814,1.194741,1.1011087,0.6375506,37.57635,18.501665,12.370852,14.622527,9.167158,8.886984,8.037544,7.055771,6.7328296,4.896965,4.792578,4.646409,4.1759453,75,male,train,026e90b54a16e30228593bb48b66cafc,251.304,,english,,19,wls
kxph,CONTROL,-240.68309,67.239555,8.150485,9.625342,1.1291378,-1.99698,-8.974807,-4.6059504,-3.3608973,-1.853434,-1.355144,-1.4828866,4.5328765,36.478054,35.734814,18.970263,15.301049,11.591028,9.935434,9.8293705,7.8886905,7.2714663,6.1573257,5.307668,5.196367,4.621433,69,female,train,0379bec786df71d0eab717740acb797c,240.144,,english,,,pitt
kyiv,CONTROL,-274.89917,44.21527,13.065294,11.214543,8.782606,3.8879004,0.34587482,2.1989503,1.3263088,-0.028561184,0.40464205,2.2389762,1.6214049,28.127142,22.07556,10.169799,10.719379,9.298943,6.1098647,6.3229074,6.319488,5.5651712,5.034842,5.150742,4.3533196,3.7551131,81,female,train,20af2e9eca781c07e6aa4941a0d61931,260.736,,english,,16,wls
kyms,MCI,-209.01431,50.80278,-14.265741,9.81263,-14.887028,4.9411955,-3.5487642,-1.0431148,0.22074272,-0.46381596,-2.368094,-1.4498048,-2.0487206,32.683796,18.730724,17.41738,16.14138,11.020481,9.349809,9.877056,7.618779,6.832,6.4879346,5.6424584,5.150019,5.225701,80,male,train,12c20d470a8ed23a87c66ef7a91d2655,202.512,asian,mandarin,,12,ye
kzaa,ADRD,-218.2065,45.508293,17.023264,12.844648,3.3296223,-0.7775786,0.7238216,0.8407167,2.9507172,2.2781,-0.9665845,-1.0597967,0.6439982,34.48651,23.560486,12.722922,11.548648,10.023588,8.313612,7.3436174,6.407318,6.060095,5.4805984,4.6625056,4.833877,4.3317437,97,female,train,4d8e6ad9ce535f940a81e5651de6ea4e,287.52,,english,,18,wls
kzkr,ADRD,-257.0085,57.261204,7.6298947,28.549501,2.6942158,0.37161967,-5.3068705,-8.161938,-0.90330243,2.048933,-6.198968,1.0359544,1.6070203,36.224365,26.4346,16.558157,14.132969,10.56629,10.633549,9.653924,9.463785,7.8096623,7.248571,6.245392,5.7650805,4.9304066,66,male,train,799b28ac15b942f6fba43e674f34a011,216.264,,english,,,pitt
laek,CONTROL,-167.99414,39.226894,7.367759,12.41615,8.12903,6.946402,5.710818,-0.18014334,2.8528962,0.8080632,3.1272993,2.3837001,0.14764927,17.6987,14.404065,9.380064,10.814699,7.768495,6.712431,6.6937747,7.8549213,5.9163823,5.9968786,6.0679584,4.991426,5.096414,89,male,train,14414b708c3db52525ae8e938a531bf6,288.24,,english,,18,wls
laln,CONTROL,-242.33159,58.270985,17.575994,13.939961,-2.017084,-4.714153,-3.8314764,-3.0518143,-4.8682117,1.8990811,1.1387495,-2.5047238,0.57039845,38.159325,31.815445,20.890173,17.951319,10.496446,10.924229,8.964576,7.622931,6.9622383,6.29226,6.3281913,5.522507,4.871855,65,male,train,52721f6c7ecd250d7ccb9f5336d70c74,207.768,,english,,,pitt
laum,CONTROL,-264.6181,55.51569,15.675686,15.9542885,9.70219,2.381381,0.32786292,-2.1060343,-0.60501105,-0.27743053,-0.032559257,1.3418877,1.1693708,33.457638,28.193012,14.026067,9.740389,9.864869,8.217946,7.406461,7.3624854,6.439322,5.0881433,4.948364,4.1051598,3.971503,81,male,train,9cc609b18475e60d3643564cc3305bb5,196.416,,english,,12,wls
lazn,ADRD,-229.22678,64.40691,5.4685936,11.379727,-2.2269616,1.6530081,-4.150809,-1.9747527,0.18990192,-0.95351464,2.1535134,-3.211714,2.2040064,37.27118,34.471806,17.76737,18.062963,12.83117,10.463932,11.4576,7.4612036,7.2342834,7.0591307,6.013845,5.6558394,4.55885,50,male,train,a9f5f964a114b010ed69de9b2482a3d0,168.768,,english,,,pitt
lbjl,CONTROL,-232.35298,45.3329,9.901333,8.938503,-6.1077366,-3.2975764,-6.9848533,-3.4580479,-2.5534642,0.9758708,-0.098889776,0.45398447,-1.2723887,30.097315,27.973858,18.50938,15.607768,14.039025,10.699473,8.611194,9.627757,7.5444098,6.9222345,6.1266055,5.30874,4.188089,69,male,train,6d70abcbd52516944fd3fbafd14f306e,268.896,,english,,,pitt
lbjz,MCI,-234.88693,76.47532,16.477589,6.761276,-1.5467093,1.2788142,0.7387098,0.59971124,-2.8678112,-1.6272432,-0.95247424,0.8249499,1.0292656,37.41871,33.029816,17.243973,16.401375,9.365323,8.872076,8.025975,6.250469,4.9691253,5.316433,4.070654,3.799803,4.029328,50,female,train,c71408f3f064b6fce4c27c3f637188b0,148.464,,english,,,pitt
lbku,CONTROL,-215.00143,51.126423,16.51094,17.149052,12.625785,4.818709,-1.0907347,-1.0682951,1.1068522,0.35617355,1.3235388,1.803588,0.331766,24.298841,22.587622,9.83333,9.2595215,9.247157,7.325421,6.1556587,6.406024,5.374551,5.0811496,5.031676,4.5422444,3.5391777,81,female,train,7aa71bfd75f234e7ae8ee7cfd8a99bfe,286.56,,english,,17,wls
lbnr,MCI,-197.78415,43.9904,9.725573,8.161181,-0.72558635,2.7993863,-0.4818627,-1.7697202,2.2791722,-0.76392895,0.452503,0.77577406,-1.6192013,32.32887,18.893095,12.64022,12.416662,10.90898,7.7983556,6.3915405,6.0045505,5.81652,5.03561,4.1656866,3.7141151,3.841393,55,female,train,28b872dc1c18d0392345c606686c36c1,179.952,asian,mandarin,,9,ye
lctq,ADRD,-122.3608,48.43044,1.2557666,14.281133,3.735227,-3.213827,0.04861512,-2.4235492,-3.2218492,0.35168257,-0.36293787,0.61158156,1.2614398,29.186104,22.009262,16.170477,12.927442,10.529741,8.665903,7.5564203,6.366694,6.363894,6.078072,4.8029246,4.1643767,3.775847,82,male,train,9d306a52a0534c152fb50b43e8594aef,309.024,,english,,,lu
ldml,MCI,-156.45432,58.613403,12.4717455,25.434263,-1.788251,7.986908,-2.9049788,3.593861,-9.080157,3.5263438,-0.23664695,0.8418946,-2.2110083,36.26205,22.81454,18.000614,15.119669,10.723196,11.276964,12.591601,8.740002,8.051767,6.3220916,6.059631,4.6789737,5.2179675,67,male,train,2ea09b10df913cbdf9eab297b612b867,189.096,,english,,,vas
ldqt,CONTROL,-212.16185,63.443825,14.189749,14.711048,3.7571282,2.2476025,-1.6236281,-4.370808,-0.7869955,-0.15498775,0.40316918,2.1743088,1.6653732,37.91653,22.442602,13.063018,10.3430395,12.51786,7.039991,7.306909,6.382615,6.0605745,5.6313057,4.9317284,4.9069047,3.9685702,81,female,train,df0e90f7da1114084cafd1ceddb57375,274.848,,english,,14,wls
ldug,MCI,-158.71632,38.808563,12.381893,15.333661,2.327297,-1.6198162,-8.783924,0.3755757,-4.331881,1.587773,-3.3346653,0.88658327,1.8904275,44.665226,34.87917,20.589815,15.790142,10.701931,9.790068,10.242147,8.393274,7.5904064,6.1670375,5.3861146,5.345989,5.1079,65,female,train,b8d105bbaa4ab5c8129b9b542fcf1bd5,261.432,white,english,right,master's,delaware
lebi,CONTROL,-312.45578,62.421356,7.814079,9.511477,-6.5999994,-8.381105,-4.9137635,-5.5198174,-3.6694055,0.39965844,0.48962587,-2.6064422,-0.6965435,30.62814,22.075705,17.672792,18.26972,11.207848,9.550342,9.046299,6.946936,6.6908374,6.799446,5.4539733,5.1172886,4.7929306,71,female,train,c14656e6a97ca5a0fa590991ccbce997,210.768,,english,,,pitt
lecw,CONTROL,-202.05212,49.861942,11.536232,14.18142,2.5843532,-5.662753,-0.1783404,4.2900825,3.2781408,1.656606,-0.44701162,0.24292181,-0.14513722,32.34723,26.338938,13.09865,11.789069,7.976974,8.338707,6.681633,6.2856226,6.069339,4.530509,4.286658,4.3074203,3.7902033,81,female,train,fa1cf5a77eb151a6eb2cb31e9b4034dd,285.648,,english,,17,wls
lekv,CONTROL,-293.17474,44.883022,16.237154,11.332925,5.848943,1.6992996,1.27375,0.09930013,1.6449008,3.6759014,3.064455,1.5630984,1.6716386,31.68432,17.094198,8.355576,8.784491,6.921587,7.3012166,7.9074626,8.479706,6.282607,5.001598,4.6837645,3.8823562,3.5746999,82,male,train,fbd2b391b8d8a4f6f20e92296828e4f2,260.784,,english,,12,wls
lfpi,MCI,-184.78207,37.1034,0.9075132,12.912124,0.4990557,6.248705,-0.10804959,0.57938397,4.0830154,-1.0817374,0.16308315,-0.31405014,-2.6382656,24.707052,17.731274,11.268679,10.98688,7.9755,7.1501384,6.4313183,5.6639338,5.481294,5.0223722,4.965831,4.8300204,4.3102665,51,female,train,76c52e1a4b95e04eb696ef48a91b45ba,279.6,asian,mandarin,,14,ye
lgcr,MCI,-185.33386,67.695496,15.753159,6.23521,-1.043471,-1.2040912,-2.5520165,-2.2023113,-1.7880105,-2.5205197,-5.2422876,-3.4880846,-0.39836207,35.20578,22.272251,16.138643,13.628907,8.159521,7.2809443,5.9564853,5.4850836,6.4816966,4.8399158,5.0404973,4.0896926,3.8625283,73,female,train,43e7fd370e7a0d32154d21dc9effe9e6,293.184,,spanish,,8,ivanova
lgve,ADRD,-254.43242,68.40594,12.706213,9.315596,1.6496531,-1.8259917,-1.0650249,1.1528279,1.2452211,2.414897,0.017851412,0.5179542,0.738728,31.461,23.75338,18.602852,16.885479,11.257065,11.129199,9.369593,6.7504187,6.6448746,4.892507,4.1988173,4.089173,3.5754466,74,female,train,eaa7320c4ef3de99b8beb75b21ee60fa,276.432,,english,,,pitt
lhcy,ADRD,-285.2672,38.024555,18.312899,17.13869,9.099736,4.241584,5.3197155,2.5683908,4.1032867,5.058449,-2.967965,6.2021294,0.58110255,25.611475,16.962727,9.764545,8.742737,7.036489,6.6434135,5.9463315,5.0679197,4.3927555,4.032535,4.8885226,4.2862287,3.3511,80,female,train,63115fd948bc60af7cc71afa70023010,280.32,,english,,16,wls
lhdj,CONTROL,-240.6172,42.90847,16.382393,11.838231,5.55944,3.560682,4.339163,4.756182,2.653393,-0.13522568,-0.06484164,1.5507612,1.2151052,41.63994,23.90307,9.6796875,8.988079,8.687806,5.923405,5.262607,5.051615,5.17925,4.883389,4.193167,4.2617807,3.6475492,81,male,train,6a54323353e8600c75c59840d41ea8e1,279.12,,english,,16,wls
lhky,CONTROL,-292.75546,53.245983,15.950156,5.332621,4.4302526,0.58898157,1.0693623,0.44232655,-0.84462017,-0.14873822,-1.7063973,-0.8509848,2.1643245,31.556171,21.893051,13.352215,11.715018,7.5229383,7.625714,8.326987,7.057028,7.042283,5.221701,4.6113143,4.5081058,3.911526,82,female,train,db4b5bc73fc6a864b68e83e740092a7f,274.056,,english,,12,wls
lhpl,ADRD,-343.3994,75.0639,15.162361,4.011887,-1.7684444,0.032057732,-2.932817,-2.4361115,-1.5849975,0.31870118,0.80706614,0.37298858,1.2469566,31.289143,20.443989,15.516889,15.012541,12.769675,10.079573,8.760164,7.2140903,6.8078284,6.3958344,5.8986588,5.070178,4.0575886,72,female,train,549ad77bea2684b8e7ca627e35bb59b4,124.896,,english,,,pitt
lhrb,CONTROL,-132.21732,55.045498,15.5618105,15.508691,6.8370686,-2.7631392,-1.0284024,-3.8639612,-0.5777516,-1.7989737,0.4321718,-4.157202,0.2671297,32.862316,21.786715,12.71053,12.90684,8.184408,7.772675,5.9433646,5.6164994,6.2627187,4.3752103,4.502289,4.508199,4.2446547,68,female,train,74684e0b67ad6dbacc5cc920cae0579e,295.632,,spanish,,8,ivanova
liql,CONTROL,-261.59103,47.678738,12.826166,13.506533,7.2325892,2.8965173,1.7063392,-1.0430914,-0.060416352,1.1739234,1.2406584,0.340739,0.041571088,36.7029,22.696508,11.1433935,12.972502,7.4614534,7.69365,7.273688,7.8218317,6.7062097,6.0115304,4.673412,3.9402938,3.7680597,69,male,train,adc86b79268f46ec4f5c3094eab1a5b6,278.856,,english,,12,wls
liya,ADRD,-200.4945,70.4398,11.484705,9.997533,8.275597,5.816051,-4.5633307,0.79309577,-3.6004925,-3.3702476,2.542357,-0.2700134,-0.97822857,30.993088,18.856705,11.639228,9.467354,9.986425,6.9274187,7.213188,6.4610043,5.339508,5.3028994,5.49147,4.224259,3.8171434,58,male,train,c2d40770d0579b47b00adf6130d23e01,279.696,,english,right,16,baycrest
ljpj,CONTROL,-208.29642,57.16652,19.090403,11.539764,2.2332065,-1.4038491,0.60394126,3.5738716,3.1046836,1.2911972,0.32186466,-0.4228725,-0.6659069,36.323627,24.33881,10.809571,13.959248,9.914212,8.525793,6.756821,6.701319,6.6761365,5.6685247,5.1697793,5.0801435,5.079833,82,female,train,5c9aae7f865e1a33937865bd33a051bb,159.576,,english,,12,wls
ljrv,ADRD,-265.33032,40.482533,14.414782,10.564663,6.0322886,2.2429454,0.026774349,0.72188175,1.5813769,1.2681142,-0.4088864,0.1682769,0.0089512,31.695204,23.506708,11.806418,12.12824,8.817817,8.264555,7.750328,7.301078,6.4343905,5.149285,4.944908,4.4753923,4.378094,85,male,train,799ce97607c03040723081acc9919d10,266.16,,english,,15,wls
ljyz,CONTROL,-174.83316,53.34471,6.5091734,10.238834,4.9988756,-0.75269854,-14.504219,-6.9847045,2.7953546,-8.509423,-0.6195841,0.13507803,1.4547899,36.453472,42.468815,20.06973,16.217934,11.988107,8.57318,9.134605,8.01706,7.145991,6.7463846,6.343774,5.126519,4.279666,65,female,train,3329fce9cb9cefafb0d718f96effcb04,209.568,white,english,right,master's,delaware
lkka,ADRD,-176.03476,51.908005,12.367753,22.009153,8.290907,-0.65375304,4.307045,-3.209183,-1.359625,0.7450968,1.516987,0.4284087,0.9459792,22.2385,18.507921,11.121068,11.58105,7.490214,7.6090074,6.6773067,6.710447,4.9065747,5.265269,4.1307316,3.7835515,3.5356085,77,male,train,96ffdd77ff098f9946e93d1853a4024b,293.856,,spanish,,8,ivanova
lkoj,ADRD,-275.91623,35.484394,17.962725,3.6705978,-9.407653,-0.00355705,-3.3942516,-1.1802751,-2.5148551,1.766549,0.061161973,0.66956556,-0.9500554,31.456017,39.018436,17.42523,17.560541,15.036174,10.326059,8.621594,7.8719087,6.798224,5.874673,5.097871,5.1007986,4.469876,75,female,train,c8876d4a0ef292c8fbd83672a3e80096,273.48,,english,,,pitt
llfa,CONTROL,-164.35547,57.27023,5.0803866,6.343889,3.561453,-1.0274215,-1.7451355,0.0039517717,-0.6952476,1.8448105,2.6761005,-0.0953041,-0.38216993,29.97969,20.918425,11.773614,13.926324,8.266298,6.9640455,6.3226743,5.2422953,5.1392,5.260556,4.5964794,4.4501896,3.6741993,79,male,train,59a75c2e3bd2b975d897c55d5a5aca0b,313.68,,spanish,,17,ivanova
llkz,MCI,-149.29828,35.562763,-9.032211,11.630754,-2.5620413,10.095661,-13.744566,5.8062396,-2.089458,-1.2221354,-0.74797,-0.7667795,-0.48138422,48.79411,37.38921,21.802362,18.458954,14.307246,9.569878,10.680396,6.7670813,6.8758802,5.9995465,5.8725123,5.459536,4.5911407,67,female,train,213eba0ab7fc765b50b8c607babf0492,264.312,white,english,right,bachelor,delaware
llnv,CONTROL,-280.4001,49.41417,18.06007,12.654978,9.977203,3.5228963,-1.2228453,1.0288405,2.332037,1.5495434,1.1645206,1.7822503,1.6231513,29.184881,17.859835,9.303797,9.698109,7.393056,6.8721285,7.8569345,6.2542915,5.838097,5.0075936,4.254734,3.6655445,3.505809,71,female,train,650144083b9d28f152ea13529a7497e0,264.384,,english,,16,wls
lmeq,ADRD,-230.09491,47.95329,14.169895,9.806278,5.8138804,-1.9225199,-0.9117491,3.1614816,2.2212384,1.167211,0.6035568,0.2246738,-0.23071116,31.522932,18.940434,10.57041,10.741026,8.700815,8.325329,7.1074123,5.94379,6.0696015,5.290237,4.9092326,4.922851,4.3682423,81,female,train,74d843e11780187f73a6e17645c11263,283.776,,english,,12,wls
lmwe,CONTROL,-157.3276,63.45525,15.538977,25.279781,-6.5548577,1.0854232,-3.1411707,-1.3604203,-9.806507,3.51038,-5.2697988,1.100632,0.46320662,32.271378,18.652214,14.212176,13.664267,9.852158,9.214248,8.069218,7.7658753,6.193735,6.454952,5.526799,4.7397265,4.3739967,67,female,train,5ec555944a525a39b2b7a384600ddc9c,187.944,,english,,,vas
lnle,ADRD,-250.57028,53.48155,23.545145,13.825247,2.9150567,2.4031022,2.4112842,0.39873636,1.7158524,1.2611513,-0.043831106,0.67865795,1.0373799,27.549553,23.469578,10.625906,9.840564,7.121469,7.1264787,7.581374,6.5170283,6.087659,5.023278,4.2653723,4.0125027,4.01312,81,female,train,d9672b81b22c31ec09522fb39d1ffd2e,265.872,,english,,12,wls
lnly,MCI,-162.19312,37.351654,2.8478,12.820552,-1.7179672,1.0207269,0.6351358,-2.9239748,1.5453079,-1.3739882,4.024298,-4.4841795,1.222089,50.163967,50.84179,25.052408,24.046677,14.236296,10.02299,9.077902,7.753335,8.327745,6.385561,5.8161683,5.3990693,4.7464814,66,female,train,ea59ba22d2341dbc500b6c1127f0033d,238.248,white,english,right,college,delaware
lntf,MCI,-152.59464,60.31613,10.977691,15.193613,8.687011,1.9417429,-5.7985272,-2.1083379,-4.0004716,-2.6038737,1.6265862,-0.6240333,0.724704,30.914602,27.454721,13.196163,13.214034,10.087662,7.3460007,7.9984145,6.1907973,6.3399367,5.82195,5.115981,4.267841,3.9060237,88,male,train,673070235fc3e6726df7e363c3ebc83c,300.768,,english,right,12,baycrest
lolv,CONTROL,-236.40141,40.715206,15.367341,11.0629225,11.0757675,4.744992,-1.1126629,-0.50088567,1.4080509,-0.37156677,-0.13123214,1.7482241,1.0837773,27.642965,23.294117,10.208587,10.418352,8.11907,6.5566087,6.7976575,7.1438255,5.319972,5.2829037,4.8006988,4.1377125,3.6292214,81,female,train,c079175fd0c7f28df746685047ce0bbf,287.952,,english,,12,wls
lovi,MCI,-232.30202,43.41656,16.915462,8.214235,4.282829,3.3950677,1.5599811,-0.87987465,-3.6352363,-2.7352154,-3.944714,-2.1565802,-0.7118718,30.328808,20.639057,14.322103,15.229738,8.357655,8.113616,6.6421413,6.4118347,6.4868526,4.95404,4.318039,4.2607346,4.2026668,67,female,train,f4fbb39ad20d0041462e9576af8ed3c4,272.4,asian,mandarin,,9,ye
lqvk,CONTROL,-146.07678,62.993793,14.170922,16.650629,6.0952244,1.1253726,-3.0145984,-1.8361652,0.089040495,0.5999285,1.0486139,1.7317369,-0.5574195,44.331657,22.786718,13.873707,11.936211,7.857306,7.6834254,6.801446,5.336679,6.6293607,4.139596,4.186112,3.9452195,3.7294273,82,female,train,b780f449e453ceff87f40bf39a7b0c17,280.608,,spanish,,8,ivanova
lqwn,ADRD,-208.46474,50.6165,14.61962,12.99721,5.8915114,3.6344776,-0.95805377,2.1647885,0.89213306,0.5779792,1.0250945,1.1296711,1.5992739,23.192612,13.985302,7.1461453,7.6345296,7.744181,6.829266,7.3032374,5.6507816,4.942903,4.5351853,4.3601117,4.212697,3.655367,81,male,train,641e3e34744ff885da5cf13ee15734d8,286.368,,english,,12,wls
lrcz,CONTROL,-234.37106,50.432518,7.302424,5.694623,-1.4724095,-2.8391743,2.5512605,-4.9044123,1.0863249,1.7263017,-2.3277152,-0.63006777,0.24055251,26.544956,23.545187,11.456972,11.355282,7.2428927,8.00665,5.9115486,5.728053,5.4675627,4.8110733,4.4898543,4.2249026,3.8351061,85,female,train,808e355fc667e37c7024a813b96a8c7a,289.728,,spanish,,8,ivanova
lrzy,CONTROL,-263.69183,53.605183,9.836549,4.13967,5.831642,0.0014291122,0.1378401,-0.8656619,-1.2066535,-1.7001473,-0.7012913,0.36834964,-0.4875202,33.50596,27.180515,19.464666,9.533934,8.514762,6.8393674,6.1195054,5.7289524,5.167218,5.012036,4.214574,3.9846566,3.0884643,72,male,train,60e57fc2745bbb31e9588df0ea2e6296,259.896,,english,,,pitt
lskc,ADRD,-217.57652,64.67747,5.251616,5.193327,2.4082007,-3.8435385,-2.1715567,9.968669,-0.3481357,2.539521,-0.65461093,-2.3709583,1.515699,36.87426,28.853882,22.15047,19.895563,11.337088,10.623504,9.809419,8.973145,8.904517,5.211965,6.445717,4.8402796,4.031766,65,female,train,d3f4fdd14a0b4bce354be6d91996be3b,169.056,,english,,,pitt
lsoz,CONTROL,-223.1894,55.501976,13.861356,7.7989736,-0.3401136,4.0710654,-3.762531,-0.6709302,0.5525183,-0.93497735,-6.9225755,-2.6802561,1.1792434,34.346035,24.53709,14.45247,12.764381,8.4449,7.0267344,6.310342,5.511188,6.440386,5.331559,4.8024497,4.1593833,4.510757,67,female,train,4dafbd4b91df6d2f0b8174d627a18b53,288.096,,spanish,,17,ivanova
lstp,ADRD,-233.63338,62.891537,15.243526,9.509655,2.617742,-4.219669,-3.7577353,-1.7768786,-1.6036756,0.58757734,-0.06034387,-0.7137923,0.41202196,26.477304,18.074934,12.740006,11.693003,8.707542,9.089574,8.065426,5.880647,5.8944693,5.7638345,4.7275996,3.9887116,3.9149547,83,male,train,71d36d20a00fc543d5d7b9853724c8c3,271.68,,english,,12,wls
lsxt,ADRD,-286.61053,70.68959,27.000175,10.212638,2.1345224,-3.0936103,-3.7676091,0.6788671,-1.6280261,-0.6946359,0.30787194,0.10931572,1.4037528,37.562084,38.03551,13.263979,14.30258,9.897662,8.865854,8.693769,5.781978,5.2871814,4.6822333,3.6682096,3.6545837,3.447923,75,female,train,d7e2786ce3c2666b4e260c2920a60ce7,205.32,,english,,,pitt
ltbw,CONTROL,-174.58984,48.726944,6.3710184,20.397833,6.1228886,4.811413,0.7151418,2.5202973,1.7517492,-0.9761971,-3.319771,-1.0634916,0.3728961,26.675179,24.30681,11.539319,8.94993,8.805801,6.56635,6.3125324,6.5395937,5.6385117,5.412796,5.314638,5.00473,4.1861157,75,male,train,dac0887a629c5d102e193bd6f2922caa,262.776,,english,,,lu
ltvd,CONTROL,-220.41977,50.245888,11.093328,13.604183,6.3937225,3.5553963,3.3526645,5.8726387,3.2098918,3.0174193,0.9036994,2.5559409,3.644154,30.33404,22.334024,11.549957,12.018424,9.886443,6.7752995,6.883061,6.0043163,5.6552086,4.885418,4.400111,4.221146,3.5763066,80,female,train,d1ae17415774761c0cf7dc9c149a05c3,279.648,,english,,12,wls
luhs,CONTROL,-305.911,73.44527,13.51513,4.693945,3.5355723,-0.60250825,-4.79616,-3.9859977,-3.002546,0.28091842,0.3247499,0.35381284,0.9795567,31.925669,31.01479,17.538864,16.546831,11.924033,9.108376,9.272129,7.463429,6.9216,6.9670944,5.7995563,4.770829,4.38407,64,male,train,408c38584b44e4aae085a6eda2369667,123.096,,english,,,pitt
lunm,CONTROL,-202.04776,49.16183,10.701573,4.7900734,3.1637852,2.3556526,-2.7820644,-1.8532672,-2.1102703,0.698985,-0.84183496,-2.077836,-0.9327792,31.997448,16.243237,12.387285,13.412656,6.5996246,7.1639037,5.2495418,5.6576824,6.781596,4.599134,4.4173064,4.098227,3.8096418,81,female,train,62128de06964e7ce0f373dcf470776fc,282.24,,spanish,,6,ivanova
lunv,CONTROL,-145.06566,53.74689,3.5006378,27.747145,-5.7122602,2.484289,-9.007309,5.3554325,-12.437925,1.1651167,0.49040866,-3.5206957,-1.6488061,34.702454,19.300735,20.711765,15.062421,10.592083,10.633353,8.157349,7.6840487,9.079596,6.98754,6.9417167,6.027559,5.6135545,69,female,train,c1bcb75c6019525705dc969838ecde19,188.064,,english,,,vas
lusr,CONTROL,-179.51596,53.762444,11.173452,14.473292,4.975954,-1.5800722,-1.7793287,-3.948071,-1.0823134,1.8949102,-0.93318784,0.16026832,-0.18986118,27.118942,15.995506,8.747264,10.594887,7.057769,6.942073,6.57088,5.3231807,4.8743963,6.172559,3.8753443,3.7737274,3.6055973,81,male,train,657d1cd158501a5f35ea10b9c1c2cd8b,298.752,,spanish,,12,ivanova
luxv,ADRD,-204.06898,68.17062,8.157004,4.9713836,-2.4266798,-9.77605,-3.784035,3.0177515,-2.0149343,0.9079183,1.3504949,-1.7497423,0.7933047,37.211178,38.63036,22.817102,18.874146,12.787496,10.853536,9.265939,7.558903,6.5897694,6.0948215,5.4845448,5.118646,4.5293875,83,female,train,70e8cff315da1de0d7db60417816f1d3,236.712,,english,,,pitt
lvap,CONTROL,-188.3811,45.725544,9.298455,12.172625,1.1273916,-0.07347459,2.195808,4.401757,1.5757749,-0.17594567,-1.1877818,0.10624901,0.8716765,26.452724,22.331219,11.97793,12.282974,9.342611,7.712909,7.129429,5.463996,5.664901,4.9140854,4.301608,3.8977716,3.8416235,80,female,train,a0422783b8abd4d624abda05bee0cd5f,291.792,,english,,12,wls
lvch,CONTROL,-222.65228,61.53161,16.13453,8.982357,-1.2786819,-3.0141444,-1.6012853,0.10487141,1.1873835,-0.9149368,-0.7535351,1.3679398,-0.056298368,41.431816,39.909817,18.92054,20.238615,13.123921,9.406475,9.372254,7.6869955,6.8184695,6.119799,5.1130037,4.4483395,3.8527896,60,female,train,6a6375083bcc8990f86f2e12cb5e31a6,272.184,,english,,,pitt
lvcr,ADRD,-279.92252,43.263134,18.25714,13.118496,8.652578,4.930104,1.9140515,2.3861163,1.7257758,2.236861,3.350995,5.3723435,3.2875018,26.280788,16.592382,7.9751263,12.485288,8.093471,6.83429,6.8760715,6.3636193,6.032395,5.2321134,4.674113,4.066898,3.8565314,82,female,train,b25db8ba9558adc1e719ababfd28f274,265.344,,english,,12,wls
lvrr,MCI,-358.81235,46.363476,23.874723,9.895639,5.940354,1.240425,0.833804,1.9057461,2.011791,0.773072,-0.3366133,-0.9792823,-1.9659107,22.676008,19.625648,12.035386,12.523386,8.204965,8.013532,6.5326214,5.953397,5.622326,4.9378943,4.516811,4.375013,3.8472908,70,female,train,bc14ad1867e85f8f029b0009d985a348,151.944,,english,,,pitt
lvtb,CONTROL,-221.4394,48.05588,6.3647265,14.0088,9.113478,1.4222821,-1.4410771,-0.12344021,2.1698227,-3.0487025,-1.1649632,2.0052423,0.05410664,33.593052,23.00568,12.729457,16.083025,10.16333,8.042227,7.170195,7.583653,7.492481,6.478266,5.1438785,4.729822,5.5328097,73,male,train,85be4502f6b89c83643d025134be9673,160.032,,english,,20,wls
lvtd,CONTROL,-262.852,51.236927,13.0742445,12.939933,-3.7231765,-4.141821,-10.040942,-2.1835454,-6.1609683,-2.7552648,-1.3350984,-5.7445254,0.2572454,34.277706,38.273342,19.676878,17.649563,13.7081175,11.417749,10.843424,8.358847,7.7783713,6.336056,5.1185756,6.015,4.9646325,57,female,train,5ff29258ca60b8fe106a4df65ca4c6c4,135.648,,english,,,pitt
lvvk,CONTROL,-129.90825,36.574165,8.137874,-3.7097328,-9.821075,-3.050199,-13.266808,-2.36414,-6.180751,0.45781383,-5.1697555,0.51702756,-2.3408332,33.66472,22.992971,14.59589,12.649146,8.09798,8.146393,6.513264,7.4022164,5.330871,5.264622,5.170618,4.422937,4.065031,83,female,train,7618b8d97b9fb89b5c315cf142bc8bad,278.4,,spanish,,8,ivanova
lvvp,CONTROL,-257.43988,47.35352,16.088808,5.653888,-9.527151,-4.6123934,-6.571831,0.26394594,-0.16572411,1.2770231,-0.12471786,-2.4536126,-0.39404905,34.799557,40.293365,16.494322,14.909754,13.102325,11.19167,9.3488,7.2871985,7.585726,6.151912,4.811927,5.0820193,4.334743,64,female,train,c8f10f828832659abd26b118284186b0,205.968,,english,,,pitt
lvzm,MCI,-276.26407,80.03218,4.0318694,9.511596,6.938216,-1.760446,-5.8849363,-4.7544503,-1.4420531,1.0563627,1.3121492,-0.26440758,0.56395763,36.093697,20.27228,14.80421,15.881323,12.823889,8.659625,8.65169,7.0933747,6.313128,7.2026258,5.596923,4.525018,4.0461435,70,male,train,2d67d1c6ce9bb42c6b38359709d3ad90,207.912,,english,,,pitt
lwbo,CONTROL,-199.59357,48.818607,11.368836,13.094712,6.85505,1.2617847,0.8961926,3.1374876,4.06307,3.184818,2.4524837,2.0088053,1.8607786,27.962156,17.502306,9.119852,9.565936,7.1433716,7.162347,6.6697226,6.3239965,5.845315,5.21602,4.880814,4.43348,3.9302118,82,male,train,959abbae92da2e1cc9eb149f7deda903,289.248,,english,,12,wls
lweq,ADRD,-275.17996,50.569782,18.142845,13.513422,9.066715,6.061932,3.329082,5.131092,4.7335944,3.3374283,2.6666226,2.7332687,3.0339289,21.490711,12.5362625,6.399222,6.1723776,4.953051,5.3508506,5.5554824,4.9066772,4.5630655,4.594887,4.2883596,3.6346948,3.1300733,80,male,train,cb9e080a711d3c06afa8407c2551ada3,261.144,,english,,16,wls
lwpn,MCI,-205.5801,48.56125,3.6537478,10.132164,4.157115,3.5003798,1.584873,0.6556961,2.531439,0.861821,0.09728536,-0.23385474,-1.4637532,28.573713,14.310979,12.743736,10.472824,7.666934,6.814531,6.338736,5.790028,5.492001,5.069915,4.735601,4.532311,4.0476747,46,male,train,3133c2da9a5d6d2ed9735d97772f6991,283.008,asian,mandarin,,9,ye
lwvt,CONTROL,-148.92139,53.110844,6.9331183,26.902866,-4.607558,7.3725924,-4.8258357,2.4776728,-11.601294,1.9007933,-1.7356591,0.1598214,-0.66565305,32.348,30.421957,15.423015,14.462692,10.242457,10.266797,10.228108,8.480941,6.9356565,6.1712937,4.954836,4.5823364,4.2846465,67,male,train,1b9db4f62f533eafc5fc3d1a397a35b6,186.48,,english,,,vas
lwxg,CONTROL,-319.9833,49.474884,4.4002275,8.918277,1.6156008,-5.338486,-6.1304955,-0.9437123,0.18411148,1.0917877,1.7245586,0.8894901,2.9033134,27.27344,24.56308,16.332743,16.302494,10.620688,11.60691,11.312536,7.774409,7.634295,5.69348,5.2752547,5.0278687,4.8573203,66,female,train,c2a09d79ba5e386c794e76beabb4be31,203.712,,english,,,pitt
lxee,ADRD,-191.13982,54.15916,13.897766,16.49994,6.611383,4.3761735,2.2801812,-2.8789704,-0.27272886,0.82707316,1.3757639,2.6351047,1.1226817,34.67199,19.253101,11.088369,11.051269,10.901636,7.872775,6.966666,7.8312516,6.4233203,5.9853344,5.36337,4.7973585,4.2404017,80,female,train,d7e2154102ddb1e21b17ea74ab7d544d,228.072,,english,,12,wls
lxlq,CONTROL,-274.2113,56.772797,14.130593,9.59333,7.9882083,0.026930949,-4.3375006,-0.45013818,-0.13539828,-1.689085,-0.18064049,-1.4494718,0.14613435,31.42931,29.824205,14.741851,14.41412,11.712897,10.714147,9.361316,7.3396144,7.1896048,7.2332187,5.910487,5.754896,4.694816,68,male,train,a248c8bf26e60d15a5385019fe13d635,159.936,,english,,,pitt
lxri,MCI,-210.78455,65.981865,11.690249,17.480413,-0.090191066,-6.276879,-2.7983294,1.4022328,-1.7830956,1.0086995,2.5580227,-2.5234392,1.8579787,34.205425,24.175835,14.432183,13.0733185,8.921656,9.332252,6.426553,6.066515,6.2381964,4.973307,4.807441,5.443988,4.483805,62,female,train,5c5e13ccbf1dd4e465297830f9db6cb3,216.072,,spanish,,8,ivanova
lxug,CONTROL,-306.17053,44.845985,18.026476,11.319898,9.039832,5.8036704,-1.5501013,-0.19575651,0.2559097,-1.8472375,-0.44472465,1.4675577,1.1072513,28.754,22.258734,9.101303,10.357867,8.483561,7.151193,7.4333005,7.141858,5.795647,5.1647987,4.3511186,4.018289,3.4515889,80,male,train,61762dedb43bdadb8ebb0c246e0f5e98,255.336,,english,,12,wls
lzle,ADRD,-228.59036,48.978127,-15.582736,-5.2839513,-11.015023,-12.667884,-5.526368,0.327804,-2.9423363,2.0653894,0.9610564,-0.22556046,1.2026618,34.42696,27.887896,26.549398,20.12896,14.095235,12.123254,10.598377,9.30035,7.6995597,5.9454317,6.3184752,5.887001,5.2469554,65,female,train,20b48e8415f48ed7c1802d7262684b1c,253.368,,english,,,pitt
manc,CONTROL,-254.74895,47.87318,12.51841,13.106219,6.8817472,3.9756622,0.7208098,4.2770686,4.612666,0.5654567,0.5493739,1.8947482,3.8395493,36.047146,19.430803,12.464053,10.182017,8.336431,6.5560784,6.315186,5.00693,5.4213605,4.762569,4.4509687,5.139118,3.5045888,81,female,train,ea7b3529d23d4ad2d14065a1d45cc99e,223.128,,english,,12,wls
mapx,MCI,-250.72995,47.235336,9.94855,12.032935,-2.3935926,-3.6066227,0.40881905,1.5206755,-0.22717997,0.57331717,-2.0264,-0.68898875,-0.7202761,30.217598,33.47326,18.23429,18.291267,11.497219,8.56351,7.4440084,6.9786625,6.9068127,5.0894923,4.803035,4.285246,3.846612,49,female,train,971c19382a2dd72176c1643e96ec5ee6,172.92,,english,,,pitt
maxj,CONTROL,-235.11095,59.250736,1.9331207,10.541392,-1.2415184,-6.349852,-4.803325,-2.7071831,0.3109748,0.6256103,0.94969636,-1.1723337,0.13846108,32.19341,19.704544,15.599493,13.007487,10.094712,8.24553,8.029945,5.875672,5.8426266,5.229619,4.5147886,4.4603543,3.9101288,73,male,train,2cb46d8f600e17f1889665dad8d3cd20,267.552,,english,,12,wls
mciv,CONTROL,-258.95816,60.421005,5.383861,11.740989,5.2993755,4.103764,-0.27012184,-2.5042903,-2.0788586,1.7144911,1.6360431,-1.3200312,-0.75253725,32.89568,18.501122,11.394716,12.785266,7.7014837,6.69151,6.407951,6.483477,6.5066185,5.848044,5.152893,4.9979496,4.2924433,86,male,train,e7d095e73d7526dd3b570695eaf59c6f,267.84,,spanish,,2,ivanova
mclt,CONTROL,-267.50565,43.534473,13.72975,13.677338,8.585752,4.7064724,3.146565,3.0834703,4.636348,2.4533045,2.0301094,2.4346066,2.0799465,28.507792,17.5489,9.247635,11.914665,9.000323,7.4825478,6.299046,5.9952292,5.508264,5.0677156,4.718125,4.5280004,4.4828625,80,male,train,6c3dcf61b9df1b4b69099104b046e98e,263.712,,english,,17,wls
mcnp,CONTROL,-182.57144,66.13782,10.528569,10.703819,-0.7358889,0.5891309,1.4895679,-2.1603546,0.8259722,0.45502093,-1.2324368,-1.4101119,-0.28455296,39.45316,24.196592,15.091963,13.570172,8.79915,6.8151665,5.938697,6.014297,5.2142916,4.6768713,3.72409,3.7634215,3.481456,82,female,train,83dee15699d4b8d5b0ebb844a53a5251,301.224,,spanish,,8,ivanova
mcuf,CONTROL,-146.79729,45.11516,21.609045,14.335883,3.0100193,1.2767857,-3.5604098,1.7488692,-1.6156304,0.20883033,2.3250492,-0.21484298,-0.06145835,27.224207,25.12354,12.240481,12.961629,8.572646,7.2352138,6.5576086,6.280207,6.0662084,5.277102,4.797898,4.6494575,3.9599338,71,male,train,4e4d91c35d5bca8db0b9a5653dd029a1,277.008,,spanish,,12,ivanova
mdgc,CONTROL,-205.21603,57.645844,17.279919,19.997955,6.561783,-4.2431903,2.1108506,4.132276,1.6888733,1.4429832,1.5239031,0.27880096,0.08055649,20.48049,14.883563,10.189732,12.674969,6.783833,9.339919,5.384592,6.153774,6.484931,4.353742,4.7630157,5.0197096,4.520831,81,male,train,b26dc7730e565877b8a57e5f7407cbde,284.304,,english,,18,wls
mdif,ADRD,-198.27802,57.623802,14.797689,10.190312,5.2120385,0.35868627,-4.1194043,-1.9643154,0.7507883,1.8073792,0.33823153,-0.5805334,-0.51735574,36.846878,20.83382,12.114821,10.777217,8.076218,6.9237685,8.019484,7.300175,6.320699,5.17128,4.185118,4.3811274,4.0743837,81,male,train,0d366a0cda8f62e4cb0f7c2d794c12c9,223.248,,english,,15,wls
mefx,ADRD,-287.85736,46.49032,17.233032,16.726835,10.847743,6.008106,2.5607755,2.6645336,3.9416947,1.7162147,0.82816404,3.0848508,2.390617,28.135862,24.525154,9.9076185,10.008485,7.4349804,5.988955,5.812102,6.4058127,5.8105364,4.9808464,4.040423,3.7103915,3.1489773,83,female,train,c3eb570979b083c50eefe38a750539ed,262.608,,english,,14,wls
megp,CONTROL,-294.58618,62.9761,20.44265,3.5510023,3.7685428,0.062242128,-7.928884,-1.8036458,-4.427411,-0.6852703,-1.5216845,0.5053627,2.2383125,30.012714,25.231657,12.434579,15.68735,13.8437605,8.373919,9.294075,7.3768616,7.4153333,7.450582,5.4257827,4.519029,4.5180306,73,male,train,11899b29d40687dac848513b36aaaf41,264.696,,english,,,pitt
meps,CONTROL,-226.51848,55.349483,1.6427196,10.714001,3.984018,-1.6787622,-3.0459955,-1.1679873,0.59735096,0.041079704,-1.0765427,-2.5350266,-0.20607954,29.806038,24.104439,14.839057,13.326686,8.512665,7.504097,7.345234,5.400546,5.8770537,5.171161,4.567425,4.139353,3.9992874,87,female,train,b12c69466d5dad373e1e0600827984e6,269.808,,english,,18,wls
meqh,ADRD,-218.30905,63.569252,10.521837,5.047231,-0.6110471,-0.61720425,-7.9142694,2.8263538,0.40157175,2.0776212,1.7829125,0.18821578,0.84280515,44.81242,17.756319,14.3424635,12.664744,8.578765,7.7246165,7.421673,7.6141205,7.719009,5.5907273,5.167111,4.7168427,4.5123577,80,female,train,3355d8f9efedee9d6bbcbd24269c1588,274.56,,spanish,,,ivanova
mfai,CONTROL,-231.43683,62.62016,8.21702,11.409627,6.0045753,0.34049284,-3.3330002,-4.178998,-0.5959834,3.6631505,1.8860897,3.1689699,2.0931518,37.84622,19.870335,13.53889,11.608222,9.149204,8.43649,8.453272,8.156871,6.146886,5.5605254,4.769045,4.166517,3.8511724,80,male,train,3ad5341884985a1f0b4425bef6902776,269.592,,english,,20,wls
mfdl,ADRD,-137.8001,29.876791,10.843824,5.1844735,-6.99702,-4.9060283,-5.770454,-3.1053488,-5.3658113,-0.19548093,-4.056753,-1.4843569,0.86648244,29.447227,25.483356,15.20716,13.878916,7.316522,7.3436728,6.105521,6.7334604,6.071038,4.883299,4.671241,4.417727,4.267098,87,female,train,c916ed83077d0dfd220e850780493abb,280.272,,spanish,,3,ivanova
mfiz,CONTROL,-249.0336,51.126614,17.734692,15.76957,6.1705585,0.5941253,-0.55671686,1.6866817,2.0155585,1.9661745,0.9983451,2.5851786,2.1610577,28.969822,19.511839,10.725109,10.671173,8.030603,8.441772,6.9923673,5.6997275,5.3348904,5.310123,4.6448617,4.34248,4.0484095,81,male,train,29a9e600d4bb084f7dd5bc527d813527,273.024,,english,,12,wls
mfmy,CONTROL,-250.58356,47.371876,14.0591955,13.18316,9.116295,3.9593556,0.09907254,0.87130696,-1.0043379,0.44908515,2.638804,1.3894658,0.34680474,23.908089,18.033321,9.57379,11.184665,9.357805,7.74642,6.4257135,7.0289717,5.9531007,5.239641,5.4032965,4.157857,3.6066823,80,female,train,ae13a25f10a145758e92cec16960850b,283.68,,english,,12,wls
mfnf,ADRD,-285.22873,59.74242,13.163982,15.998641,9.511482,1.7523743,-1.0454152,0.19741525,1.901623,2.2609787,0.79131216,1.1744486,2.7742105,34.636692,18.222773,11.143438,9.912329,6.5308414,6.4413214,6.750813,5.5816064,5.8041215,4.6572514,5.2941475,4.216867,3.8542385,71,female,train,f039dd9f4a5f041e38865f9e6e2eece3,268.344,,spanish,,,ivanova
mgcf,MCI,-239.74124,67.0238,25.71593,12.653983,-1.379628,4.51773,-5.288296,-3.418739,-3.2170002,-3.0517447,-0.52662647,0.47965008,0.7545056,35.5487,39.17218,16.598814,17.70973,13.558983,11.240542,9.511366,7.438934,6.203393,6.342438,5.33424,4.725447,3.7067897,75,male,train,eff47b2d2eb5b0207368b7435c19e880,211.2,white,english,right,bachelor,delaware
mgfh,ADRD,-205.97986,53.769073,12.648475,14.3939085,7.8132124,-1.5206896,-3.1608942,-0.1260801,-0.88618547,-0.6401839,-0.66442734,0.75841427,1.450648,33.54741,19.4002,10.94006,11.087251,8.527321,7.6191654,5.920807,5.9344645,5.7360644,5.1249995,4.7980614,4.143951,3.5695617,87,male,train,2029ba8a9f2cc6911d5b22fbb4cefae9,289.056,,english,,12,wls
mgiy,CONTROL,-313.65952,51.660324,17.608767,-0.1517124,0.1248037,0.28039172,-4.4443216,2.774364,-2.8182878,-3.7732255,-2.8057911,-2.5366316,-3.2170348,22.78812,20.672913,12.828305,15.854089,10.515921,9.925978,8.233566,7.7944255,7.7758117,6.6455116,5.2223053,5.199163,3.879741,69,female,train,0177aa4f8562834846819da0e52e85a8,274.344,,english,,,pitt
mgmw,CONTROL,-244.34372,58.433483,18.121477,9.924782,0.04345189,1.0513039,-4.451531,-4.9973683,0.8449735,-0.69402933,-1.1122091,2.04804,1.0349728,30.366909,32.599834,13.2164755,12.7640915,10.473209,8.3213005,7.695021,6.7926254,5.764755,5.44861,4.6961226,4.371689,3.9848933,79,male,train,4d5e79351262477bceedeae336314bf9,104.736,,english,,12,wls
mgqe,CONTROL,-220.9284,78.65262,17.236612,11.038233,3.0127747,-1.0168682,-1.5445651,-3.0798213,-1.347602,-0.018857678,0.51275307,2.3986752,1.758122,29.15647,18.935574,10.320633,11.873006,8.819438,6.182432,6.1549377,5.9768686,4.263765,4.1893945,4.1420007,3.650475,3.617984,74,male,train,16df0d50a1a726e16e4d25ffd6390af2,155.376,,english,,12,wls
mgzz,ADRD,-249.12366,89.3291,-10.239718,4.0221395,4.7460365,-12.487962,-3.393381,-0.49681473,-2.1671832,1.2944554,-3.0874507,-2.1511936,1.1833929,27.00042,14.381636,17.447577,18.955105,9.924395,12.836628,9.684752,7.3520484,7.7072716,6.4473305,5.572038,4.9811316,4.63249,76,female,train,02f8fe480c77d9ece17bcba58309f7b2,136.248,white,english,right,18,hopkins
mhao,ADRD,-301.82135,40.4654,12.864657,6.328234,3.9146833,0.050391216,-1.7443843,3.2083373,0.98095024,-1.5336981,-1.3589689,-0.26503098,0.43838874,25.339197,19.320929,13.429792,12.139488,8.9739895,8.312353,8.784735,7.72157,7.1025615,6.4290953,6.508577,5.2387123,4.4731784,57,female,train,43e6b1b01842513352c3d94137c11467,164.64,,english,,,pitt
mhxr,CONTROL,-265.70453,85.92438,16.072153,4.0351176,-0.5624936,-1.140224,-1.811808,-0.8256065,3.2999253,3.4126987,-0.2664269,-0.9048506,-0.49507514,34.47058,13.139737,19.561026,16.883389,10.443695,9.443573,8.188401,6.323339,6.656248,4.787203,4.2150154,3.3557162,3.6787467,58,female,train,c4699c534164acbfd1a6dbc3067d92de,178.92,,english,,,pitt
mjqh,ADRD,-282.70093,80.072174,11.34053,7.4665184,0.5461879,-5.891142,-3.805825,-1.4442292,-2.6568086,-1.4698962,-1.7752876,-2.3947434,-0.5360074,34.18893,22.032982,20.095617,18.212013,11.893254,10.788342,8.62692,6.929459,6.862918,6.4308085,5.3783045,5.612234,4.9668593,81,female,train,ef5399d600c448fe2d814ecb3d220972,128.376,,english,,,pitt
mjrf,ADRD,-266.96405,58.145443,16.123356,18.012602,11.556898,3.4882019,1.1826887,-0.08228751,0.28517067,-0.78487414,-1.0085582,-0.60279983,-0.6784847,31.669167,29.296728,11.929537,11.481608,10.094611,7.763739,8.632933,6.8586936,6.146773,4.9069953,4.1641245,4.310984,4.227182,66,male,train,5fb9645b1c6a415837dbff5f382a8a09,177.24,,english,,,pitt
mjxf,CONTROL,-179.72694,52.156986,9.15173,17.832817,8.961843,-1.1857264,0.7253352,-3.7458901,3.6555843,1.0681092,-0.79256356,-0.033900883,-1.8885149,35.017838,27.22506,12.201296,12.437342,8.881651,7.3817625,6.578142,6.4339924,6.036962,5.982952,5.2204437,4.4074697,4.206541,62,male,train,8e874e57f391c6417e2c5038b5520c5c,321.048,,spanish,,17,ivanova
mjxq,CONTROL,-149.04272,67.974495,-7.9181437,15.415385,-9.892462,2.7484918,-8.107463,1.8781294,2.4910276,0.4420348,-6.9101315,2.0123017,0.9406625,32.278,25.776484,16.045977,14.575469,10.107834,8.8445015,8.128581,8.417062,7.6692295,6.1901007,6.0549426,6.563239,4.8656726,69,female,train,18d6c1c68de9861d9a0861682e71c37a,186.6,,english,,,lu
mkgw,CONTROL,-276.30707,53.05175,15.87397,10.64308,7.820448,2.3482792,-1.1215667,2.0678806,3.966737,3.1309788,2.4064198,3.64617,1.245813,31.183933,22.429571,13.806428,12.287177,8.827834,7.832048,8.703643,6.413898,5.771697,4.756366,4.3030634,4.061375,3.7089753,70,female,train,61588bdf36015e313f1b41f7b51c342e,207.6,,english,,16,wls
mkmt,ADRD,-272.8426,81.651665,13.537728,3.869648,-0.8638745,-2.8251565,-4.480756,-2.2678382,-1.3707044,-1.3931279,-1.9683936,-0.7856907,-0.7011252,33.28621,14.176901,18.46614,14.790603,10.659236,8.078659,7.92166,6.8566456,6.248558,6.479333,5.459464,4.731966,4.3245554,58,female,train,507a6612a7427f07f35362f57f7dcc0e,152.976,,english,,,pitt
mksq,CONTROL,-199.66728,62.92997,25.211056,0.77660257,-2.4730344,0.14463393,-7.23308,3.2757695,-5.4448624,-0.030365087,-1.1340721,0.21117884,0.15954512,38.98298,37.1378,16.196684,15.423616,10.17444,9.769278,9.017586,8.026207,6.2393637,4.872187,4.5148273,3.8913164,3.9125955,72,female,train,ba1b4cfcf9c123913c18578f1faf327b,253.32,,english,,,pitt
mkya,MCI,-307.9446,68.93981,15.546469,8.74011,7.629264,-2.5431607,-3.4297879,-1.6722348,-0.39694875,1.004062,0.37422103,-0.88595134,-0.1410059,33.75659,21.793152,15.892352,17.838772,12.167933,9.931557,9.405849,7.173104,6.2739553,6.7836876,5.29096,4.2716064,3.7151024,72,male,train,8f2ef578f57b125f0ec0121214993d80,258.48,,english,,,pitt
mmck,ADRD,-182.06451,54.14225,16.092793,17.110395,2.8126976,1.5543963,1.3450239,-3.3802383,-1.8168644,-0.44928202,-4.832916,0.009222731,0.56749076,35.99427,23.494184,14.299822,13.368889,8.17741,7.7893367,5.9690948,6.242978,6.0654087,5.0267396,4.494197,3.9134169,3.7635539,79,female,train,e6dfc839747065a51f43d5a605c541cc,279.528,,spanish,,8,ivanova
mmcr,CONTROL,-301.77713,36.29687,7.718873,11.157027,12.367677,2.1614754,-0.16488507,3.5671208,3.8771567,-0.24607876,-1.599733,2.1239212,2.8180692,29.22718,24.968557,12.423223,10.898168,7.4256787,6.6631904,6.3207,6.6606026,6.1750116,5.399509,4.9673576,4.3926697,3.9603856,81,male,train,2709578ca02cd7df9e6be699b6ffd377,261.432,,english,,18,wls
mmvi,CONTROL,-140.18573,57.759937,10.236329,23.86555,-2.041419,4.202196,-4.2159204,-5.9433317,1.1126883,-3.8035405,-0.9985098,-0.6134201,-1.222667,37.992416,24.398735,17.70294,14.571072,11.262389,7.3163414,7.020836,6.260047,6.365531,5.4812803,5.0673356,4.3642297,3.9404695,75,female,train,d789b7aff2bf63f62f5b7f75dc247e94,304.92,,spanish,,8,ivanova
mmxq,CONTROL,-190.79819,44.175434,17.72594,12.399528,-2.2070441,-0.2992318,0.86226994,4.0188375,-2.7080011,-0.43081844,-2.2928116,0.1343122,0.16991563,34.99255,38.606243,14.1825695,15.045165,9.574181,8.682989,6.7482715,6.6046286,6.3133945,5.5608425,5.4909596,4.325658,4.064784,71,female,train,fc37068ec0297743a627aa7f27ae61a3,231.216,,english,,,lu
mouc,MCI,-163.22862,60.68812,14.042379,13.258638,1.6985793,3.071717,-3.0451703,-5.430552,-4.123056,4.226419,-1.9077064,0.32381856,1.2613853,37.409096,20.540861,13.164649,14.172458,9.616352,7.377857,7.0844545,6.517873,5.9723067,7.5561657,5.153533,4.2724085,4.139643,89,female,train,b818dea751686714391ff752a76c989c,312.912,,spanish,,8,ivanova
moyb,ADRD,-145.50676,36.140617,18.07191,16.798239,19.404646,-0.340015,5.1598415,2.3874807,-1.6602076,0.89761317,2.0981297,-0.35178247,0.28909126,30.51168,22.142012,11.652631,13.159807,8.337293,9.195261,7.1404643,5.566945,5.3480153,5.3095803,4.4526,4.1885247,3.840921,93,male,train,3d2fdee7893887762a5a86dcc6b87a22,299.232,,spanish,,17,ivanova
mphi,CONTROL,-219.30496,57.389786,19.649284,13.208058,10.964707,2.4727635,-0.5918935,3.853445,5.0982175,2.7501655,1.5207654,2.7256367,0.58388966,25.391472,19.745214,9.730507,8.472397,6.712108,6.661814,6.3821425,5.558504,4.88287,4.5593586,3.8596141,3.966953,4.313386,81,male,train,8f74f3b8490378057235e3c4562c7e33,282.336,,english,,12,wls
mpuj,CONTROL,-165.03499,55.719223,10.219623,17.530489,3.261308,-2.5719743,-3.3131917,-3.383134,-0.8408475,-0.72881746,1.0776764,0.08951039,0.9753757,30.074766,19.42635,11.490232,11.711383,7.237445,7.7047687,6.7740417,5.6791945,6.168002,4.6456094,4.2909174,3.8859582,3.6888657,79,female,train,c7a3fe850fb85b957461474a1b12df25,277.344,,spanish,,6,ivanova
mpws,MCI,-230.06764,74.4395,5.1175995,7.677749,0.6019369,-1.9670867,-3.286114,-1.3020715,-1.4666265,-2.4145143,-1.2152635,-0.38901785,-1.0227748,41.507008,26.311523,16.520733,15.443196,11.157945,8.722683,8.057815,7.977255,6.368514,5.857035,6.005952,4.575961,3.7954233,81,male,train,190d3fa7bc1da08c9d30a7b0d74c3974,265.776,,english,,,pitt
mqap,CONTROL,-204.31866,55.998928,12.76885,10.494731,3.07883,1.8141053,2.225853,1.3653399,0.8176312,1.395325,0.87729067,1.9155551,1.8758008,37.489265,20.168201,12.767557,10.364872,8.630376,8.399387,7.2242985,5.7217774,5.049689,4.4163,4.577767,3.7315848,3.693933,70,female,train,65257bd8b831acc0a87040c411fd89f4,289.584,,english,,18,wls
mqic,CONTROL,-280.22977,50.186275,13.651049,15.26151,8.546521,3.9023938,1.620947,2.2066455,1.1304934,0.96148044,1.3100601,1.179505,0.6494974,35.096306,20.436607,10.125388,11.375316,9.671186,8.26898,7.0752954,6.7156243,6.5720415,5.768333,4.534223,4.1831036,4.0561857,73,male,train,b9431053c3f375a0f54285986c75d7ee,263.448,,english,,17,wls
mqlv,ADRD,-207.08685,57.784496,4.670907,15.132239,3.6503956,3.0799348,-1.2146446,1.9159899,1.1575271,0.005173646,1.0114585,0.59549224,1.5802319,34.086475,16.162806,9.359136,12.00152,11.4147215,9.847841,8.119945,6.527898,5.8116446,6.4376154,4.734028,4.750312,4.285123,76,female,train,2e9b4421e8eb3019f1519bee653bb0e1,157.584,,english,,12,wls
mqug,MCI,-203.20062,56.769897,14.610346,15.453535,6.6401124,-1.0087137,2.2811747,2.4115858,-2.5643222,6.149591,0.90912515,-0.16122575,0.122114934,34.812595,19.746876,10.203573,13.148545,8.624239,7.0565157,6.5144434,5.7769413,6.6270432,5.8808446,4.094028,4.166636,3.7846732,70,male,train,75e9072f7ede702c1cb1d23a3539bc0a,295.584,,spanish,,12,ivanova
mrgm,CONTROL,-328.44446,40.853134,0.84109527,4.70119,-2.059935,-4.7191353,1.2818257,1.2512805,-4.4411,-3.7853374,0.18268679,-2.0202117,-2.5490234,27.270975,20.108309,17.195877,19.485762,11.882919,11.538934,8.520428,7.088938,7.460548,6.0197134,5.700296,5.2426744,5.3231006,67,female,train,b4932676fd9c697bbae8d717398b0c5c,271.2,,english,,,pitt
mrll,CONTROL,-128.02122,63.202732,12.597777,9.827678,2.6565385,-2.0857623,-1.249516,-4.631326,-1.245156,-1.8724365,-3.4137094,-2.314166,0.4937461,35.528168,16.072369,15.607135,12.252954,6.837309,7.7261467,5.517332,5.9589896,6.09516,4.574247,4.413236,3.814817,3.591022,84,female,train,02069513a564953441e697db16f5c438,288.096,,spanish,,8,ivanova
mryi,CONTROL,-151.90231,57.23766,3.1343756,29.136875,-6.118313,12.761362,-0.07540563,-2.5568314,-5.7629375,-4.0575185,-1.7461522,2.6564205,-4.398763,37.207256,22.185244,16.86491,13.632153,11.417916,9.881486,9.774202,8.054377,6.349963,6.963765,6.5816865,4.727005,4.428451,68,male,train,0f6e643d71376e5f7683096564bae4f5,190.104,,english,,,vas
msku,CONTROL,-214.85068,65.17788,9.529385,7.267736,-3.9911096,-2.4756782,-2.2645788,1.4694407,-4.8917027,3.4564466,-0.49910232,-3.11915,2.1439757,39.330097,34.70132,19.692572,19.061283,12.03121,9.8227415,9.451734,6.8878427,6.277165,6.2601027,5.1084175,5.21694,4.9300294,62,female,train,788c9a9aead354b30ee355440d061fb9,270.6,,english,,,pitt
mtbm,ADRD,-252.97197,50.90947,9.864748,14.085855,5.7143254,4.3557844,2.272956,-0.7212216,1.8751292,2.68087,2.3378067,2.261651,1.0061463,40.695843,17.037838,11.184865,11.652903,9.565441,6.2839813,6.7161446,7.820998,5.9406233,6.1224847,4.8318763,4.3282695,3.8412585,82,male,train,8aba89a9bb19862887447e3078030a23,267.768,,english,,12,wls
mtfh,CONTROL,-209.35718,52.523903,7.444464,2.2939477,4.641644,4.4377184,-2.7743952,-3.1368864,1.8347548,0.4322569,-0.3638186,0.101558276,-0.4372007,31.352337,24.33778,14.026175,13.418713,10.479655,6.6944785,7.4629936,7.193569,6.476394,6.043123,5.396331,4.672195,4.3545303,80,female,train,93409d7edd5583b396021ea2b88847af,291.936,,english,,12,wls
mtnx,CONTROL,-250.70221,54.51458,13.164298,16.464113,2.999306,5.9591,0.31027228,-1.0241393,-1.160109,-1.2368358,-0.68624777,-1.2528673,0.21110995,32.846523,22.636974,13.111101,16.72134,10.710487,7.3349776,8.515176,6.4771333,6.143053,6.1944613,5.2144775,4.724088,4.6050816,83,male,train,3434ae6b6067302c1717c72444f8165e,157.968,,english,,18,wls
mtnz,CONTROL,-202.13913,68.53937,11.576059,17.338705,5.492975,-0.7056777,-0.5330993,-0.3795677,-3.9956007,-1.9970195,-1.101102,-2.448988,-1.2266731,37.851284,29.905567,12.560286,14.770357,9.922828,8.221419,7.9596,6.617006,5.350233,6.3708396,5.080403,4.6334825,4.168782,80,male,train,633f23427a60d7ad5f5b745c0e04fdec,244.512,,english,,,pitt
mtos,MCI,-179.40562,64.65361,2.8300505,14.010515,-11.528052,0.71098113,9.182339,-7.1057057,-0.45157966,-1.7830511,-0.46918398,-2.7982283,-1.9478989,32.42048,17.143333,14.686,13.586825,13.361411,9.072368,7.512319,5.9897203,5.7188964,6.2660866,5.313635,4.1599474,4.1901064,68,male,train,e4b5970cf3477cc2aa9c4fc6dd715fd5,143.784,asian,mandarin,,6,ye
mtsa,CONTROL,-262.27975,56.678555,12.527206,12.96325,11.731681,3.430297,-2.2801318,0.20178819,1.3069754,0.31169584,-1.7868912,1.1932894,2.1872602,30.020908,19.74621,11.72765,9.392554,7.264984,7.237195,7.8662887,7.149714,6.473808,5.3506856,5.1296663,4.307987,3.778186,81,female,train,44263f85ee1166f08670d95202ef27bb,262.824,,english,,16,wls
mttk,MCI,-218.41158,59.331917,6.0519247,5.943698,3.368825,3.6919825,3.2130759,0.5619871,0.71476,0.51229143,-0.6365703,0.9781683,-1.3585091,33.319275,17.659103,12.820624,11.924013,8.498001,7.204746,5.7944303,5.075302,5.3848395,5.0326834,4.8489323,4.2008657,4.3417478,53,male,train,be1c90b3131d030a2c59d513280ad93e,159.12,asian,mandarin,,9,ye
mumm,ADRD,-150.31319,47.636066,9.566549,5.16852,-0.7153841,-9.367475,-11.869247,-4.9375587,-4.1499195,-1.5268694,-3.767632,-2.920457,-1.7297485,24.049786,27.932419,13.733278,12.321371,8.708287,9.111314,7.353414,5.856594,7.003775,5.761823,4.9803576,4.12722,4.0386715,83,female,train,25591ff3cb909837b5858fadbb4f0dde,273.288,,spanish,,8,ivanova
mvfm,CONTROL,-205.61613,66.5947,19.496382,14.3157215,1.0601171,-5.5217667,2.3694172,-6.05753,0.55808747,-0.5666117,-0.7165687,-0.75443584,0.6041124,31.291037,25.406425,12.834104,13.057323,8.241302,8.19447,6.246688,5.101328,6.185158,5.1463037,4.3022857,4.099881,3.959928,66,female,train,a56cfc843ed1cef607ad4254263a03d1,241.752,,spanish,,12,ivanova
mvlw,MCI,-158.49239,62.822456,12.293048,19.336855,-8.932542,6.1745706,-7.247639,-4.210748,-8.779401,3.1650875,-4.0847445,0.45490128,-2.1496904,31.021233,24.981941,16.63168,13.672394,11.770571,10.3904505,10.422069,9.674347,7.038301,6.9259906,4.7601333,5.0324063,4.19645,66,male,train,9af65c5ac41bc6df742ae8bc554fa379,190.704,,english,,,vas
mvrq,CONTROL,-216.13644,53.041695,2.130187,15.738316,-0.9934321,-5.878002,-2.8442533,-3.4628513,-1.8636745,-1.9050403,0.36631233,1.8179536,1.1944476,33.80788,17.909777,16.350796,15.270833,10.799511,8.661952,7.6542177,6.541048,5.9416847,6.2059913,4.743836,4.317696,4.318224,80,female,train,5ec5a9491be34055b03239503e7fabb0,190.176,,english,,12,wls
mwao,CONTROL,-298.5384,48.814487,19.295961,11.020942,3.7999582,4.6651325,1.3673545,-1.1706989,1.8634005,2.4508553,2.7637255,3.1780114,2.0298798,24.908033,19.123753,9.543335,9.352448,7.9657946,6.6938834,6.3519945,7.534207,5.5179873,4.9651604,4.924144,4.048006,3.7809076,80,female,train,ac8ec3844bd5bc454087f9fe6d975626,269.064,,english,,16,wls
mwmx,ADRD,-263.60745,92.54991,17.046732,6.698116,-2.3782823,-9.320846,-3.21003,-1.8969773,-1.9182432,0.63277835,-2.4662774,-2.160315,1.0055097,31.502554,15.951596,15.074974,20.583172,10.41508,11.124162,9.239522,6.8185043,7.636804,6.193083,5.4356494,4.6150203,4.578646,83,female,train,ccf1a85750208a0e9fdbb03c91c86c9a,127.56,,english,,,pitt
mwts,ADRD,-277.94183,50.0607,14.678277,10.62777,6.5925612,2.250586,-0.20734113,-0.11013142,0.05018147,0.43092293,0.47576952,0.24382646,-0.61353356,32.38692,24.5276,11.531418,13.936238,9.981592,7.8162827,7.506808,7.0453644,6.2360816,5.762752,4.986109,4.4010954,4.249924,81,male,train,54f9393336773dd1911bf1e36183c0ad,270.0,,english,,18,wls
mxbw,CONTROL,-149.9218,58.411343,5.2406287,25.584217,-3.0776262,4.458446,-5.3308,0.47769484,-14.952878,2.53163,0.4384387,-0.102429144,-0.3168796,30.035826,27.362759,14.563756,14.939624,9.747589,11.994148,10.311897,7.0499625,7.097788,5.983816,5.403274,4.7361617,4.2269554,71,male,train,788cd38f7bc0e6cfca435c059bef5946,186.12,,english,,,vas
mxdn,CONTROL,-195.28096,63.759804,11.804022,12.244878,8.433349,3.101837,-0.38373658,-4.828404,-5.3560495,-3.2671704,1.0412523,0.4932353,0.39836255,25.475084,18.214409,9.699388,10.0653515,8.945042,5.9477887,5.9974775,5.6296678,5.4178057,4.8191814,4.8292246,4.12194,4.119505,81,male,train,8b2c315c94fb041868da702ab97e4ef4,266.16,,spanish,,17,ivanova
mxhi,CONTROL,-203.3308,52.410866,18.445963,12.072248,7.1143026,4.006701,2.9560764,5.1562896,4.474874,2.421785,1.5911984,2.236842,1.9789815,26.77349,22.431835,9.9678335,11.271744,8.257147,7.8215003,6.845318,5.7385087,5.4609423,4.702836,4.2116055,4.0589256,3.9130242,81,female,train,7c7fd03fb70157a3caa24b928d441714,234.24,,english,,12,wls
mykj,CONTROL,-226.70164,50.112633,-0.19077404,4.2497,-7.6282225,-9.2357,-9.160439,-4.8771753,-6.4860253,-2.022423,-4.5885544,-1.6158326,0.54218006,34.301224,28.579304,19.870485,19.149952,13.66614,12.0051,9.932209,10.510162,8.515496,8.1673975,6.67925,5.900698,5.5975213,68,female,train,63c310f1a78caee6b91dbf10554a25cc,237.744,,english,,,pitt
myzj,CONTROL,-175.75201,57.155148,9.356912,19.231012,3.3910484,-2.6341124,-3.573146,3.507542,-2.8813207,0.6682551,2.4845893,-0.8469057,1.078061,44.98736,36.962093,21.662737,18.862679,11.30616,8.880955,9.0994215,6.6427193,7.334456,5.053199,5.5417767,4.6620903,4.5571675,68,female,train,e264dc3210ce0feb2e24149b452f097c,252.96,white,english,right,bachelor,delaware
mzea,CONTROL,-228.58618,72.73435,9.982648,6.185745,1.5473254,2.1968138,2.5778763,-1.159471,5.0098014,0.44376042,-3.948958,-0.8189019,-0.13053545,34.966644,20.201942,15.885025,12.862625,8.421675,6.332543,5.9403324,5.7813,6.2644243,4.2104626,4.935615,3.66025,3.393777,67,female,train,47d5b2fac1b9d3112c6b42a0d3370c4a,267.768,,spanish,,12,ivanova
mzfu,ADRD,-203.7754,41.78055,18.811903,12.545745,6.2117815,-4.4486,-3.8870788,-1.4862254,-3.9278975,-1.2291019,-4.0705595,-3.3256183,1.1617603,31.40693,24.600872,14.606901,13.551824,8.297037,8.099035,7.10469,5.5148983,6.1477838,5.734443,4.3090086,4.135398,3.6351862,78,female,train,06a7d7ba86a7b439de4b6b96c22295c5,232.656,,spanish,,8,ivanova
narj,CONTROL,-195.89478,62.82532,14.461944,11.174469,11.840581,5.691571,2.3015893,1.2127765,0.174637,-0.82054555,1.1307251,1.1428834,-0.5552983,32.703293,21.342787,9.504342,9.902795,7.2946157,6.3306737,5.43294,5.213687,5.7987185,5.2302785,4.7692323,3.5350163,3.5909762,81,female,train,c9d5d40fef8ea11f8ed73064e489613a,284.976,,english,,16,wls
nbbs,CONTROL,-236.82968,60.00338,7.4254613,5.3650284,1.421954,2.3831258,-3.8373017,-3.145106,-1.6239986,-2.822031,-0.15289095,-1.4762775,-0.77776587,29.584055,26.881168,15.499649,16.248262,13.474929,8.969388,9.803151,8.618024,7.2762437,6.9169536,6.0589237,5.4899898,4.66481,65,male,train,3239a38adb1a08750be434083d8daaaa,265.608,,english,,,pitt
nbwn,CONTROL,-235.01549,67.06245,8.057339,7.7568417,0.46127808,-2.4207337,-4.2555003,-0.5396649,-2.5478797,1.1390159,-1.8007936,0.1269302,2.3182688,35.42647,41.115936,19.219913,19.592085,11.475705,9.010358,8.9463005,6.2476263,5.6142435,5.198214,3.9690616,4.0791926,3.842687,53,female,train,ff0104a9ba8b59975dc2386d892b5659,271.728,,english,,,pitt
nbxr,ADRD,-156.81526,40.692818,6.187037,0.124322,-5.5053988,-0.38347843,-8.032649,-3.7376797,-6.127007,1.0460821,-1.8597057,0.3602057,0.3361833,27.434582,20.455677,15.186729,14.778596,7.1222115,6.82997,5.864372,5.1766057,5.876162,5.586301,4.3568563,4.019573,3.9818983,81,female,train,f014057a6d66cff165d30b972dcefa8d,281.472,,spanish,,8,ivanova
ncmg,ADRD,-282.9503,42.069153,19.684452,13.281854,7.608241,1.8109412,-2.1068487,0.6584774,2.1030135,0.27939415,-0.30724686,1.7250861,0.47274855,29.19469,25.026804,11.193064,9.845523,7.7319922,7.4241676,6.982522,6.549616,5.742416,5.0459156,4.0757556,4.2313404,3.9010997,81,male,train,78c4eaed3c76b2c5ecbc9b4c2559acdc,260.688,,english,,15,wls
ncpc,MCI,-156.97614,60.503628,10.854812,22.234636,-7.1108847,8.820544,-8.226361,-3.0759885,-10.124301,-0.72030544,-2.4689195,-0.37553412,-0.11466607,36.28056,20.39678,17.230688,13.501789,9.68323,8.582428,8.217614,8.406795,5.7681437,7.001393,5.06357,4.865839,4.49226,73,male,train,e0ad501aa1572a84a4deb6fbc7a1971d,184.224,,english,,,vas
ndly,CONTROL,-244.16927,56.43595,17.769226,11.6373415,3.163875,-0.99641263,-1.6183326,-1.5693218,2.1247094,1.4558114,0.76686937,1.123211,0.9685272,34.115192,21.3955,12.197937,13.124713,10.603279,9.525058,8.114897,6.5006137,5.7732754,5.86784,4.525807,4.3324866,4.3554077,81,female,train,aac8e3f46aa5bfe378b56949f3957565,112.176,,english,,12,wls
nebc,ADRD,-270.57208,75.10677,14.610753,6.911872,0.7477175,-0.94282585,-2.5823047,-2.9993992,-4.477587,-2.3190446,1.5149074,0.15729019,0.05159674,32.62456,25.884754,16.206863,19.395327,13.612812,7.9289904,8.346744,7.127494,6.5429945,6.0027914,6.2867556,5.049847,4.3129406,69,male,train,b1ac0287595fa3f124deb2d0e5e8845b,231.888,,english,,,pitt
nedw,ADRD,-269.4937,48.015877,11.929596,15.492235,8.373342,4.861651,-1.1987143,-0.8953521,2.7755663,3.5431151,1.3229496,-0.25732845,2.3264987,35.21793,23.18155,10.639025,13.279106,7.976667,6.8699927,6.540228,7.0541034,6.059482,5.890989,4.6261353,4.468722,4.0756683,82,male,train,c9490dbf17098b8306c4d0efd2db566a,264.984,,english,,12,wls
nefi,MCI,-175.13068,58.478767,14.9721,19.538244,-4.217421,-2.121041,-7.2312093,-1.4787928,-10.487526,0.88799053,-3.0252807,1.4934875,5.04657,47.105606,35.264385,21.612432,19.617374,13.133773,12.223956,10.081046,8.028254,7.8730803,7.182738,5.663475,5.6063643,4.841118,69,female,train,662a318601187573ce477a5eb798d07c,246.696,white,english,right,doctorate,delaware
neul,ADRD,-343.66144,57.424202,16.111025,16.427246,2.031685,-2.3472393,-4.674387,-0.659493,-2.445582,-1.4940543,0.45255902,-0.010369953,-2.8300884,30.56464,30.124163,12.279019,13.872666,10.969945,8.48806,8.046878,7.031315,6.2063127,5.8292556,6.3406982,5.116024,4.4654994,62,male,train,0fca45f4d913c5d39a46af3c3b8cd8c7,176.496,,english,,,pitt
newj,CONTROL,-258.46378,58.72888,12.797292,8.954362,6.4489584,1.5057896,-1.8093466,0.12538281,2.2216487,2.6509347,2.3484297,2.0869887,2.0402813,24.970228,16.929844,9.535965,10.171561,7.142426,7.7904806,7.925479,6.2385197,5.579598,5.4653945,4.0466633,3.8946502,3.5501916,81,female,train,07884b4b882a245ae093f17e2e69dc94,260.76,,english,,12,wls
nfpk,ADRD,-265.80624,54.253574,12.242882,10.968451,8.952416,5.3704658,0.7609798,-1.2212415,1.7562447,2.7225597,3.3116505,4.0577474,2.9858103,30.027037,21.960648,9.797692,10.730843,9.4284115,6.538174,6.546168,7.128673,6.2600374,5.48113,4.7176123,4.252424,4.229564,83,female,train,1d6fcd9b98920226517eaee922f63a18,123.528,,english,,14,wls
nhcz,CONTROL,-226.01447,50.25575,15.378712,14.782786,6.275183,3.7092338,-0.59872854,0.3844038,5.156794,1.6054988,1.0399458,2.1876402,0.85258436,29.737825,25.48297,10.88986,11.182954,9.321684,7.354698,7.261365,6.9313097,5.7050595,5.604554,4.0976963,4.043344,3.7910266,76,female,train,97850e3ea489de33a350d9f8836ee64d,284.016,,english,,12,wls
nhrt,CONTROL,-197.09827,49.801586,12.632573,13.014173,6.402059,3.6303287,-1.2172934,-0.8355384,0.7324779,-1.3027806,0.94617856,2.6954377,1.4173603,32.428787,21.24962,10.429937,12.087625,9.327905,7.1529436,7.8001513,6.587643,6.0874777,4.659875,4.6666913,4.228468,3.627556,76,female,train,987bc118ace3f053785c35472be66350,287.328,,english,,12,wls
nhrv,CONTROL,-144.15714,56.065903,7.218977,21.483845,0.16932993,0.58278584,-6.984613,-2.3897307,-6.395785,4.252119,-0.84694004,-0.9327897,-1.670712,36.667156,25.289959,16.447144,13.857703,10.455634,10.151166,7.486081,6.3122573,6.9672155,7.0695314,5.5401464,4.870876,4.499765,78,male,train,b4a1251ef076e89e7c1457085d4482f0,226.128,,english,,,vas
nikf,CONTROL,-266.6779,45.392235,17.507496,14.974912,9.028749,1.6460872,0.23922035,0.48767233,-0.020545412,-0.6410316,-1.7470622,-0.062034182,0.30478144,28.878275,22.173223,9.6505,10.201344,8.669136,8.3972,7.9873714,6.4531145,6.4797153,5.6458626,5.1315675,4.448976,4.4011645,82,male,train,795aba2ec2afd2d403ef1f679ef3d5f1,169.176,,english,,17,wls
nisr,CONTROL,-274.5508,47.388676,15.314849,9.686809,7.882905,2.1059375,-0.9842403,2.4150085,2.8691256,0.6236639,-0.6222884,0.88706046,1.4380932,27.007364,20.792963,11.159597,10.003005,7.8651624,7.204474,6.7442183,5.594672,5.284233,4.8191247,4.376111,4.5639024,4.131628,80,male,train,16a2ad0a45f170b836546cb80911b32e,269.688,,english,,20,wls
njjw,CONTROL,-138.0347,56.219063,13.972722,18.302128,3.647904,-3.2952242,-2.4856753,-3.7003706,0.44216868,-0.24904825,-2.4097102,-1.761683,1.7770035,38.730885,20.858742,15.134093,13.250563,7.3741927,8.441495,6.1875863,7.7452755,7.2156606,5.1661716,5.267618,4.309934,4.4967427,77,female,train,140be61aa44da149eaca92f55e27ad29,234.432,,spanish,,8,ivanova
nkkc,CONTROL,-311.76382,65.953026,9.716933,9.810412,8.916112,-2.4978201,-5.517655,-4.4092226,-0.2315322,3.3757894,1.8194772,-0.07157165,0.21595886,30.10109,13.965893,14.1519785,15.543365,13.791941,9.699206,9.0610075,7.3733273,6.4683037,8.166088,6.648942,4.5887294,4.15178,70,male,train,9f4efd3e8a93b8b556fdc81e68e9c494,248.4,,english,,,pitt
nkou,CONTROL,-168.7836,47.291275,12.202572,5.891193,4.0317388,3.1194308,2.0126877,2.5034177,0.6663976,1.2953439,0.7836434,0.0047617448,0.9845899,31.682217,22.354816,10.4594,8.761523,6.774187,7.719901,7.210468,5.8979797,5.5214,4.796256,4.597174,4.1151853,3.7138479,81,female,train,8afc3d4d4aecf82b6249da2b41de6368,308.448,,english,,16,wls
nkup,CONTROL,-234.49628,55.58924,7.788066,7.8966007,3.7157369,-0.22119851,0.17477511,-0.22460578,-0.90458035,0.8669405,-0.7181772,-0.42687604,-0.6427141,32.70887,24.95976,11.888117,12.815363,9.688208,8.360475,7.246779,6.0018992,5.516705,5.359582,4.1808286,4.181137,3.5074956,80,male,train,2d738ad4ce40b60579b02ba056fdd418,285.024,,english,,18,wls
nlla,CONTROL,-269.13553,52.844036,3.8234887,1.2785549,-12.227412,-1.3373059,-2.7274697,1.5511249,1.6449201,-4.0646715,-0.032716855,-0.8526003,1.7157521,33.26038,29.280819,15.440522,15.501063,15.421988,8.428675,9.734696,8.118121,6.437948,6.3221784,6.1288505,5.4780374,5.2381153,57,male,train,611858895792c93023fdfd8071771407,242.04,,english,,,pitt
nlmh,MCI,-188.32149,73.09303,4.0493274,6.6063647,-8.867844,6.8840933,0.70808977,2.3609257,-6.1637926,-1.653171,-3.8972611,0.48250964,0.12539613,41.90447,20.387428,18.37629,18.823204,12.220691,9.060665,7.8820267,6.442088,5.681429,5.904724,4.9169917,4.509437,4.8040476,69,female,train,5beb20e40083fe7a20032f0c224cac68,221.568,white,english,right,associates',delaware
nmdf,ADRD,-282.78506,59.691883,19.990662,13.0261755,6.2991266,2.0238106,-1.1921936,-1.9232297,0.57383215,1.1263024,-0.11471399,1.832107,2.2860444,27.635807,19.410465,10.702751,9.874799,6.790547,7.116309,6.883904,6.6940103,5.5094676,4.891016,4.2214527,3.9885445,3.432636,79,female,train,69d60607926da562dfb580e29b2e88c7,260.736,,english,,18,wls
nmqh,MCI,-163.91782,62.158783,13.933256,6.843613,2.1675956,-3.2650194,-3.90951,-0.4493947,-2.1485984,2.946267,-4.070455,1.3789684,-2.1888616,28.457884,21.748936,15.675994,15.05681,7.9584293,8.517878,6.486838,5.734388,6.3141437,5.516769,4.8322954,4.564393,3.877056,65,female,train,63f3e0ead09ab35367fbc4151c562368,264.24,,spanish,,8,ivanova
nmsf,CONTROL,-168.57607,68.29326,14.526458,0.79634947,-1.1213051,-1.2918649,-3.4387732,-5.7788687,-0.33594203,1.69593,-4.242385,-2.6173234,1.2763462,32.20224,21.2419,16.3004,12.742792,7.352491,7.341817,6.4880376,6.0199,5.6120024,4.679098,4.3514705,3.6495852,3.7851765,69,female,train,e51160daf570f5fb4b4c600ea6fe161b,293.64,,spanish,,6,ivanova
nmzv,ADRD,-310.06946,43.760834,10.3713665,8.270243,-0.92923045,0.024077857,-5.237461,-0.39960212,-1.7524656,1.0928831,-0.6795992,1.8345989,0.46826035,27.319714,25.961819,16.84807,18.277561,12.493996,11.829267,10.9371605,8.41988,8.144577,6.646926,6.2935276,5.0752573,4.7199373,73,female,train,2c2700f97310bfb7003cd5c7c3e7c98b,269.328,,english,,,pitt
nnty,CONTROL,-255.25168,40.468548,9.917489,5.623003,1.8928164,-7.6437235,-10.128823,-1.5034201,-1.0884532,-0.4159841,-1.3771422,-0.56638634,-1.834692,35.139595,35.706287,19.49261,17.90625,10.219098,12.910515,9.419036,7.751909,8.360436,5.358155,4.976654,4.541176,4.18149,67,female,train,3d533da124c0525db2bf8c3c869ea3fc,277.392,,english,,,pitt
noom,MCI,-191.4803,87.35476,8.133916,9.852912,10.9138775,-4.5922356,-5.7449555,1.8978333,-4.4096947,-3.6076875,-0.9318151,-1.5363901,-0.9262425,34.766113,18.404669,15.682692,19.196123,15.784473,12.265025,11.017097,8.048144,7.562287,7.466929,6.8861284,4.867032,5.217117,76,male,train,04c8630c9ee5db64ca6925e071cb3688,237.216,white,english,right,associates',delaware
nrez,CONTROL,-292.202,54.819344,4.1373334,-9.7065935,-7.2644963,-7.9731946,0.41855732,3.810094,-4.282504,1.1858773,-2.3142977,-2.1293824,-1.0226359,29.59465,26.006432,19.260666,18.077,12.049882,11.972828,10.938454,10.063678,8.800638,7.2146244,6.531518,5.352338,5.8676825,62,female,train,2f49a011480d9bed0482e5275e652128,264.312,,english,,,pitt
nrhi,CONTROL,-239.24399,49.7029,15.76463,11.794839,8.575819,5.874169,0.41743657,4.5884104,3.0213363,0.5656567,1.515967,2.9110792,2.495675,31.046804,21.60151,9.110035,10.310607,9.001336,7.2451158,7.255656,6.371496,5.381933,4.791976,4.330794,4.4854336,3.8704154,56,male,train,e11ecaf2a36bb5e46513c9bb495f3f42,274.368,,english,,12,wls
nsft,CONTROL,-235.1315,50.822926,5.484032,19.058863,8.948294,-0.8913455,0.65897924,0.640596,1.9488978,-0.14978716,0.4626704,2.1978402,3.1265697,35.55273,26.287682,12.254009,14.80968,10.335943,9.45901,7.2057295,7.2918944,5.8966694,5.4652452,5.225802,4.2472124,3.8152554,80,male,train,2e35f3dcbe0a750d5d230dd3d0f6d87c,274.656,,english,,17,wls
ntje,CONTROL,-194.58669,62.058044,12.629391,12.54346,-2.5895476,-1.8021209,-1.814588,-3.1564896,0.59160393,0.40956888,-2.1102288,-0.3226602,-0.9519956,34.99864,12.269421,13.740017,12.698776,10.080613,7.8607903,7.024982,6.096704,5.2146006,4.641116,4.434115,4.215427,3.8622508,81,female,train,8c81c74bcdb6b1e7d95b4cbb6704c83c,277.68,,english,,12,wls
ntqx,CONTROL,-358.1827,49.670273,15.417229,3.089873,0.78085935,-2.506884,-0.47187322,0.69696736,0.1267075,0.5183478,-2.5462017,-1.486419,-1.0375861,24.52397,30.679976,16.249857,16.28197,9.901285,9.175473,7.637312,6.4652314,5.8747473,4.282333,4.0385804,3.8048208,3.1458347,60,female,train,dfd7cef5cf9330a2b89c1e6602a981e1,230.688,,english,,,pitt
ntvp,MCI,-168.50395,40.224674,6.4312115,18.982298,7.369022,12.064055,1.0004408,-0.8855331,0.39965507,-6.058745,-1.4482225,-4.8193274,-0.8614857,48.294994,35.39435,22.107279,15.591185,14.733219,7.963554,8.714823,7.3686876,5.8517685,5.7894697,5.252306,5.1164002,4.7362075,73,male,train,26f389a042ac578838a913d77ea34d5d,256.152,white,english,right,master's,delaware
nubm,ADRD,-267.05652,87.02807,-16.640491,12.4426775,7.6845145,-12.402877,0.27115488,-3.3083336,-4.915215,2.4414227,-5.7627177,-3.4441206,2.1715894,29.09117,11.58269,15.893338,16.998344,9.594215,11.629778,9.169203,7.860126,6.849383,7.3330364,6.5278444,5.280392,5.7822566,71,female,train,1fdd5895764caa1d5999c7d8fdf9b11b,138.12,african american,english,right,16,hopkins
nuum,CONTROL,-232.75467,64.861015,14.37134,6.562035,4.1262403,0.2451335,-5.0866814,-0.60864335,-2.7534587,0.10276205,-1.8562951,-0.94292456,1.9832766,33.36314,16.954237,13.686154,12.777771,8.004383,8.237829,8.922003,7.601937,6.872648,5.4626226,4.3306475,4.581323,4.0813594,80,male,train,c456111eb493cbec15db36a2dea2fb12,262.464,,english,,12,wls
nuve,CONTROL,-257.34995,39.40952,15.079177,12.616859,7.834113,6.3486395,3.456765,6.0474615,5.6134024,3.7912889,3.8631275,4.866615,4.093309,36.664604,15.838474,6.768842,7.994551,8.0820055,5.280119,5.227093,5.623439,4.536194,3.180552,3.9451802,4.29744,3.0927777,81,male,train,eef5315a91852934a2935a32450660bc,146.208,,english,,12,wls
nvjb,CONTROL,-279.11713,55.31927,19.6069,15.152294,4.993935,-0.051956117,2.564132,3.17428,3.4300385,1.229567,1.2560247,2.5894024,2.3943145,27.209518,20.34447,9.817324,11.880159,9.269451,8.126786,6.66441,5.073246,5.012016,4.474099,4.1500077,3.8715072,3.3411715,81,female,train,8b190f3fa54b243fe9bd4769854fa938,258.36,,english,,12,wls
nvyd,CONTROL,-266.36154,48.495453,15.989896,11.588297,9.23488,5.9550776,2.7951946,3.2866821,1.5158013,1.3545285,3.1356363,4.7149534,3.300631,21.66062,13.611646,6.5057797,6.1848702,5.8862543,6.15463,6.0896025,5.989701,4.6664753,4.089166,3.8496957,3.5566876,3.319122,81,female,train,394c662acf5842febb41bffb601b7149,264.096,,english,,12,wls
nwco,ADRD,-342.4548,60.183884,20.486288,10.556558,3.083156,-0.655667,-3.4754152,5.1851087,0.9147033,-0.16662055,-0.6060749,-0.33224577,-1.6765784,29.883738,24.580496,15.630112,14.061075,9.266553,8.512706,8.642963,8.422334,7.4682503,5.0845423,4.704226,4.883246,3.740427,60,female,train,2a204e4c8372e97ce013936e3fc8c493,122.64,,english,,,pitt
nwiw,MCI,-146.45158,58.428425,13.978073,13.995289,6.7942133,-2.8245456,-0.31996843,-1.3671331,-1.2047855,2.2252603,-1.2710438,-1.5180904,0.35089418,43.727055,20.783129,16.90428,16.609377,9.399986,8.882387,6.4770937,6.4428897,5.8245616,5.996092,4.508964,4.1756744,3.528055,79,female,train,ede56a97f1a5633eb9f3a78e3533f455,294.912,,spanish,,8,ivanova
nwju,CONTROL,-176.44427,48.47802,8.3847275,4.249228,1.4559377,-0.9070754,-3.0264668,2.629382,-0.014422547,-0.030547334,0.82271004,-0.46945512,1.7531528,37.58821,23.274406,14.019324,15.40882,8.973197,8.8691635,7.7941747,6.492916,7.0439844,5.691758,4.733426,5.054203,4.4632926,81,male,train,04a6e715e22890f414e0eed0e5c9e58c,285.312,,english,,12,wls
nwqn,CONTROL,-265.82346,55.08545,15.098224,12.565992,0.519171,2.0902808,-0.57311887,-5.818861,0.24600814,1.5764785,0.37747353,1.8172836,0.67470044,35.14646,23.673676,11.2181,11.243209,12.905882,8.666386,8.257235,8.790227,5.9300504,5.3028035,5.2287936,4.290622,3.817995,81,female,train,5a43f06b79518d810007f59f7d579aef,264.696,,english,,12,wls
nyjp,CONTROL,-222.20491,48.83156,15.368375,15.855305,10.287525,7.500656,1.1304749,2.2967138,4.5180464,2.6821415,1.6379007,3.1449687,2.03878,33.9326,23.383236,9.662411,8.681427,10.057152,5.8402,6.611816,7.1282315,5.19943,4.7675815,4.275302,3.938716,3.8600314,82,female,train,cae3a42d84c411bd88579bcf43f82efd,286.992,,english,,12,wls
nyrj,CONTROL,-304.10358,41.246483,15.180412,10.108218,7.972233,3.8865466,3.4648182,6.3490596,4.556026,3.1358697,2.6552656,3.3505843,4.539653,28.949387,15.87885,9.381756,9.726654,6.369656,7.4177966,6.9518175,5.6652775,5.660644,4.2580104,3.915021,3.9283772,3.4041948,63,female,train,f604fa53ec8ad17fbc11cdc4785a9887,262.008,,english,,16,wls
nywx,CONTROL,-267.66483,71.444176,12.672394,13.702576,2.090493,4.6993113,0.40191004,1.3851401,0.40277156,1.3634958,0.21737432,-0.092065945,0.020733517,33.210617,12.956689,10.085589,10.976805,10.124856,5.876641,5.794382,4.694356,4.743212,4.9712334,4.009344,3.9651675,3.4664264,80,male,train,51ff3fed29793e66e022697b058912fe,225.528,,spanish,,8,ivanova
nzfd,CONTROL,-159.67786,59.8534,17.39609,16.219841,-2.6742034,-2.4252892,-2.0542202,-2.7114253,-2.9377215,-0.57956964,-2.3552372,-1.8082883,0.7461823,35.77867,16.580864,14.154807,12.299884,9.861212,8.41646,6.061244,6.043497,5.799387,4.3861175,4.9076076,3.9446092,3.7967012,81,female,train,bca6af5d908156690a7ce68ee6ee6fbe,283.44,,spanish,,8,ivanova
oaav,CONTROL,-242.73033,56.207626,11.392845,12.267654,4.865831,-1.0363432,-1.248022,-0.6560294,1.8522325,1.9023243,1.3140615,1.427499,1.7744273,34.499386,29.866488,13.386096,13.222249,8.066596,8.531674,8.543811,6.9722447,6.3963437,4.910655,4.1033025,3.8089821,3.5713177,83,male,train,a0859c9952889a1b4034eb6e03528d27,269.832,,english,,12,wls
oaje,CONTROL,-222.40929,38.60311,13.713251,15.564036,8.128549,3.7239556,-2.414045,2.0281322,0.33224046,1.9689122,0.6480157,-0.35695317,0.91339546,32.040356,19.8894,11.060164,12.445865,10.404323,7.681189,7.80371,6.778646,6.383104,5.745321,5.588215,4.526233,4.502695,82,female,train,2ce1d0ad11777796fd8346094d56fc27,196.824,,english,,12,wls
oasg,CONTROL,-271.0463,38.65718,7.9128294,12.119143,5.2485805,0.8887137,0.283131,0.68247557,-1.45757,-0.86432797,0.65125287,1.6930597,1.5159265,33.141937,21.889992,12.04475,10.916466,11.878195,8.473617,7.8636622,7.0903997,7.20428,5.918369,5.463653,4.6899195,4.3910055,82,female,train,d7fc243b52a17f23e5aaf45e442c0472,121.728,,english,,14,wls
obvt,CONTROL,-296.83646,50.532597,16.058416,10.649842,6.0021586,2.5381403,0.7433033,1.8089658,3.1704078,0.8883644,0.5977728,1.5244925,2.1504648,24.630148,14.485827,6.9854593,7.6110163,6.576814,5.729186,5.4557014,5.24977,4.8663726,4.5824513,3.964506,3.5629811,3.3329895,82,female,train,1c86bbff994889152e96b0251e780f5f,253.08,,english,,12,wls
ocbn,CONTROL,-210.63158,86.11924,19.26484,10.147587,4.4229054,1.6862581,2.2579777,-1.8037101,-4.6072035,-2.555675,-0.5894087,-1.8396176,-0.7630205,37.884697,25.00331,17.260986,17.660822,9.947664,9.232374,8.306176,6.4138465,5.964021,5.1773744,4.5955343,4.0432825,3.5140917,66,female,train,251d62b830794dc02274ccb6e7780de8,228.072,african american,english,right,college,delaware
ocjk,ADRD,-268.25473,30.096493,15.259424,14.231315,-1.012181,1.1408122,-0.64442706,-2.7426906,-0.85745025,1.754441,-0.37758422,0.6638645,-0.28241166,27.599833,41.528393,15.556382,16.357944,12.009753,9.463669,9.477363,7.2660007,6.1502795,6.0768833,5.825644,5.8466253,4.6178966,78,male,train,b5d7b6d99545f1732649ad3adeeea342,257.424,,english,,,pitt
ocli,CONTROL,-210.02777,52.6102,11.415873,11.061844,6.0607624,0.7182838,-1.2670279,1.7859449,3.944242,1.6099074,-0.5445925,1.2988284,1.4531099,34.80877,20.47004,11.253369,10.058938,8.38092,7.3209033,7.911304,6.535644,5.8547606,4.5743694,4.3023987,4.051364,3.8607786,80,male,train,000fe685d6f896aec1dd0a5aea1d7468,285.504,,english,,12,wls
ocqr,CONTROL,-129.83324,51.44692,18.060839,8.268023,3.0478568,0.34061423,-4.208915,-2.0815985,1.626617,-3.5731692,-2.1361856,-0.27706158,-1.4862298,33.76801,24.405172,14.954795,14.695812,8.344595,7.77211,7.9525476,5.5124693,6.8391385,5.8592987,5.0177264,4.1450186,4.6986704,76,female,train,a3bb58fa3a427288cf54d8a7b784f14f,291.408,,spanish,,6,ivanova
odfc,CONTROL,-139.1862,59.707546,-0.17468224,14.551498,3.1646624,0.10471522,-0.89789087,-2.5876985,-3.2384408,0.21160805,-1.4193974,-1.3301326,-0.58803046,32.341396,20.844343,11.382478,12.476574,9.3500185,9.955119,8.308515,6.404774,6.664696,6.536416,5.9007916,4.75746,4.525787,84,female,train,ce86972207b4807b8765c9ab641a994a,232.992,,english,,,lu
odrl,CONTROL,-291.6901,64.61662,9.868528,6.370229,-2.8069942,-6.8438005,-9.979678,-5.0047646,-4.150876,-0.20814675,1.23679,0.23673005,1.1843469,29.86034,26.417551,15.929848,20.482979,13.185482,11.847931,10.780641,9.425947,7.6885953,7.0098243,5.6924415,5.3462763,4.6526656,59,female,train,71c01e1af89c0b23b0bb2e61271d42dc,145.248,,english,,,pitt
odsf,CONTROL,-188.10686,59.00487,18.841702,0.65482956,5.8957443,1.3296785,-8.230697,1.4699352,-4.083207,2.1503983,-1.8418244,1.1597556,-0.68934005,29.355524,36.348938,14.330694,14.245593,9.351376,7.874649,7.364662,6.576352,6.365168,5.217149,4.405258,4.161863,3.791473,72,female,train,ad11950887ecf68420d143b579e01192,267.12,,english,,,lu
oebq,CONTROL,-271.1436,46.924454,15.429465,14.155632,7.6974983,2.1360888,-1.8710061,-0.30254534,2.0811942,-0.66186035,0.48219547,2.447447,1.1896739,34.94301,24.009592,12.114177,14.241808,8.988478,8.428448,7.2265286,7.786023,6.752565,5.660778,4.9018965,4.1582932,4.555849,82,female,train,c65ee49ed0a818b1d1951c3eba6969f0,129.936,,english,,12,wls
oees,CONTROL,-145.27654,54.463074,9.835369,24.118093,-8.344297,11.773093,-6.7672467,1.146824,-9.869742,2.083484,-6.3647523,-0.8515948,2.4606278,35.868385,13.310577,15.495352,11.09596,10.500938,7.9041533,7.8623724,6.7234793,7.178923,5.589819,5.5326967,5.046296,4.9378877,68,female,train,6a3cc02db57d008476b3435a57900444,182.112,,english,,,vas
oeft,CONTROL,-177.22354,65.435196,14.297686,8.120323,0.4302725,-0.44069365,-2.0482295,-3.2938576,-0.08159929,-0.9359575,3.6743956,-4.7274537,-0.3635603,35.70306,25.358786,15.113012,13.771358,10.130502,8.371285,6.6209664,6.287889,5.9090853,6.0064926,4.9237633,4.4845824,3.6245341,82,male,train,0882b933b767ee46a3ab5a2ee35c4c09,310.656,,spanish,,6,ivanova
oelh,ADRD,-329.34348,32.761837,5.845295,6.1023703,-1.3085065,-8.259687,-3.9202447,-3.49006,1.3262962,2.7168233,2.7567966,1.5578946,0.39368397,24.14166,23.166939,16.505817,17.210749,12.963938,10.297539,10.303933,7.205847,6.7754946,6.3661346,5.8335595,5.3245845,4.1842294,83,female,train,cbba1f67e93c2c9cc37828b0399b676d,265.992,,english,,,pitt
ofhi,ADRD,-236.81955,37.10148,8.595563,19.50568,9.815547,0.08451853,1.9515059,2.463291,3.3824558,3.4581497,0.15123542,1.7064991,2.5112598,30.154099,22.603317,10.526645,11.636325,9.570272,8.154588,6.112658,5.968606,5.8001633,5.332394,4.5110497,4.098814,3.8843946,81,male,train,17d018516e0b82f50d02ad6e79dbaeca,284.784,,english,,12,wls
oghy,ADRD,-130.49933,50.07382,-4.8847413,14.911758,-13.84521,7.5045586,-14.029131,3.9621465,-7.2134557,4.8103456,-3.531961,1.778959,-1.5191581,31.553867,16.402683,12.469769,11.58335,8.36189,8.697265,7.324158,6.2492514,5.9408164,5.5777264,5.3053966,5.0299926,4.1542745,68,female,train,0973a468e0150ce23acbf35f9528e539,180.264,,english,,,vas
ohti,CONTROL,-202.24753,49.80651,8.652267,14.424617,9.327794,2.3915982,-2.7143095,0.09874513,4.914215,1.664401,1.6109203,0.74691314,-0.07570369,35.259193,21.592001,13.064234,14.096679,10.597313,7.4476666,6.694465,7.179206,6.177437,6.8161325,5.247748,4.1504345,4.563742,81,female,train,be8bcd391387726f52de5e42c677ffa6,291.648,,english,,12,wls
ohvh,CONTROL,-253.77412,41.607414,3.9515865,26.028841,-10.852399,-3.6545107,-6.9059567,-7.6257467,-0.57585853,-0.5752451,2.4923363,-1.084033,-1.731143,35.15515,27.871574,15.311847,19.60681,17.435926,10.331302,12.015055,8.616616,7.9640956,8.126646,6.625012,5.670813,5.1033173,74,male,train,6d82f8a4f9e81ba1f1c6d1d63165c314,206.592,,english,,,pitt
oixw,MCI,-243.94339,66.18022,3.4642289,-3.4828484,-8.541027,-4.1452603,-5.1374006,-2.987166,-6.2247667,1.0122952,-1.442328,1.533361,-2.3810444,42.356655,27.347136,14.85881,16.075356,11.082035,7.652015,8.50811,8.411679,6.209246,7.449556,5.705607,4.938471,3.6077633,78,male,train,fcdd231cacd67123885335c1af1d089c,231.072,,english,,,pitt
ojmf,ADRD,-270.17084,53.259033,15.055349,16.314508,9.804251,4.3438554,-2.6324382,-1.6473581,1.0716203,1.4414726,1.4186158,1.6172607,1.3960985,30.99288,26.251534,11.14767,12.337269,9.198658,7.826662,6.8145876,7.5438366,6.437674,5.155597,5.2060995,4.276795,3.6228454,80,male,train,8f50e23644d3ad8c6b29d8122794f0ca,261.984,,english,,12,wls
ojvu,MCI,-136.2552,58.054035,5.99249,28.719103,-6.5574527,4.5279255,-9.821601,2.8046265,-12.329102,-3.3184276,-1.596841,-2.3335981,-0.4792304,31.200958,20.479153,13.614461,10.951331,8.89954,9.211483,7.3496723,7.213008,6.1471734,6.2427487,6.0615716,5.5341506,4.9500594,72,female,train,849458256cb4a1939a5a3eca44d64816,186.432,,english,,,vas
okcw,ADRD,-162.77785,42.6146,13.867901,10.057664,5.7175155,7.3755627,2.2156239,-3.356516,-1.744817,-0.29878163,3.0150936,-0.4858309,-0.7076361,27.983019,16.999046,9.553742,9.070601,8.281518,6.349246,7.103355,5.8270264,5.4030604,5.363257,5.069856,4.1281524,3.710741,67,male,train,f6bf9b539220e5478a6a9186dcffc248,298.848,,spanish,,17,ivanova
okip,ADRD,-229.55493,49.503296,20.996817,10.958079,6.561588,4.3356223,-4.4096065,3.7164507,-1.7450589,2.983903,1.5574647,-0.7670317,-0.17055911,37.949596,20.677773,10.619263,13.05283,9.665474,7.2707996,6.2530136,5.9787335,5.077427,6.0415177,4.4580407,4.037501,3.2789123,57,male,train,be9c5f8376978077c36ad99887c1eb07,297.792,,spanish,,17,ivanova
okri,CONTROL,-224.3276,45.12713,4.866402,11.65628,0.91518235,0.10407683,-0.87068534,2.7390745,0.597301,0.39806354,2.895555,2.6706443,1.6866224,29.210247,16.026289,11.625045,11.682172,8.325135,6.6102114,6.5221987,6.198863,6.106705,4.8418956,4.393744,4.060405,4.009094,80,female,train,3cd74bcbdc1daaa52bf2bd290f7af2ed,266.208,,english,,17,wls
olaa,ADRD,-356.25452,52.28266,14.023808,10.229523,5.472386,7.74706,-1.4138335,2.0968943,-2.8320093,-2.777838,0.21476987,-1.7774583,-3.0739088,26.569323,28.063032,15.386871,17.576334,9.332821,9.798716,8.764314,7.3827057,6.085944,6.1160727,5.6240597,5.180294,5.152342,61,male,train,b22027cfd143b2064e291d9eb435b993,154.632,,english,,,pitt
olcy,CONTROL,-141.83655,59.63478,10.019928,14.089638,7.601615,-9.015504,-3.0774324,-3.677145,-1.1920828,0.054458853,3.8232443,-1.0224564,-1.1228149,34.02035,21.581892,11.137687,12.245634,7.03813,7.8746405,6.940377,5.2509007,5.407016,5.5421124,4.901792,4.2376475,4.083883,79,male,train,96d9b6fddb9231d360a942b7db8306c8,296.208,,spanish,,8,ivanova
olnn,ADRD,-287.85895,52.42074,15.596088,-3.8456779,-5.9085536,-0.63924927,-0.062090293,0.724815,-0.9115834,-0.07073757,-3.234088,-2.385109,1.0210564,25.920488,43.587475,17.607096,22.261625,12.745145,11.581778,11.373262,9.407308,10.428447,7.4518175,5.8626533,5.323909,4.7327957,65,female,train,c7e6357646c4bb286d8f295b6037c3ec,157.704,,english,,,pitt
oloe,CONTROL,-268.04977,47.299118,17.617842,18.878557,5.5132513,2.3644052,2.7698,-0.44691795,1.051907,1.4137427,3.7638655,2.3905878,3.2817168,29.829607,16.151766,9.240622,10.182238,8.673338,7.514988,6.8189073,7.2536845,5.2606125,5.241741,4.321948,3.829104,3.4776616,81,female,train,bfab2fc2733f9b13d439b9570ce15164,266.928,,english,,12,wls
olub,CONTROL,-135.81297,51.394817,5.123614,27.811543,-10.918496,11.61736,-6.333396,4.662473,-6.4506555,1.1151731,-4.0053425,2.7999778,-0.15933605,39.106277,16.230528,13.736411,13.467301,9.68564,9.124155,7.593388,7.4877725,6.6095047,5.945509,5.0058155,4.768374,4.944805,74,female,train,1833e26fe22b3a5ccb7d720f919ee651,184.44,,english,,,vas
olwg,CONTROL,-275.33844,67.023926,6.644107,4.005485,-3.4276526,-1.2698822,-4.120656,-3.970355,-4.9348598,-2.923989,-1.3384476,-4.5621195,-4.3923726,35.305145,16.132006,18.892353,20.643059,16.347248,14.830937,10.0115385,8.462165,8.78651,8.150045,8.506362,6.926335,5.123209,56,male,train,fe6292009568bb5407867a8164c76679,115.344,,english,,,pitt
omct,ADRD,-215.38667,52.189186,-5.096052,14.347764,-2.2486784,0.7641616,-2.4465187,-2.1541443,-1.0196177,-0.40595287,-2.7627325,-3.3717017,-1.2881699,47.2041,30.350048,23.816883,21.246206,13.930633,10.956317,8.500367,7.270648,8.190091,6.5184345,6.6386666,6.0935783,5.3365374,65,female,train,0b83e32bb43e6d5a6d9997ee36c3b116,78.552,,english,,,pitt
omen,CONTROL,-285.868,44.826668,15.549665,10.0530815,5.38957,0.75673467,-0.39948645,2.1641726,2.6713362,1.7449919,-0.15105836,2.0830219,3.610977,32.093193,20.395079,11.352071,10.678004,9.569411,7.605072,7.784937,6.383153,5.7303886,5.1154537,4.287509,4.3903527,3.6403904,76,male,train,9a9d3ed4328ab4af5ef18e9e05a8e4cf,271.056,,english,,18,wls
omli,CONTROL,-199.07782,56.051754,9.37598,13.483288,4.04137,2.1397564,-1.4960237,-1.5142618,1.3778191,1.7233186,-0.84652895,1.5804809,2.169182,30.535585,24.780214,14.637997,13.972948,9.341784,8.27695,8.610476,7.5491996,6.4563646,5.3821177,4.6254377,4.5457044,3.6260312,81,male,train,fe40dd7e44eb188b75dc4de2f4c6092d,278.4,,english,,12,wls
omnt,CONTROL,-236.21692,35.93311,11.825774,7.700595,7.5968003,0.8139441,2.1712713,0.9263489,3.2293754,0.84497136,-0.06367967,2.3721235,1.1602448,24.961988,14.623703,9.255086,9.954488,6.4605875,5.8712115,5.4030914,5.591631,5.1311665,4.4598036,4.446886,4.067826,3.805692,79,male,train,2435219c74a95a71076064585742976b,284.736,,english,,18,wls
ompb,CONTROL,-255.03906,57.676105,19.025906,13.272959,5.849372,3.9795847,1.0009356,1.3073466,3.8618758,2.3900812,0.71364254,2.448908,1.5765272,31.298382,21.734716,10.603951,10.253193,8.020277,7.1192775,6.827081,7.0918136,5.39551,4.587009,4.2354116,4.3905506,3.539359,80,female,train,2557998c656fefefb0336f63ffdf4c12,265.392,,english,,12,wls
ompz,MCI,-166.8573,56.775696,12.809689,17.089773,-4.5289054,-1.5354146,-0.49752593,-3.7337587,0.48511487,-4.25107,-0.61741215,-0.88149333,-2.6285222,46.441006,30.381578,19.703796,19.953627,13.828437,9.476029,9.746906,8.596003,7.6016145,6.5777516,6.3586154,5.366687,5.20842,68,female,train,1a2ad2f5f3e11e0b7c96721f7f2d4ed2,250.896,white,english,left,technical,delaware
oniv,ADRD,-202.65895,66.19167,3.1047328,14.114448,2.812898,-1.8557762,-5.8247705,-0.93077993,-1.2792386,-1.9765896,0.5723936,-2.4313877,-0.84931105,34.873848,20.180902,15.811427,14.749529,9.476709,7.999807,7.9256654,6.906741,6.6909356,5.509714,4.890861,4.7999783,4.3922267,81,female,train,d4ec89aee0a560fc59a45932f9dfef59,268.752,,english,,12,wls
onkt,CONTROL,-286.14963,56.26975,19.718039,12.560132,5.831227,1.2544564,0.42569536,3.368283,3.2931397,2.631233,3.2806203,2.3374944,1.0931916,31.555397,20.780478,9.341387,10.58326,8.614679,7.652905,7.379035,5.515957,5.565836,4.6382337,4.620916,4.0104847,4.0694323,80,male,train,198aabeeae1cc6d034644bb835efbae0,156.144,,english,,19,wls
onlv,CONTROL,-159.49074,60.749264,14.403829,25.763187,-1.4009309,10.483596,-4.3060904,1.3333261,-12.217784,1.6526743,2.149022,-1.4109932,1.9522375,29.00124,18.829752,12.682229,12.277092,10.091797,7.6109204,8.22517,6.9834466,7.5058575,6.578703,5.5315595,4.843392,4.256322,77,male,train,fb5c285e5681cdcb3f17668fb3255ed5,182.28,,english,,,vas
onok,ADRD,-196.25986,57.766014,17.29084,20.245758,9.133345,3.7701833,0.57075256,0.8060199,2.2418718,1.9033253,1.8175284,1.3222666,0.058778066,35.35952,22.390717,10.165873,11.081913,9.000153,8.374805,6.1408496,6.476617,5.128473,4.934443,4.3118896,4.225782,3.637667,80,male,train,516a55be62e17279456eef8beafa6437,286.704,,english,,12,wls
onsw,CONTROL,-207.00832,59.88694,16.889574,1.8397973,0.7506011,0.29041857,-1.7098211,6.054336,2.6298811,3.1249025,3.4513354,1.7881563,1.0290524,33.147316,23.788143,13.078762,12.345605,9.528869,7.423246,7.21742,5.91551,5.35016,4.4262543,4.4299498,4.278776,3.8122752,81,female,train,9f48964bd54ce8ef53d2b79812e2c932,283.392,,english,,16,wls
onsz,CONTROL,-155.7408,48.81467,-11.322819,24.989197,-12.891146,-5.0549097,-4.2137084,0.8435332,-2.3413897,-1.3251432,-1.4713541,-5.779178,0.9557359,41.560024,31.875484,21.807968,16.63368,12.951991,8.375217,8.818002,6.199765,7.50823,6.732196,5.402484,4.6624794,3.983205,61,female,train,d3e4fc228985eebbaf15ffdb25585d31,246.624,white,english,left,master's,delaware
ontl,CONTROL,-210.19318,81.64976,18.916552,13.888705,6.923191,1.096005,-4.6253757,-4.9349093,-3.1973457,-2.362098,-0.7529325,1.0759885,1.594811,44.071346,18.705193,17.991806,11.761315,8.431707,7.132084,7.5351024,5.469566,5.459338,4.6445494,4.452368,3.7797484,3.5679874,73,female,train,0308b7a142fa2635c719ed07ab6f2ad8,246.096,,english,,,pitt
onww,CONTROL,-270.9908,75.920105,22.430775,11.866078,-3.8115187,-12.847114,-8.744408,-2.8933995,-5.7553616,-1.3104504,-0.585173,0.37596366,-0.36213058,28.002586,18.899704,11.171476,14.158176,13.345743,10.47125,8.780198,5.9298205,6.5371733,6.6695695,4.8281894,4.962392,4.013661,72,male,train,01706337cc96aec794076a4b1e620188,232.752,,english,,,pitt
oobv,CONTROL,-258.807,51.879406,11.18307,10.86542,4.0120773,2.1090302,-1.047336,-2.080304,1.6550485,-0.09285897,0.5573683,2.1507452,1.878137,26.112995,18.641054,8.914499,10.611096,9.306238,6.5589237,7.264428,6.57182,5.2380767,5.527884,4.1967173,3.9504774,3.9179466,76,male,train,7bdf16a3fbc97b7fc4d60b2287d8dbe6,263.136,,english,,18,wls
ooxt,CONTROL,-167.89806,75.16634,-1.4195813,13.351685,5.7933397,-2.0525763,0.84497887,3.8480713,-1.3748356,0.6700902,0.5739764,-1.9334869,-0.19638321,40.39223,26.827255,15.474897,15.079641,10.727972,8.781006,8.124158,5.95621,5.888789,4.8479133,4.189009,3.765496,3.1976986,80,female,train,1fea652bf84c6c97a29a5c2b8255d3c1,175.104,,english,,16,wls
oozv,CONTROL,-236.4725,59.06887,7.422715,11.112679,3.0067716,0.6726579,-1.99575,-4.9557786,-0.55939883,0.4027874,-0.11284923,1.7182579,-0.06284609,38.093758,20.115055,12.915029,11.57553,9.496647,8.018315,6.966589,7.9779825,5.5562625,5.307751,4.885981,4.0871863,3.9909585,80,female,train,8927db1741b35ef69e5bf6b8a786c490,247.56,,english,,12,wls
opcd,CONTROL,-248.3267,47.771343,16.918844,15.318988,8.603334,4.650574,7.579708,3.6797342,4.436302,5.91725,3.6873667,3.57678,4.1980753,25.378233,14.063798,6.9005456,7.884051,5.274319,6.316287,5.237616,4.6910653,4.7430367,3.5825527,3.4499235,3.4739368,3.1968129,81,female,train,e61bb77565d9fda6743d683c7ff9d7bf,147.048,,english,,18,wls
opsw,MCI,-214.18056,69.09142,19.426767,21.817804,9.157909,2.5784357,-1.7200034,3.311472,-1.3556231,-0.720917,-4.305944,-0.40694863,-2.8772519,34.891907,20.432,10.667272,10.055904,9.609727,7.7592363,6.927259,6.682876,5.2231913,4.9898863,6.247907,4.5200715,4.056912,79,male,train,db24bf280bcd8952a4d17390834ce340,191.496,asian,mandarin,,17,ye
oqea,CONTROL,-245.43967,58.49396,18.05228,17.086336,-0.6224642,-1.1359401,-5.3820014,-2.8820157,1.3103048,-2.4967237,-0.010292916,0.6631845,-0.2722157,25.083462,18.622768,13.86802,12.545683,10.410932,8.0005665,8.4053955,6.552264,6.7407475,5.3340216,4.969182,4.610954,4.3228984,80,male,train,83cf12bd5227f0514a9beff9207367c8,191.04,,english,,20,wls
oqkr,ADRD,-264.1599,48.279316,20.948555,15.299096,7.876011,7.6198373,-1.4852282,-2.1347353,2.6129668,1.1736026,-3.5928628,-0.43558046,-1.5154914,32.863922,43.217323,12.85454,14.73008,13.597093,8.262061,8.6214485,8.000547,6.2177515,5.29012,4.646094,4.442688,3.8494153,65,male,train,05c3e109467fddf2fefb34cbfa2b9319,267.528,,english,,,pitt
oqoh,CONTROL,-176.35188,53.71255,14.326394,10.342721,2.0947568,-0.8984198,1.2601033,0.76609296,1.775362,2.3536654,0.66789985,-0.3073829,0.6995632,35.60982,24.184608,12.274268,13.604885,10.597163,7.719662,7.0585647,6.893841,5.5347075,5.4900584,4.4654627,4.87394,4.2477255,81,male,train,23ec84e58a9b87a2513b6fdee2f509e0,280.032,,english,,12,wls
oqpj,CONTROL,-185.82643,62.603745,9.574225,5.4094777,2.6960976,-6.0989485,0.44300878,-7.5718846,0.08311353,4.2931285,-2.7140422,-2.7777522,-0.21939392,33.099392,25.840155,15.748013,15.5190525,7.968458,8.531993,5.9056373,6.0284567,6.403227,6.5973177,4.0856876,4.141508,3.8276052,70,female,train,0db8d43ce3f4793d79e7302180e0fc09,270.288,,spanish,,12,ivanova
osjg,CONTROL,-252.03049,60.751045,14.317928,7.371386,-1.5845418,0.803786,2.3487232,-2.6324265,-0.75491935,3.5486712,1.9819059,1.7686219,2.6330602,29.640392,18.991789,11.103663,12.7322855,8.553916,7.045867,5.742841,5.6033187,5.30704,5.888619,4.185482,3.6469915,3.490302,81,male,train,2f865b6bafab6f9cd8962dbbb45128ea,265.8,,english,,16,wls
otmd,CONTROL,-239.69408,53.71774,10.409703,13.124167,0.93334013,-4.7389107,-3.049574,-4.113338,-1.5268648,0.13223438,-2.1329978,0.9033513,0.30498272,28.184557,25.206837,15.892162,13.9138975,9.227277,7.6587176,7.292893,6.0467224,6.2941346,5.2731075,4.8464255,4.1258693,3.746412,82,female,train,da44c696c85b28a39daf129d5b8e62d5,275.208,,english,,13,wls
otmw,ADRD,-156.8361,66.02559,9.56246,15.121669,8.631485,2.2708423,-2.437248,-7.139592,-2.665584,-2.8804789,1.6234365,-0.051432744,-0.40741387,30.808542,16.362547,9.457916,12.846888,8.096091,6.797177,6.45228,6.0590124,5.007422,5.3594894,4.491099,4.4047885,4.171471,90,male,train,bcf0db3bf9fc40d418528f45addd291c,288.672,,spanish,,3,ivanova
otnq,CONTROL,-177.84093,53.44537,19.442976,13.917337,2.7132037,0.15153234,-1.7376646,1.2626399,0.93009853,2.4577136,-1.2163798,1.4959581,1.2105926,33.04582,27.375076,13.754995,13.162399,8.63961,8.009632,6.781101,6.212368,5.4800205,4.861853,4.514236,4.235075,3.7753174,87,female,train,1384d03c7cf1fb087df034a1c482a3c3,259.536,,spanish,,6,ivanova
otru,ADRD,-277.32782,27.113934,19.772327,21.537245,4.7309465,1.7162317,-0.50580543,0.12278249,-1.2043031,-1.5340564,-1.4769351,-0.10603677,-0.5871824,23.148212,37.972153,10.219583,12.747397,9.963256,8.870767,8.318829,6.5723743,6.4826174,6.3055196,4.7796936,4.360436,3.849877,64,male,train,dbb97cd6840997fba2932dc284af8bcf,280.416,,english,,,pitt
oufk,CONTROL,-250.4743,52.795593,8.83076,8.439079,0.5541312,0.6680803,1.3135107,4.6878257,2.3270016,1.604228,0.6971126,0.96783334,1.6481761,27.682356,18.838087,9.099423,8.7380295,7.582735,6.890466,7.490689,5.031177,5.646269,4.569124,4.1838408,4.365838,3.9241917,80,male,train,06be6e70145f488347734f952845b7a1,276.96,,english,,20,wls
oukj,MCI,-189.83769,40.866173,8.818342,14.761857,5.2001467,6.1166086,-8.091227,3.8806956,2.4679153,-2.208274,-4.142148,-0.41960084,0.10610812,40.165737,31.42976,16.62034,13.175926,11.819863,7.922008,8.059134,6.1660495,6.865353,5.113181,4.41587,5.0158787,4.283843,88,female,train,47f62ec3c80433f7487c359f5f05cca3,231.696,white,english,right,master's,delaware
ouua,CONTROL,-223.93236,59.31269,11.514118,8.817628,5.3003244,-2.861377,-9.026777,-3.0191045,-3.4150057,-2.9389768,0.19297306,-1.3250273,-0.47860137,30.329304,27.523323,15.676225,13.892486,8.095567,8.175936,7.735695,6.546745,6.7628565,5.396049,4.9038053,4.5822425,3.9642863,86,female,train,a8c44c73a4d5df9d41c788c817f101a6,271.224,,english,,12,wls
ovbj,ADRD,-254.66043,48.74474,15.67625,10.849114,9.31872,4.959344,2.796182,3.7687445,4.5153913,1.5415132,-0.79142916,1.3637025,1.7276756,23.53807,15.969011,9.400635,9.136309,7.1322155,6.0883217,5.682857,5.3712564,5.362797,4.7586365,4.0857096,4.5498195,3.4841208,77,female,train,6dc1c62fa07af3fe8e07dbfd9d773469,277.488,,english,,12,wls
ovga,CONTROL,-226.99968,54.78969,2.7708628,12.510515,-2.4102879,-2.7888114,-2.7934604,-0.86792433,-2.632531,-0.8297981,-1.7099359,-5.7181096,-1.9212486,35.29336,24.644447,18.751665,15.992172,11.937706,9.126884,8.358792,7.217601,6.823037,5.396438,5.226711,5.5994353,4.921471,82,female,train,f5d0b58e76cf010be5b4f7cc37832b5a,266.784,,english,,12,wls
ovmj,CONTROL,-181.62384,54.937855,17.501198,13.255396,3.7409704,2.5734577,0.5265662,2.5618613,1.0669674,-0.5112385,-0.10251584,1.4792511,1.0665976,42.13766,19.220514,9.776147,9.169061,9.595698,7.175452,5.649018,5.4916706,4.4664426,4.4232464,4.6203156,4.2029233,3.8830476,74,male,train,e9cb2e1afeab6403e7ecebd3dc6bda65,141.936,,english,,,wls
ovxb,ADRD,-188.19872,43.98727,23.522268,10.708837,9.490161,-2.4578109,2.1816373,-2.3424075,1.2987692,-2.5675967,-1.1821237,-2.906277,2.1559095,35.3066,27.904352,14.443293,15.798683,8.694936,8.63444,7.329775,5.7678075,5.738136,5.3185863,4.8730316,4.255573,3.9247198,78,male,train,369c0ca5d5c2244b5a0d0eb95838352e,324.144,,spanish,,0,ivanova
owie,ADRD,-263.3667,52.02639,14.393459,13.752909,10.129132,4.234697,-1.6363769,2.3589482,5.133414,2.1404264,0.8410216,1.6775676,1.141482,31.350515,20.873672,9.1696825,8.535958,6.663795,6.1748304,7.3648453,6.8400393,6.1061873,4.893211,3.9289565,3.756035,3.6032648,81,male,train,a7f2799e00c34c70b921009133504e9c,264.096,,english,,14,wls
owvw,CONTROL,-279.36496,50.036488,2.8088307,5.537141,-10.655159,-11.470791,-12.436231,-6.6537127,-4.761556,1.2604427,-1.6398494,-0.17641869,1.2918923,35.099236,27.559925,23.018803,20.910942,14.424936,11.233549,10.766131,8.963456,8.5120735,6.533921,6.220303,6.239714,4.796915,83,female,train,02d99347cf348f4b875c533c74281681,148.296,,english,,,pitt
oxbt,CONTROL,-251.24924,57.236855,5.79245,3.7246695,-4.193026,-6.294223,-3.4788451,-2.2576048,-3.1861255,-0.41385403,-2.3039424,-2.2476017,-1.9063492,31.971165,29.88427,21.539492,16.270658,10.889148,9.867721,8.794459,7.0210676,6.102188,5.387493,4.675789,4.7192006,4.081671,61,female,train,78d3ce7f9d5cfdc9b563b6c09c1e9887,271.248,,english,,,pitt
oxeg,CONTROL,-220.53429,63.545204,1.5710497,7.231079,0.89722896,-2.659457,-2.1245885,2.6334648,1.8813844,2.6736267,0.31615427,-0.363687,-0.22876437,43.915936,31.942974,20.323393,14.074274,10.465737,10.062409,7.988791,6.6696362,6.665586,5.396383,4.3651137,4.5424867,3.7260945,57,female,train,8aca04b7264d448820b39374ed30e23d,256.2,,english,,,pitt
oypd,CONTROL,-211.83495,54.89608,12.875697,14.719135,7.795109,-1.1711742,0.23872054,-0.71793145,0.7538272,2.2709074,2.8088803,1.9710357,0.9865178,31.077892,23.765606,10.045952,12.135537,9.255812,8.226402,6.437209,6.1350555,5.5509176,5.2356844,4.9430356,4.1560407,3.5261672,82,male,train,c1fad10b3fadd57a78a275a9951cad2c,282.528,,english,,12,wls
oyrw,ADRD,-213.78625,69.84138,10.115405,12.474262,-0.8875306,-1.6973598,-8.056529,-3.1247935,-2.9116147,-3.4255795,-2.3424773,-0.0011194564,-0.017887846,36.778156,24.757915,17.241163,17.353966,12.589045,10.365712,9.843543,8.032902,7.517929,6.378067,5.830416,5.4455614,5.1828904,70,female,train,b07cf17a50a98842a56f0c98570f705d,217.752,,english,,,pitt
ozei,ADRD,-224.49936,52.5673,14.090102,10.561231,6.8363147,2.723747,-2.51517,2.929182,0.9579636,1.9488491,-0.11315364,-0.81726027,0.7296287,32.75329,20.967255,10.268326,10.722051,9.552612,8.493395,7.855173,6.4557853,5.78221,5.6570635,4.71802,4.417672,3.9383667,82,male,train,f3954c4204f7e1b31fbfba950d3aa659,269.088,,english,,12,wls
ozhx,CONTROL,-218.81682,61.183155,2.1216035,8.912534,-1.8788865,1.5054024,1.7870021,2.686978,-0.0155566465,-0.67717534,-3.0003917,-1.3461818,-0.5958087,35.347115,31.408255,16.671402,15.967566,9.150359,9.237506,6.9971623,6.5119853,6.8531804,5.1129684,4.5882187,4.5258226,3.9713244,74,female,train,21b1775ac42b180132107a13646f941c,264.216,,english,,,pitt
ozkk,ADRD,-265.17017,75.08074,6.8912354,4.958839,3.7898078,3.2811377,-1.1796395,0.30851817,1.1106352,0.56591856,-1.76117,-1.9966185,-2.1128135,37.822674,23.021341,19.861485,17.276707,10.367363,10.863302,8.583852,7.8156204,7.0887604,5.101627,4.5612116,4.731158,4.2073116,84,female,train,af0c79e4e1f4120d1e13b30b956648d5,195.072,,english,,,pitt
ozkv,CONTROL,-238.223,62.49059,11.332048,22.055008,4.694044,0.3234317,-3.5152106,-5.9180346,-1.2142715,-2.2127013,-1.0919479,2.7569559,-1.6259083,30.723766,34.394283,16.316233,17.756813,14.078427,10.597359,7.9386754,8.4235325,6.179864,5.873328,5.634499,5.702383,4.175304,52,male,train,a8cdd36c15b6ea41764263324f015998,223.104,,english,,,pitt
ozof,ADRD,-235.31627,57.76915,0.22343254,5.558411,1.4966651,-4.0340323,-2.7707357,0.710623,1.6799576,0.1452435,-0.13053402,0.5654811,1.5913483,42.110806,18.875238,13.733314,11.68552,9.40206,9.75252,8.96955,6.0262995,6.627474,7.04814,6.0842032,5.283889,4.505514,81,female,train,70cba5eeba6a714a2928e456c5a87067,77.472,,english,,12,wls
ozus,CONTROL,-227.88225,64.47007,16.687443,6.4388666,3.685355,-2.7881649,-4.5069404,-0.15252106,-2.2430606,1.7654003,-1.8365623,0.11308932,1.0102942,38.462864,41.51762,23.024765,16.703293,11.123492,10.255561,9.445648,6.757704,6.4723744,5.901298,4.4318333,4.4808497,3.6520686,65,female,train,4d8bac73a8366e77ab5ae45d07dcc027,101.928,,english,,,pitt
ozzx,CONTROL,-176.20842,46.49815,11.014529,23.930132,-7.697705,5.4138317,-12.214387,-0.099224694,1.3538058,-6.9551554,0.66442,-4.6188364,2.0105495,37.987667,35.299183,15.252279,14.039145,15.0064535,8.126668,9.328617,7.321738,6.334096,5.9897833,4.9717665,5.2747445,4.7775216,72,female,train,c276066a09b36435b8cc2c5b48ac5558,256.872,white,english,right,master's,delaware
pabc,CONTROL,-181.50223,61.296738,8.471543,10.723277,0.68441325,2.0126362,-2.890735,-5.3592415,0.9582157,1.235357,-0.40504056,-0.36784172,1.0316628,29.152666,14.620902,10.318303,12.238829,8.015924,8.065083,6.222308,6.224283,6.867502,4.650031,4.5014944,4.0800543,3.8965676,83,female,train,a6e078dec6bf03a0c8601c8661a439cf,271.032,,spanish,,6,ivanova
pakl,CONTROL,-293.45685,44.45204,13.13062,19.879522,-5.275621,0.8264495,-4.3353906,-3.2266786,-2.1146226,-3.6626477,3.95963,0.32020113,-0.8475486,32.212044,32.558308,12.965094,16.143106,13.950493,9.572538,10.265813,7.7557907,7.269337,7.923554,7.0869517,5.1293464,4.803949,58,male,train,c0dae49954e1b38dc9bb51b04d49bd34,261.72,,english,,,pitt
pbda,CONTROL,-287.52682,47.323547,11.520749,5.947074,1.0972921,2.2979352,-7.003997,-2.5249069,-3.8067214,-0.5997683,0.118429445,-2.180633,0.9691687,28.75616,34.848515,17.862724,16.322495,11.993145,10.565505,10.106056,8.800585,7.6019783,6.7312236,5.443536,5.1448603,4.2809305,56,female,train,39fbc7fe7ebc030b9bd130b6ad666169,278.4,,english,,,pitt
pbir,ADRD,-196.72469,68.49447,12.988479,12.191465,7.6810384,4.1130114,-0.99739087,4.019708,1.2935332,-0.6582138,-0.41267803,-1.3488866,-3.1907241,35.177338,20.82132,13.595178,11.566802,6.9213047,6.4893456,7.6343884,5.483883,5.064686,4.730375,4.5343685,4.5830107,4.228434,68,female,train,0d79cfe00575a7c67c95bada6831a863,278.88,,english,right,15,baycrest
pbjt,CONTROL,-263.91434,52.088802,12.782341,13.124185,5.8069773,2.7164292,-1.2463222,1.2292354,-0.08532774,-4.9085965,-1.2503299,-0.4464446,0.08467284,38.91955,22.077946,13.680896,15.837317,12.513271,7.566373,9.732542,7.6987453,7.48294,7.428342,6.0917044,5.6222825,4.638681,79,female,train,87602a21d7eebfd018a4f68121950223,96.336,,english,,19,wls
pbsm,ADRD,-233.48523,68.090126,3.2100735,20.385775,0.74704427,-6.771687,-8.632094,-10.201608,-3.034233,-0.13261575,-1.8493906,0.47616366,-0.6563449,31.37384,22.599792,15.590332,21.297094,16.768528,12.805385,9.926544,7.7784023,7.348362,6.97457,6.641664,5.2662435,3.7218847,56,male,train,afb382790b5b62686836ff0cfea832cb,237.6,,english,,,pitt
pccw,CONTROL,-248.62675,72.04342,11.0715885,8.957436,6.345116,2.6175787,0.7035118,0.0521098,0.4603186,0.5585841,0.9292545,1.9568188,0.24049848,26.972548,18.683498,10.0729065,10.384996,8.495594,7.829039,7.8998976,6.313432,5.241923,5.4333744,4.755699,4.0282516,3.619963,81,female,train,65da38234b801b91745d73e5b7d4e72d,256.584,,english,,12,wls
pdok,CONTROL,-260.81613,48.789608,13.271505,14.729757,10.702561,7.0615697,-0.5314827,-0.3715439,3.158496,0.8160745,-0.21680315,0.88465333,1.1017512,32.055687,20.26752,10.987549,12.195281,9.285765,6.701571,7.0773664,7.775799,6.139859,5.8175616,4.9153385,4.2881837,4.072324,80,female,train,77456c2d74103b103b8a5f18d1d24d25,267.096,,english,,14,wls
pdrn,CONTROL,-247.2014,43.556892,14.340726,14.604746,12.785555,0.8744177,-1.0299306,6.2173142,3.164197,1.0794507,0.014060587,0.5664659,1.0733749,27.24063,21.860374,10.809505,11.906963,9.083799,7.04252,8.087787,5.8236556,5.8787336,5.014783,4.645349,4.4635115,3.7281697,81,female,train,0d13c0e0716b3b86059f9207a916b308,284.112,,english,,17,wls
pdyc,CONTROL,-297.63513,43.713703,14.477816,13.719191,3.5833254,0.88014156,-1.7661732,-0.3657492,4.322439,1.6254889,0.9239155,2.954099,1.4874233,37.40098,25.27419,10.156244,11.899961,9.745018,7.643703,6.6654925,7.583249,5.64257,5.705485,4.651281,3.9579961,3.9822714,81,male,train,f0527395831460efa1c7d231a06dbfbf,257.544,,english,,13,wls
pfsz,CONTROL,-225.24524,48.711777,16.809334,13.6171875,10.410902,4.404634,0.67435414,2.8899906,4.84852,1.4241605,0.9164184,3.7574227,2.3465347,25.73047,20.292292,8.300301,8.583483,7.6579614,7.249314,6.6976542,6.9860864,5.98986,4.732078,4.3317366,4.3378944,4.050162,78,female,train,fbeafc14005557fbc2f2bdbd3e7587f8,284.928,,english,,15,wls
pgab,ADRD,-290.28815,44.838142,15.61823,0.074742615,-2.8717256,0.16944504,-13.9565115,0.059936136,-4.3896694,-3.436907,-0.977337,-0.9236479,1.7497859,27.662657,29.415646,17.391167,15.919146,10.778044,11.082815,8.650475,8.161404,8.280488,8.167511,6.101489,5.955964,5.367519,68,female,train,fde2779daf1e4a70150ffcaef943080e,270.768,,english,,,pitt
pgam,ADRD,-258.42767,78.060936,-3.1351779,22.408875,3.4623017,-2.8568132,0.15627621,-11.958043,-2.499076,-1.6127301,-5.2092733,-0.37086976,-1.8623767,27.680033,14.207403,15.941152,11.951823,10.554511,6.8727794,6.301225,6.53353,5.5328493,4.82791,4.5953674,4.2788143,3.4978445,74,male,train,b67af2852e2de5a6f3d8cbc573ca5e0f,165.576,white,english,right,20,hopkins
phfq,CONTROL,-166.12985,44.83847,-0.4456356,23.455614,-3.471068,3.6969762,0.5770592,-3.7413933,-0.5280911,-4.525789,2.2323003,-5.7402687,-2.0347598,47.430794,39.281174,23.274698,19.369125,14.299933,8.224597,7.3856907,6.550332,5.90754,7.3638463,5.3381324,5.804021,4.8048053,66,female,train,d84c4cbba45a9053bbc8a1890f9c9975,276.072,african american,english,right,bachelor,delaware
phna,CONTROL,-277.77533,41.94874,13.471057,15.2665415,10.099493,4.342033,0.37303415,1.8003825,2.917216,0.74437845,1.2060508,2.7715049,2.752119,20.337717,18.353655,9.710523,9.990092,7.9560676,7.278875,6.561067,7.0836234,6.652767,5.715356,4.923272,4.683332,3.89252,77,male,train,68cc5278b9f4d901f3a85f6a2ef7b089,263.232,,english,,16,wls
phnf,CONTROL,-250.52185,45.08477,20.564007,15.773895,12.257454,4.512687,0.15385962,2.0215795,-0.48204896,-1.5448095,0.60965586,2.1265786,1.5516357,29.26086,20.804102,9.345829,10.602471,6.802148,5.434939,7.1223054,5.7384844,6.5533466,5.334269,5.0184817,4.6032767,3.9770012,80,female,train,3bdc8fae52b98ea45733b689dc2099f9,221.76,,english,,12,wls
pizj,CONTROL,-254.26982,55.15551,15.973733,13.963609,8.420542,4.3331122,-1.863568,0.03692807,3.3402658,2.7062514,1.9073119,1.602006,2.5883386,26.541157,21.703787,11.548792,9.52628,7.4322777,7.463512,8.306234,6.861237,6.288927,4.9865656,4.3429294,4.184621,3.3621614,82,female,train,e942b0fd459b62b3e7db74c3ad289c0c,264.96,,english,,15,wls
pjcy,CONTROL,-234.1883,44.01004,16.5673,11.888332,8.400027,2.406055,0.35114348,1.3091158,1.0525415,0.3493125,2.2045968,3.1824045,2.796726,30.034397,21.66117,10.79106,11.168658,8.325144,7.0187235,7.424855,6.6924663,5.61234,5.259972,4.229779,4.128794,3.7665963,81,male,train,2abb1bf469d20324425fb2b3692470ac,280.8,,english,,16,wls
pjex,MCI,-153.65381,62.921646,8.715544,26.427256,-4.159956,10.807904,-1.4981794,1.7975763,-1.2038136,-1.1479704,-3.842789,-0.018508866,1.4897175,34.5662,13.230495,15.232451,12.346204,11.290364,8.093345,8.000284,7.2215123,6.4738746,6.02268,5.458965,4.4458814,4.887043,73,female,train,97728d38c9c1b5ece33cb7700922f606,187.872,,english,,,vas
pkqt,CONTROL,-185.05917,66.01194,4.5340962,22.376814,4.28602,1.5451777,-4.3928447,-12.318304,-2.108067,-0.84245765,-3.590307,-2.125907,0.9308288,40.028458,30.386515,18.882036,18.23851,14.391726,7.814678,9.442569,6.945777,6.3837557,7.5863667,5.753685,4.3936315,4.8712726,72,male,train,559cc468d47d2a7e223139e22ee167ef,251.28,white,english,right,bachelor,delaware
pkxs,CONTROL,-274.7547,67.42018,5.482209,7.552103,-3.3326418,-3.2188058,-3.888945,-4.278409,-4.773526,-0.9945037,-1.8010617,-2.041518,2.3308508,27.822456,23.758152,18.094889,21.790934,11.2558975,11.603423,12.25404,7.592544,7.3725357,5.9706163,5.4496374,4.942682,4.338244,58,female,train,ffa7211ec1779d964d75dcf72987bc23,254.616,,english,,,pitt
plau,MCI,-160.838,69.69727,13.896444,8.711692,7.5168138,3.5403543,-8.762074,0.22065888,-3.8871367,-1.2785721,1.4309335,1.4302181,-0.11696432,30.803186,18.353045,10.055408,10.346883,9.5158615,6.6846247,8.547333,6.182495,6.1767206,5.205612,4.7966266,3.8247063,3.6192324,66,male,train,ef04c3f74e8039edc5bce297e6c6667a,300.288,,english,right,18,baycrest
plpu,MCI,-166.1202,55.268585,2.8391547,12.0695715,0.22151509,5.2613754,1.7562504,-1.5471528,3.3126712,1.9589541,-0.1069008,0.35107884,-2.2925603,33.96078,20.652008,14.490169,14.816625,9.799597,8.023943,7.462419,6.208768,5.4171586,6.6801996,5.4181514,5.2537556,4.9134274,61,male,train,93bb8bc024f74d0c03a24ba71aeb5992,151.776,asian,mandarin,,9,ye
plsq,CONTROL,-156.28822,55.633247,19.970901,17.891846,7.4131627,6.1148505,0.31965443,-3.7408662,-4.3490376,2.702156,2.198582,-2.4221613,-1.9356453,31.818792,20.124338,10.929171,12.610823,9.12746,7.0095997,7.0332537,6.36033,6.0374503,6.2597275,4.9033914,4.431587,3.914673,84,male,train,26aa7916de4b9441591e949184ee0b8b,288.096,,spanish,,8,ivanova
pmpn,CONTROL,-171.65633,67.86311,9.943374,14.41721,2.2565274,-2.562104,4.6239333,-7.5566416,-5.0336065,-2.9431956,-0.99420375,1.0303398,-1.1673715,38.216206,17.039835,13.4062,14.976904,8.876549,7.409842,6.945425,5.413961,5.3267255,5.5349736,4.112763,3.9406815,3.5585213,76,male,train,1bc8455e432b8d8724f1a908aa5e47b1,306.576,,spanish,,3,ivanova
pmsp,ADRD,-205.6801,91.35078,9.251194,7.7667937,5.5926123,-8.807195,-5.2948117,2.2691967,0.7067196,0.28841057,-0.49043912,-2.3980687,-3.0542407,33.61049,14.39142,16.762968,14.764851,8.299648,12.330457,8.127175,7.356705,7.9924717,5.4342155,5.7709565,5.032571,4.7589793,79,female,train,4dc4415b9a7eac6dc9c02d987027840c,136.008,,english,,,pitt
pmvs,ADRD,-204.32411,77.37595,9.411671,15.289453,1.0004567,-0.8957176,-0.8127794,-2.7208004,-0.39348647,-0.065106034,-0.46069336,-0.41705325,-1.2698375,40.620167,19.536266,18.368542,17.616793,11.144114,11.946242,9.180378,7.943405,7.9018617,5.9600706,5.2655787,5.0433464,4.540594,78,female,train,5d4687f9dc1cdf5b6b21ff88f8c31cca,217.392,,english,,,pitt
pouf,CONTROL,-287.8896,47.342396,16.256145,13.709596,6.9568205,3.659766,2.1278052,2.0592084,2.6733465,2.5443275,2.9295974,2.100733,4.174065,32.08681,16.5937,12.243843,9.514254,8.239016,7.0481396,7.445393,6.8246555,5.664341,4.5630574,3.8598878,3.7568033,3.5675628,72,female,train,0ae3fbcaf6d1058658a1562478ce5c82,220.872,,english,,18,wls
ppkg,ADRD,-167.1728,60.21304,2.0165422,20.552063,-1.1452235,-2.5630376,0.49990284,-5.045481,1.6179507,-0.07365187,-0.33787096,-3.8966303,1.1656543,37.02943,19.001966,16.501078,14.450853,8.556952,7.243365,5.9505453,5.3914504,7.4155107,4.8329816,5.17398,4.4916472,4.400214,86,female,train,2c773670c04a250b890123474d164c7b,278.28,,spanish,,8,ivanova
ppsd,CONTROL,-275.8922,43.99159,15.924769,12.783287,7.4148736,4.7126837,0.75759524,3.8043838,3.2193017,-0.42821038,1.5228287,2.487288,1.8266946,24.71703,14.745534,6.839462,7.36903,6.467049,5.4687667,5.859061,5.2277756,4.646115,4.6551647,4.7817802,3.7691896,3.749082,81,female,train,454e20349057825bf740d07f4be76f57,275.616,,english,,16,wls
pqlh,CONTROL,-290.0471,47.732174,6.96819,9.30079,4.076085,-0.6173268,-0.42372304,-2.5336814,1.0375016,1.0849526,-0.21290052,1.3296347,0.56891197,41.48418,19.545475,11.450706,12.558976,10.797695,8.729528,7.462874,10.428766,7.326976,5.7275724,5.4035153,4.569521,4.513358,80,female,train,995223d1673ab7104ba441f8a09cc896,253.824,,english,,12,wls
pqzp,ADRD,-144.12456,54.924427,6.420234,4.522107,-1.1804801,-0.31246212,-3.754035,-0.6814411,-1.1203287,-0.35673097,-1.0953239,0.22692607,0.17817105,37.56942,14.878421,14.395352,13.453611,10.056644,7.4205794,8.358207,5.683113,5.6333327,6.036411,5.258373,4.1808004,4.3584795,82,male,train,fa6b7e4de3c6d51d5b3ddde184a92323,289.776,,english,,16,wls
praz,CONTROL,-284.8266,48.41479,15.84909,12.776013,11.037159,8.482934,5.1337185,4.8530307,6.1712813,5.338067,1.6639818,0.5367872,0.6079707,20.801613,16.189749,10.026045,8.371482,6.0754113,5.985674,6.199546,5.845986,5.3111315,4.435375,3.8663313,4.1055093,3.513096,80,male,train,ea3eb38a0535f32fdd01283db5b16957,262.704,,english,,16,wls
prqz,ADRD,-252.65187,53.101627,15.9609375,12.595388,-2.6249793,-2.040738,0.3016138,-5.2582674,-4.2010098,2.6866221,-4.2904983,-0.31120697,-0.036020633,30.394266,27.9574,12.761506,18.844624,12.1348,9.496124,8.28,6.6222596,6.3835735,7.272318,5.4396815,4.9590416,4.2667437,84,male,train,a7a97aa95b45d12c7e5ac03f3cc533d0,270.456,,english,,,pitt
prsb,CONTROL,-237.01903,57.65584,8.152128,9.704962,5.6036754,3.00831,-2.0354097,-1.9200013,1.2381638,0.19270891,1.9345257,1.3647603,1.2135775,42.664455,20.369682,11.160433,12.229381,10.385013,7.2112937,7.516543,7.3283877,5.7301245,5.9433117,4.8162956,4.9217424,4.709129,84,female,train,b12f8fbacc9ff977cb67846524c8b233,252.792,,english,,14,wls
psih,ADRD,-229.25447,58.004585,15.364046,10.396356,6.585272,0.37967542,-0.9229349,-2.380211,-1.8376743,0.44001207,-1.2333096,0.69386846,1.3001679,32.82434,29.39435,13.642606,14.363887,8.222658,7.761967,7.7054815,6.482052,5.8006024,5.327887,4.5835414,4.4868393,3.830162,85,female,train,8bc6e5af0cd4b3ba33b9e713ae87a5e1,271.272,,english,,14,wls
ptcr,ADRD,-131.29042,53.048782,-11.2109785,20.032612,-11.479267,5.0993323,-12.580268,1.6102678,-7.9770503,-0.46626002,-5.577455,1.4043206,-2.0826166,27.39646,13.82695,10.99155,9.259059,7.2902675,7.2489715,6.4554667,6.467879,6.014746,5.2608056,4.2819614,4.6204715,3.8023293,74,female,train,c8d36bbe9f614bfe90e13424daee6c19,182.16,,english,,,vas
ptrf,ADRD,-315.061,45.650036,13.037044,8.657322,-4.3967857,-2.845988,-9.0050745,-3.6609893,1.354258,-0.1741732,2.3909879,-0.32543492,2.5091615,26.491861,27.038765,14.909703,17.715584,11.134278,9.374936,9.940462,7.776154,7.3388357,6.1818986,5.0842695,4.918944,4.5535603,85,female,train,b9d83ff52e1db87bb8cfb1d2e7c4d6d3,270.528,,english,,,pitt
ptsa,CONTROL,-181.76915,61.69168,14.310537,16.258862,4.5991426,-6.334002,1.3620297,-7.483275,-2.0931509,0.7015507,-1.3849854,-1.0102589,0.626122,31.671703,17.15063,12.584154,13.453142,8.7595,10.181531,7.3486,6.236542,6.567846,5.961425,4.7358494,4.314357,4.061472,73,female,train,373f69b9f463650a31be84751df829a7,319.512,,spanish,,6,ivanova
punh,CONTROL,-290.5859,40.40933,23.472805,14.456058,6.8523884,3.7714336,-0.45905346,0.51029843,3.3162022,3.7889235,0.32080224,0.95640785,0.2253411,32.682053,29.757336,10.409966,11.597859,9.509597,7.4864373,6.6475515,6.6880794,4.877449,5.4901295,4.2607384,4.132791,3.9863322,82,female,train,14f22a4fdfc403f9e77a3f921038754a,264.072,,english,,12,wls
puom,MCI,-330.08655,40.006416,11.514581,3.576577,-4.4737277,-6.3009515,-3.9315333,0.7626837,0.280233,-1.5590875,-0.53196615,-3.4287426,-4.4342446,26.465826,30.572693,15.774152,17.197924,13.018777,9.389922,8.180169,7.702099,6.965855,7.2825785,4.7609496,4.5983434,5.0310955,68,male,train,06a33e3fdd35208c8adf23c0b3925f49,224.88,,english,,,pitt
pvcc,CONTROL,-250.54243,58.804417,11.7632475,11.749911,8.913958,2.5994506,-0.4332117,-0.14994282,1.2208698,4.190331,1.1715871,1.0837879,1.7668107,29.505405,14.141702,9.738011,10.125514,7.520085,6.557552,7.5207253,6.709915,4.9985514,4.933193,4.431346,3.7556195,3.3597884,81,male,train,246a7752a7ee11eaa46b3a239e779d08,214.704,,english,,12,wls
pvfg,CONTROL,-187.95702,62.353542,20.825882,18.009184,6.7080016,0.6236774,-2.1385489,-2.2748988,5.255937,-1.9326121,-1.6834978,-1.2792363,-1.2326368,33.992886,18.788149,12.9533205,10.074162,6.967954,6.9768786,6.09889,5.3984475,5.8921475,5.632239,4.5702386,4.0213337,4.021358,86,female,train,118dbe7beaad542f216fb283b663e219,280.128,,spanish,,8,ivanova
pvou,CONTROL,-234.23279,51.74108,20.525824,12.948984,10.18808,4.8254404,1.1272887,2.4855535,2.2277434,0.71211195,0.2609073,1.5366226,0.8627906,26.254114,20.103426,10.865496,10.471875,7.0027804,6.4292955,7.440345,5.8664074,5.49723,4.5879087,3.9306004,3.8739321,3.6198182,82,male,train,042bbb869236c89910131220de4cf25b,244.896,,english,,18,wls
pwaq,CONTROL,-232.27393,55.89634,17.838253,15.584,3.3132584,-0.8589989,-2.1534534,-4.3801227,0.6432719,-0.037891805,2.1058078,3.3308036,1.8933176,30.276434,24.169157,8.724074,11.762575,8.425451,8.395989,7.518859,8.689463,6.7047877,5.728113,4.9321585,4.3160872,3.8561966,73,female,train,821e3d1e81252400e8ce42a46bed9291,276.624,,english,,12,wls
pwjk,MCI,-173.26736,60.58627,14.1357565,11.847271,8.729801,-6.0578737,-12.192796,-2.1948247,-0.46926808,-4.118763,1.6475962,-2.6017013,-0.53212905,45.265686,25.516388,15.07327,16.262354,9.097906,10.394148,8.516047,7.465849,6.642271,6.0199656,5.572406,4.402257,4.1930346,79,female,train,4d4be0be92cd878c1ee12e4e63672c5f,250.44,white,english,right,high school,delaware
pwop,ADRD,-294.0587,62.15033,21.765621,11.485315,5.4561834,-4.15552,-4.2412934,-1.3331989,-2.8286927,-3.9622324,-4.485483,-3.1342273,-1.4144405,24.650906,18.710459,14.193738,14.381943,9.018428,10.139646,7.3453355,6.763539,6.54637,5.1382933,5.1503224,4.6255217,4.1645904,81,female,train,6e926df4b3fa320b9e86859773aaffab,264.576,,english,,,pitt
pwpb,ADRD,-291.32776,36.57586,13.418317,10.212743,1.4350462,5.4486194,-0.4443871,0.09031976,-2.3077247,-2.7494671,-0.88619107,0.9236671,-1.7991685,26.562862,33.21792,14.148778,13.957708,10.114828,10.187178,9.085542,8.6582155,7.128247,6.5668125,5.8845434,5.789789,4.8921103,63,female,train,34e3fb786abd7aa0f1d1822251a722bd,278.544,,english,,,pitt
pwsa,CONTROL,-224.9011,73.12637,11.816044,5.346794,-2.547247,-5.36429,-1.8962198,-3.0402167,-0.8904883,0.82210743,-0.12078351,0.804736,-0.67272913,38.69133,36.025784,21.524147,17.822224,10.711881,10.144741,8.695166,7.8834004,5.9048734,5.4590745,4.156874,4.3083906,3.7370517,63,female,train,d21605445c4c2bcc308a04081a3bbf02,82.824,,english,,,pitt
pxfa,CONTROL,-178.00468,51.846214,13.716778,25.903,-13.285255,2.0636916,-10.728209,1.8000107,-0.46073055,-0.06340092,5.916397,-0.1983456,0.32564315,42.13642,34.92848,21.157637,18.695211,12.518344,9.091572,7.9611382,7.8387804,6.7669106,6.0534363,6.2033973,5.212818,4.5527663,66,female,train,220e0ec1126aad9ce38985e56fac8e76,222.696,white,english,right,master's,delaware
pxqb,MCI,-187.75081,59.19813,2.0688913,25.75153,1.2262205,-3.77977,4.5057793,-4.6856003,-2.8694034,0.3208681,0.74904114,-3.0200217,-0.91540754,34.576164,24.307026,16.75999,15.688418,9.464391,7.177392,7.5366445,6.274653,6.458999,7.374327,5.323122,4.6012383,4.845245,86,male,train,e339805ad7ce0acf846e8782082e90f4,310.368,,spanish,,3,ivanova
pxqc,MCI,-142.78902,52.165787,13.758607,22.99034,-11.394317,11.153511,-4.1130013,4.5174794,-13.74194,-0.68701714,-5.387968,-0.35957128,-1.5201244,33.775276,20.548094,14.372271,12.349851,9.120102,8.436816,7.2331657,7.966483,6.842883,5.3290377,5.430426,4.620255,4.164188,69,female,train,1d32ef9ed55cfd796fc7a54910055577,183.408,,english,,,vas
pxye,CONTROL,-291.20462,46.871983,15.4453125,13.507448,11.876916,2.852464,3.0445662,4.2602897,4.3688436,1.2775905,0.5393539,1.9273305,1.7092757,27.402838,20.531294,10.145337,10.630251,7.228844,6.7591586,6.45364,5.2404323,5.2416525,4.416974,4.008832,3.8643754,3.4837341,77,female,train,99406c86cafcced1bd1697c7f3d2cf2d,265.656,,english,,12,wls
pyea,CONTROL,-293.7467,40.697224,17.073982,14.16399,7.8894315,0.080436364,3.2486334,3.888886,2.7801836,1.9759878,0.06552295,1.8325113,0.6186848,31.84736,16.746698,10.486716,8.970759,8.299039,7.818638,7.931527,6.268028,5.370495,4.531416,4.3621225,4.417457,3.7832358,77,female,train,2b1b4512e670facf9f24cee9d898a260,280.344,,english,,12,wls
pyki,CONTROL,-251.22154,54.46081,16.733402,12.879123,11.088249,3.231329,-4.3854346,-1.9195321,1.5300415,4.067963,2.912296,2.3892477,1.6460454,32.954876,26.321129,12.265463,10.598577,8.842695,9.377453,10.388713,8.430113,7.510932,6.000614,5.9752994,5.067217,4.8617244,83,female,train,48b991bbd1739e74298177651060fb69,59.184,,english,,12,wls
pyof,ADRD,-276.11447,54.7137,16.125975,5.491731,5.8335156,3.1056094,0.7641484,3.2467384,5.3393993,1.9886986,0.31538627,0.37700275,0.55650485,34.251545,25.113802,12.645845,11.740071,8.063671,6.2867293,7.602402,7.2112985,6.4871974,5.016677,4.402704,4.0842175,3.9414742,81,female,train,0990ebfe7988a3f119f33c77e12ee74f,284.448,,english,,12,wls
pytr,CONTROL,-173.90747,51.41215,-1.272519,21.534426,5.8898473,2.3865092,2.8497806,-8.9688,-1.8623989,2.002033,-6.0173144,-2.737183,3.0882747,42.207664,40.765636,20.485641,16.663572,16.344675,10.486477,10.077005,8.390977,6.8002114,6.3009195,5.54862,4.725907,4.533863,66,male,train,b06c8f5be63fe36699fe53258bfcdcda,252.984,white,english,right,professional ,delaware
pyvy,CONTROL,-164.28839,42.42357,4.1194024,19.07471,1.5835052,-2.3833408,-7.6359982,-3.4428082,-4.771827,-5.520016,-2.6361766,3.349791,0.07711426,43.925495,37.613018,23.060444,19.381523,12.615,11.480584,10.263586,7.9556804,7.616521,6.2276344,5.150677,5.086991,5.2688613,65,female,train,bbc23f51331d1002bb36038413efb1ce,241.032,white,english,right,bachelor,delaware
pzdb,ADRD,-118.95818,37.909492,-24.939987,16.37019,-20.749035,2.2791574,-14.209067,1.2759464,-10.695567,-3.4315972,-4.598212,-0.4966254,0.54381686,32.876022,14.019944,15.558182,13.806721,9.675592,9.475134,7.543658,7.7332826,7.5969515,6.5408087,6.543704,6.012569,6.1052027,66,female,train,780bdbaf35dc5443623bbdde63404e94,186.408,,english,,,vas
pzoi,ADRD,-166.77815,61.57634,5.009693,25.452347,-8.370344,-4.120117,-6.267354,-7.2982965,-8.635304,-0.98562515,-8.305051,1.8108007,-3.444512,35.09912,18.54925,14.141267,14.757315,10.871966,9.931282,10.613526,7.9162664,6.151821,6.797372,5.1292534,5.2967873,4.7471766,69,male,train,eb2ce23e88e8d17ed4d098bc8d85dd3c,187.92,,english,,,vas
qaqk,ADRD,-276.30283,64.51876,8.365354,12.765756,9.428863,1.2337085,-2.9741354,-0.96451247,-2.744556,2.297354,1.8690251,-0.038421836,-0.43758032,28.546934,16.168478,9.534941,11.039897,7.5427294,6.5128555,7.2303405,4.939731,5.4223022,6.184106,5.32257,5.037458,4.205806,72,male,train,5238cc118b99abda2aaa4446f9298f2e,269.688,,spanish,,,ivanova
qatz,MCI,-202.50534,47.212032,6.0838175,11.829253,-1.7502367,4.4892836,2.3702013,-0.885273,5.071543,1.5866258,1.4376866,1.2753222,-1.260881,30.908882,21.182756,11.594863,11.670382,10.062036,7.886719,6.6644645,5.295948,5.0132003,4.3657727,4.623177,4.437847,4.361177,60,female,train,805df582e7e35b53ffee1ca7ec2b5463,163.872,asian,mandarin,,10,ye
qavc,CONTROL,-211.45602,65.84179,14.640784,11.933573,-1.9051272,-3.3854122,-5.544338,-3.9612036,-2.1265213,-0.38482141,-1.9886771,-1.3313609,0.1909242,34.95701,30.955444,18.17756,17.842644,13.969546,9.409174,10.098009,7.8862486,7.3047256,7.0344377,5.640196,5.9148445,5.309954,60,male,train,608e7b2bb0f11bda3ccfe8bf31067bb5,200.064,,english,,,pitt
qbif,CONTROL,-234.48827,44.646656,16.378801,15.0706415,11.512687,1.3205168,-2.3946416,2.4463198,4.174066,2.3778818,1.9922665,3.1405287,2.2602737,31.889652,25.132793,10.678228,10.108959,8.461574,7.616013,6.8556433,6.3272996,5.9880815,4.1345515,4.1500444,3.9729416,3.4440935,80,female,train,6f6884ac2510a32a502ccc84a8f8783a,270.384,,english,,18,wls
qbil,CONTROL,-171.16238,75.07773,8.145079,20.640734,9.953204,0.8097218,-1.1523845,-0.58964473,0.30688065,1.778083,0.90299535,-0.70591885,-2.0727448,26.264381,26.128645,15.549502,12.865856,10.516442,7.7937284,7.8350015,5.0494194,4.8041654,4.622713,3.9378178,3.8264976,3.1960278,81,female,train,616f0007aa66ab69b3c269874327668d,211.536,,english,,15,wls
qbno,ADRD,-264.74045,48.118633,16.439508,19.08901,8.524099,1.4008782,0.12627976,3.255072,3.0398216,1.2474202,1.1524972,0.84282625,0.91907156,28.392645,18.506893,9.163052,10.158128,6.8182664,5.783176,6.0258565,5.4696116,5.7422986,5.375797,4.4286904,3.7578123,3.7659705,81,male,train,d12caa8bf8cd2dfa6adcfc10c32deb34,263.928,,english,,12,wls
qbqi,CONTROL,-263.61588,49.078213,16.272833,12.367457,8.256091,5.0079536,4.5060906,3.5394819,2.7123225,4.1624746,2.8240747,2.458933,2.5929954,31.714481,16.670158,9.8886595,9.625202,7.576877,7.044905,7.5858817,6.205385,6.312315,5.547135,5.671524,4.278553,3.8866591,80,male,train,d79cc93e8e9cb7263a8f349a0ef6bb10,178.44,,english,,16,wls
qbqt,ADRD,-272.58975,47.380825,8.218123,12.59347,1.9248946,0.1681,1.5216371,3.9124713,2.570895,-2.476964,-3.3008327,0.6480433,2.111596,38.621307,31.464626,17.887045,14.639399,11.514831,10.436346,8.842858,7.0078254,7.411737,5.362788,4.9799323,4.4683957,4.276411,85,female,train,d1e6a58e5893afa718b23bbb4b48a3a3,272.376,,english,,,pitt
qbvd,ADRD,-275.42136,40.881527,9.68054,14.142154,2.852111,-0.004674063,-3.5417244,0.5328455,2.978269,-1.3437935,0.66897976,2.7342875,0.9698242,35.327126,27.797812,11.244,12.114622,7.635547,7.92217,6.571706,7.133301,6.641455,5.2817316,4.297942,4.3637137,4.0894947,80,male,train,2900c2acc4bb2229b21484f26b82aee0,264.864,,english,,12,wls
qbzk,CONTROL,-276.97375,54.567295,14.939883,12.768327,6.318385,2.0786827,0.8851683,2.7142959,2.630882,0.36780024,2.2408624,0.8337433,1.7546384,26.74081,17.74597,13.6908,12.980136,8.501428,7.6671205,7.704752,5.8884926,5.7479305,5.661938,4.6156135,5.175906,4.360409,77,female,train,59b7fc0c3f703536150c5369e43d97bf,260.112,,english,,18,wls
qcbf,MCI,-170.41263,54.244167,13.005832,16.42839,2.2329347,-2.48272,1.1098734,-2.6786053,-1.0202576,-0.09358434,-0.40269876,-1.1496706,-1.873284,40.309242,22.781467,15.5954,14.195676,8.412993,8.3128395,6.092335,5.01897,5.4937716,5.074934,4.095575,4.3668866,3.7736907,87,female,train,cee5ada65d95294f3941b3e55588af21,302.016,,spanish,,8,ivanova
qcpc,CONTROL,-247.1698,58.467358,13.419297,15.7662945,6.4323125,1.349658,-5.953876,-1.2337115,3.964786,-0.73052317,-0.3899113,0.69949806,-0.2598993,31.19878,19.963018,12.639523,14.815601,9.898452,7.307175,9.389859,6.5622826,6.586798,5.899058,5.236085,4.6436696,4.340704,82,male,train,0a1dc35f05689c34ca55728f00ddbd3f,262.872,,english,,12,wls
qcrb,ADRD,-192.60812,72.88167,-0.3284178,9.997581,1.3193609,-4.351634,-4.367873,-3.8108225,-1.9675951,2.084664,2.2456515,0.12883551,0.65575105,36.47278,28.85361,16.532934,19.134289,13.569893,9.771016,9.316824,8.025324,6.682857,7.0643387,6.377599,5.2363234,4.1196976,60,male,train,3a74ccf7417a57e1d5a49c280f341670,280.2,,english,,,pitt
qddf,CONTROL,-253.55817,51.731266,22.392122,13.880599,14.833059,-1.7556067,-1.4032156,-0.9583051,-1.285213,0.10110676,-0.21215267,1.2087111,0.86697704,35.47829,21.168686,14.191658,13.358957,10.896365,9.3051605,8.9964,6.775619,7.155354,5.354747,5.890883,4.637991,4.8836293,85,female,train,bc36bb0fdd336ea20e303993f677988d,95.208,,english,,13,wls
qdyv,CONTROL,-143.61913,47.63044,8.660097,23.477417,-12.894664,10.405306,-14.236087,-1.8469473,-12.30545,-0.9946783,-4.6732755,-2.0536044,-1.8649409,33.120266,14.606849,14.6362915,13.762068,10.323396,9.891607,7.3445296,7.0580735,6.959696,6.0884733,5.8838325,5.408568,5.13826,70,female,train,f10b33610dc985b35ae965441e15a45d,184.296,,english,,,vas
qejc,CONTROL,-274.31366,44.045376,15.6348095,17.692963,10.704042,3.2722182,0.40516698,1.6898824,1.2051239,1.1075534,1.5035795,1.3388913,1.2592338,29.33205,27.686157,10.599866,12.130585,8.502643,7.681295,6.719891,6.227255,5.5390854,5.6834106,4.8428884,3.9305482,3.9216971,80,female,train,c130abccd98687dfa5d319702c2d178c,260.52,,english,,18,wls
qevi,CONTROL,-283.76007,54.934288,6.10001,6.755063,-8.539841,-10.466604,-8.308785,-2.088989,-1.2316959,2.0351279,-0.8169592,-2.7911458,0.67654556,28.70442,31.344368,18.117043,20.716055,12.000688,11.792942,10.577442,8.11285,8.587612,6.3515396,5.4035287,5.201903,5.0668826,50,female,train,5320039e4c942e23de973f826e1e5c89,261.696,,english,,,pitt
qfli,CONTROL,-305.10855,63.35836,20.957518,12.401159,1.8072022,-2.0716004,-0.57942665,2.3532422,-0.16666418,-2.6585238,-2.275729,-1.5566381,-8.195002e-05,33.4405,26.867954,13.430092,15.785712,10.943811,9.24143,8.835774,5.6464543,6.483919,4.710464,5.0838513,3.924978,4.3287,58,female,train,59df2027b496210c5c715efda03ea550,247.584,,english,,,pitt
qfzh,CONTROL,-200.66081,55.84302,13.720214,9.780251,6.594243,2.7135603,0.087294966,2.8741953,3.7077503,1.8846884,1.9113271,2.5611475,2.888815,31.015354,24.20569,11.653016,11.89551,8.767518,7.2893744,7.426801,7.1129727,6.4858775,5.600584,4.8162203,4.8016367,4.1278496,81,female,train,df2b477af81e0943e5c600d1329a124d,261.408,,english,,16,wls
qgbk,CONTROL,-311.10843,43.594215,13.944144,18.251715,5.194802,-6.980854,-4.201105,-4.1447935,-1.2624929,1.8859515,1.0092728,0.4112298,0.33283645,25.46271,12.927271,10.224729,10.722439,9.2756405,7.567421,7.761846,6.1722307,5.78085,5.6226807,4.409149,4.06574,3.8704479,81,female,train,d94441e632981773ec90f988228c5fa3,200.76,,english,,12,wls
qgbp,ADRD,-242.36124,54.95714,7.011004,10.701286,2.2932508,-1.2640984,-0.4090305,1.2246308,-1.4830517,1.732868,-0.08144658,0.90696454,-0.20956716,29.587914,17.189392,15.096526,14.115409,12.810969,8.862192,12.145569,6.292137,5.8106236,4.937523,4.8773146,4.834248,4.4181833,82,male,train,f92c6956f09fc01b89a293ae88e3e842,280.752,,english,,19,wls
qgfg,ADRD,-136.8164,48.134605,0.792921,8.0407095,-0.604295,2.6397917,-3.5475543,-1.0760192,0.5032853,1.5405549,-2.891244,1.6578919,0.78100556,39.62331,22.892574,14.519161,11.307499,8.38717,8.084246,8.004979,5.7280364,5.1878405,4.503734,4.63933,3.7110126,3.7432244,67,female,train,91d4574ff32febdf1179b02e9f94ce68,309.024,white,english,right,13,hopkins
qgxn,MCI,-139.03448,49.249294,5.786524,24.624212,-12.573573,8.790717,-11.202188,2.7437916,-10.534092,-2.3254437,-3.492875,-0.5812884,0.23134582,34.007027,19.49613,16.670273,13.3372555,9.762025,9.503351,7.8698287,8.930939,7.5218334,6.4060974,5.2323337,4.942747,5.1758785,75,female,train,73c9431dbc9e878254894d39b295d184,185.544,,english,,,vas
qhjd,MCI,-193.75555,65.76939,12.66174,14.271784,4.5048738,-5.3113728,-6.932294,-3.848546,-3.1079416,-2.0777738,0.23313424,0.042056993,-1.6402037,36.891422,29.318829,14.835411,15.975926,14.20665,11.561884,9.030026,7.3235383,6.0165606,6.2375526,5.130785,4.3686333,4.4238057,67,male,train,55176bd0ebbcaf76e211307a1021c6b8,238.272,white,english,left,bachelor,delaware
qhme,ADRD,-276.89606,60.37283,23.56724,13.814195,9.835901,3.0151308,-1.1297896,-0.15279013,0.2622565,0.3488493,1.0044321,1.6437832,1.5396736,22.770803,17.731716,9.974067,8.897105,7.6700416,6.6301312,7.083557,6.550679,5.7154026,4.967223,4.140832,4.0388756,3.6015866,81,male,train,013d348808d4b4aa33e39ab161994110,269.928,,english,,20,wls
qjga,CONTROL,-190.2558,49.27885,15.054527,17.885386,4.368253,3.6872733,5.0493064,3.392517,3.6329782,3.0377471,2.8607457,3.7483683,3.1101382,26.329144,14.78463,7.5777874,9.098745,9.493027,7.4603467,5.62789,6.450256,5.2672048,4.5880666,4.2561216,4.1337094,3.8025036,82,male,train,136a7f479cb2d56af116fb1c685b07fe,269.472,,english,,12,wls
qjgi,ADRD,-223.42989,54.559177,14.031642,14.737905,-0.0012500975,-2.9208784,-0.85906935,-3.179631,-1.0407023,0.122164816,-1.4339865,1.1346437,1.4149135,34.5002,24.196766,14.695444,12.990042,8.193273,7.7152243,6.9930696,5.572321,6.100359,4.7390127,4.4185557,4.0012913,3.3958406,81,male,train,0b17d7b47adce24f2a5664b399cef6d3,271.512,,english,,12,wls
qjiu,CONTROL,-169.52657,61.86695,23.083862,6.3749204,4.785403,0.7547805,-5.7615695,-1.2652252,-2.840565,2.422015,0.70744747,-1.6777653,-1.0064512,34.082375,22.784523,11.547071,12.749431,7.6722293,8.0582905,7.0467544,5.779931,6.26813,5.1435103,4.5422287,3.9119241,3.6937447,83,female,train,34e64cb046a6400fcaba95aa5e226203,259.416,,spanish,,8,ivanova
qknn,ADRD,-316.61716,68.063446,20.309982,11.241367,8.023392,-0.41021872,-0.4301853,1.3625011,1.9795679,0.5900141,-1.4076284,-0.97276956,-1.491073,32.922127,19.81973,14.336054,14.120058,9.158845,10.87398,8.116269,6.4418907,6.9412956,5.0441523,4.791398,4.711461,3.794307,80,female,train,100caa2eeea4cbd9d78e669c698ce0fd,106.8,,english,,,pitt
qkpp,ADRD,-138.43729,61.501724,-20.820576,12.136258,-13.390499,-4.2957993,-9.3756895,1.2919568,-4.9671154,2.7513635,-4.256319,2.6971245,-1.5115603,28.594236,15.906613,12.766613,14.100643,7.56326,7.1068783,7.0258365,5.9865193,5.991685,5.0679274,4.6542,4.716465,4.576612,91,male,train,d70ddb9f1a0eb620b3f86bb74e14e7e0,183.984,,english,,,vas
qmid,ADRD,-316.61554,59.632526,15.247766,11.425348,-0.25761798,-4.403121,-1.3058023,1.837898,0.46206108,0.5878076,0.5914707,-0.71825254,-0.803508,25.139639,23.57873,15.079147,18.635078,10.365315,11.626337,8.889525,8.498105,7.3074284,5.5533915,5.238434,4.4522514,3.9838655,73,female,train,dbff253192c824c148921d89313009ed,240.648,,english,,,pitt
qmmy,CONTROL,-218.4943,63.60854,4.119255,12.165129,4.373865,2.057755,-1.9418483,-2.0891898,-0.4114554,-0.77491105,-0.1929968,-1.5685732,1.3013985,34.77348,23.387178,17.387934,13.884037,9.410064,7.3895974,8.081427,6.0693398,6.5645127,4.8864236,4.9631877,4.7804704,4.0732603,81,female,train,e7b9a34bde454996cdfa01a853db3f59,274.272,,english,,18,wls
qmut,ADRD,-277.3126,51.550747,14.670533,16.0659,5.421092,3.410702,3.0268168,-1.1852239,1.9718794,2.7335203,2.209424,0.73668903,-0.36661527,31.932114,20.44792,10.571248,11.869272,8.720776,6.980907,7.174622,7.4665756,6.01354,5.980831,5.2071233,4.3164215,4.1610837,90,male,train,c539e4dff1f7ad56bc261373cb4ef8f9,262.92,,english,,18,wls
qnae,CONTROL,-250.76819,60.40051,15.27048,12.556069,4.237265,-1.7997785,-6.6368003,-0.5302403,-0.3237686,0.44934082,-2.275706,0.29153034,0.56112325,29.53646,22.332306,11.947289,12.444748,8.074276,8.866848,7.502606,6.326658,6.835335,6.147747,5.0834947,4.416871,3.992592,78,male,train,871be4df3f7183c1de340a598841f2a4,262.128,,english,,12,wls
qneb,MCI,-147.44357,56.601234,7.479061,21.17268,-9.666665,4.7191143,-3.7116992,-1.48675,-14.327011,2.3221416,-4.6287007,2.5819418,-4.2872467,31.875202,25.58364,13.626032,14.592999,10.94818,9.970565,8.719356,6.907224,7.065117,6.9603653,5.7362227,4.9532504,4.4619975,79,male,train,324c78cb54a20e86fe431a4d4f8e8c98,184.152,,english,,,vas
qnrj,ADRD,-259.38394,60.43329,5.639965,11.558126,5.423683,4.3142457,0.18482105,-2.3223307,-2.0766351,1.7396343,1.6461182,-1.3063813,-0.82925177,33.4537,18.380857,11.254283,12.822733,7.6010523,6.780108,6.6534553,6.6679854,6.5578785,5.8038707,5.2703414,4.927058,4.3195934,76,male,train,10c6b12f5774e2dad264ad29c2801b99,267.144,,spanish,,,ivanova
qobt,ADRD,-251.93242,54.811157,13.5968075,11.354944,2.6483371,-0.61208045,-6.1776485,-1.7498201,-0.6868307,-0.17335573,1.9260582,2.006362,1.7010745,32.0637,23.09167,12.600563,11.973882,8.652566,7.728941,8.367634,6.1233277,6.003871,5.1038146,4.353427,3.9722478,3.6167545,81,female,train,ce206ee920f6092868c6526a1f2f985a,277.296,,english,,12,wls
qojc,CONTROL,-242.92665,63.919838,15.017046,8.678519,1.9195975,-0.2798437,-0.93094075,0.5157476,-0.23175788,-1.1142958,-0.3628796,-1.8894677,-1.9763151,28.327082,15.045392,13.190546,15.75402,12.251877,10.291134,9.279951,7.319478,7.338823,6.031345,5.8522134,4.5816536,4.6283913,81,male,train,c8478f8e259a7865f73403592537fff2,135.336,,english,,12,wls
qpdk,ADRD,-139.06638,54.5497,7.7308574,14.821199,4.5807376,4.535837,-2.2844646,-0.45708618,-0.563468,-0.63074374,-1.4723957,0.8713824,0.029510185,25.12875,23.406689,11.198477,10.12151,7.687627,8.07048,7.267978,6.4413915,5.468332,5.4071918,4.6156664,4.6533775,4.2953725,66,female,train,b2acf26e34a6bc428b517e0041c6fe85,308.544,white,english,right,16,hopkins
qprv,ADRD,-181.47925,61.476067,4.580879,9.972218,-0.09946499,-4.275548,-1.954298,1.1383206,1.8119918,-0.5562363,-1.7895286,0.0932312,0.744942,29.12193,20.694496,13.42074,12.391539,9.654887,8.523386,7.6513224,7.047317,5.875028,5.673278,4.402149,4.6768804,4.2187285,82,male,train,7ffb391a45ea504369362d52d73d0c18,280.56,,english,,18,wls
qqoa,CONTROL,-235.08096,72.88535,10.918003,3.9194305,2.798365,-2.0433931,-0.09787289,-0.47251981,-5.127666,-2.629465,-0.84940726,-3.713269,-0.6055451,35.609608,35.3063,17.11716,17.529161,10.998826,11.159176,8.602338,6.527149,6.945873,5.916101,4.9599466,4.4275985,3.446774,59,female,train,1acd600094c5c282e17e99be48506aa3,229.248,,english,,,pitt
qqxs,MCI,-151.55072,67.02316,15.43219,11.364574,7.96753,3.2550519,-2.7886744,3.2919755,-0.5856116,-0.7319516,1.6488558,0.7338447,-0.5937127,30.330727,22.026072,13.23628,10.574516,7.44691,7.262544,6.059179,5.88895,5.2937,4.4711366,4.131891,4.220783,3.7149372,74,female,train,1947fbb0c13a3942f461ad50e2837794,295.344,,english,right,12,baycrest
qrhe,CONTROL,-286.8779,35.04055,18.830753,9.61218,-8.143784,-3.0898032,-6.825133,-0.7919404,-1.219787,1.6854628,-0.08785412,0.77232164,-0.50813437,25.727678,39.1523,19.13228,17.691473,12.578529,11.119131,8.343952,8.176342,7.6460104,5.958237,5.3267293,4.7451043,4.7373033,47,female,train,7f1ee6a89808286b41733e7bd401b8f7,262.584,,english,,,pitt
qrlg,CONTROL,-276.21985,55.283695,15.719666,16.50616,12.279986,6.8803377,2.3147123,1.3591921,0.1135898,-0.11716954,0.6777993,1.4099302,1.1329414,23.927065,16.393078,7.981651,9.659118,8.683368,6.595767,6.076551,6.046598,6.5729876,5.1552916,4.734632,4.383631,4.073742,81,male,train,8ce5df724be363b25abdf00d5ee290a1,184.8,,english,,18,wls
qroo,MCI,-161.89655,66.83098,4.8630767,16.320002,-1.0826463,2.2385314,-3.6679466,-1.3727691,-1.2552546,2.45019,-1.906947,0.57685333,-1.8140156,32.089893,17.713531,15.309427,15.308806,11.443331,7.877038,9.12888,8.377337,6.0699987,6.4700685,5.5813594,5.055376,4.9854155,46,male,train,cdf5c52cd8896b3c657543a162b97ba8,184.2,asian,mandarin,,15,ye
qrth,CONTROL,-301.3213,36.89702,12.495992,6.9834175,5.8642564,2.9906428,2.1462638,4.8153315,5.0919037,2.8737853,0.80727184,0.23232105,0.1981328,23.84083,14.340578,8.624362,8.039522,6.927021,6.0233946,6.4644604,5.8795652,5.052988,4.4773345,3.861239,3.696415,3.2779243,81,female,train,f22933d7c092456ae2942bc8ef828f24,268.416,,english,,12,wls
qryx,CONTROL,-263.51404,60.166218,3.6701725,4.603904,2.550052,-3.3906615,-2.436444,0.5010449,-1.4640185,-1.1996332,1.3512814,-0.27670747,0.5180159,27.22151,18.91568,14.063652,12.780237,9.600348,7.3350635,7.4589896,6.105164,5.1137495,4.4105797,4.042602,3.8375437,3.857129,81,female,train,3c8670162d4a2be9029866fb16535e18,260.112,,english,,13,wls
qrzc,CONTROL,-260.87506,64.077934,10.021982,4.392086,8.533744,2.848852,-3.4109876,-0.27981728,1.0362723,0.8772223,3.9156258,3.747608,0.7576018,34.952076,22.481401,13.770628,13.553554,10.504657,9.009171,8.521144,8.32737,5.749209,6.1581917,5.2692194,5.249948,3.891071,81,female,train,ddce3cb44f7578cfb581869ed06d48a5,158.352,,english,,12,wls
qshw,CONTROL,-259.28076,56.091145,13.8717375,11.753149,4.9306574,1.5725302,-0.6250118,0.4883544,2.770254,2.1517355,-0.8209515,0.4895966,0.8816377,36.376217,17.444132,11.478597,10.796522,8.628312,8.876746,7.612973,5.87606,5.9484997,4.5705113,4.3917546,4.252217,4.2913394,79,male,train,d8ce0046292d65fd83656997f8d585ee,268.92,,english,,18,wls
qtiw,CONTROL,-131.49254,59.612022,5.456154,11.78347,-2.2303286,-3.1929681,-3.8531663,-3.966274,-3.1661997,-1.8588072,-0.12416628,-0.55439204,0.89984286,37.21454,15.506081,14.652934,11.918964,8.649548,7.4599442,6.4463897,6.2909384,5.804758,5.3657746,5.2366924,4.7898393,4.0545955,80,male,train,bb85e52a5dfbcbd6d3e2aca24df83c69,296.832,,english,,12,wls
qtws,ADRD,-248.13664,74.7183,7.6355233,11.341514,1.3439281,-8.6120405,-4.4696937,-1.8703934,-6.223476,-1.1382422,1.3829769,-2.6823714,-2.0025146,35.240047,18.961412,15.387692,20.661629,13.459281,10.042219,8.40598,6.4434114,6.4224896,6.2486997,6.023129,4.429791,4.403302,85,female,train,6581cbceaf22a1781b2be73e144b304d,189.144,,english,,,pitt
qtxw,CONTROL,-214.20038,55.071274,10.604789,12.484759,6.498018,1.1308306,0.04749607,3.5550096,2.124564,-0.33476087,0.5737963,2.7721794,2.7817438,33.09304,19.803032,11.064827,11.529128,9.846402,7.6126623,7.0628705,5.48594,5.712259,4.9024386,4.3928022,4.079605,3.7047458,81,male,train,93233e745135fdf417625c2367123010,281.424,,english,,20,wls
qudq,CONTROL,-251.46672,46.72953,17.389822,14.718815,8.755654,4.870676,0.05498233,-2.2601016,3.4149432,2.2459202,2.1551952,1.9817848,1.0338305,37.40088,26.174454,13.77839,10.629557,7.9642587,7.6936693,8.2213745,7.881802,5.8420863,4.5098705,4.9634476,4.7238936,4.537732,81,male,train,3b4898f3f39a3304896ecfcc6fa020d4,273.264,,english,,12,wls
quet,MCI,-159.1145,60.342567,14.028842,5.6594753,-5.9191933,1.1028461,-4.0297303,1.4923567,0.71300924,-0.5908922,-1.5502936,1.1085811,0.02619087,44.086906,36.780025,21.168077,18.766644,13.059228,9.853857,8.622981,7.850462,6.762313,5.8036327,5.460288,4.601486,4.54236,66,female,train,be0c6521316dd1d6736a6a28c647ac07,257.112,white,english,right,bachelor,delaware
qvov,MCI,-312.03024,62.956142,20.153757,18.211334,8.860591,2.0763927,-3.7855718,4.4468827,0.9189441,4.4905133,3.0288641,1.2641205,1.6185244,41.653065,25.483341,10.229743,10.072184,7.5606203,7.4438844,7.869367,6.2926397,5.602044,4.863894,4.3280244,4.4578557,4.2238636,72,male,train,014744026999b37ea056b10d5e8cf75d,190.704,,spanish,,16,ivanova
qwgo,CONTROL,-229.6509,66.38252,9.34684,4.315559,-1.7380275,-3.011443,-1.3373405,0.3307059,0.753282,-4.159358,-3.6051807,-2.3626945,-0.25862378,35.12885,37.664494,20.550999,18.818264,10.648733,8.886179,8.743522,6.648365,6.71234,6.1849413,5.403663,4.605941,3.773618,63,female,train,6eeb9b99b767d25f4bf93ca750629a33,267.864,,english,,,pitt
qwny,CONTROL,-176.78401,46.831406,15.013212,5.322706,6.835292,-4.861017,-1.3741152,-0.954851,0.47915992,2.2970197,-6.652452,-3.1794903,-0.9981988,29.043621,22.879087,11.983685,12.935464,8.149981,8.104304,7.5682564,6.3275237,6.5962954,6.367421,5.411021,5.036798,4.217803,80,male,train,29c7686c70a731b9954dfd3a7a8a17f5,311.136,,spanish,,6,ivanova
qwos,CONTROL,-153.15205,53.77142,7.2686224,22.225914,-9.664149,4.6419277,-6.1065817,-2.5886931,-14.404989,0.5132598,-5.577116,-4.240777,0.6388778,32.756413,20.69899,17.063562,13.626471,8.940623,9.34319,7.611725,7.9594393,6.8777204,5.6109085,6.0853734,6.5831585,5.558297,70,female,train,8da39b7715bdea112854fcc88b1cd751,185.76,,english,,,vas
qxbb,CONTROL,-189.23839,74.227325,14.173228,6.058575,4.0308537,-7.079843,-1.6322327,-5.1355276,-2.159945,2.3416562,-2.2197592,-0.7980979,0.56312996,34.683895,21.15603,14.101965,14.395749,8.010286,8.801823,6.3945856,5.831274,5.9488387,4.8525023,4.288363,4.12047,4.0678735,67,female,train,f64b48fa75d959d0a08f53fecf91f243,263.616,,spanish,,8,ivanova
qxvj,CONTROL,-240.42955,52.342438,12.838733,15.951822,2.957461,3.2011871,-2.0159788,-1.7088672,2.1151726,0.08215828,-0.7631723,3.4014163,0.3525554,33.965977,24.309546,12.99176,13.461569,8.822078,8.885099,7.2864327,7.9881854,5.5152397,5.1481986,4.7854486,4.3696423,4.314452,82,female,train,b1802c1fddbde91fa5cd736f217344ac,226.536,,english,,12,wls
qxwf,MCI,-223.19453,88.77001,19.026066,9.657042,4.702671,-2.4039295,-0.72471493,-1.3185757,-2.6765263,-0.29464546,-1.3952081,-1.33497,1.0395242,38.276276,16.761208,15.899453,17.996443,11.346811,8.823107,7.710684,7.3311367,6.2649856,6.055573,5.499685,4.500594,4.619479,67,male,train,65db8719c53dc15236ec4c226079c117,91.488,,english,,,pitt
qyjh,CONTROL,-259.3556,66.89815,6.4355893,8.446289,2.507293,-3.272626,-1.1597782,-1.520585,-1.8630579,-1.3027372,-0.79714376,-0.2785295,-1.7171133,34.087105,34.04952,16.299929,16.780003,13.412757,9.5784,9.190972,8.512874,6.937968,5.752095,5.956464,5.752784,4.634124,66,male,train,e7b6e0c2779d10db84259f44ae9bca03,164.808,,english,,,pitt
qywr,CONTROL,-201.6003,54.784527,13.9080105,16.554373,6.904131,5.8613377,-0.38853097,-1.287796,-0.0017619836,-2.028324,0.35630444,0.307431,0.17904335,30.198301,22.135427,10.077673,12.579042,11.141407,7.5137153,7.230408,7.2607303,5.928094,5.450028,5.09048,4.6807714,4.816899,81,male,train,f7199085ac78109405436d7394a5735e,285.432,,english,,17,wls
qzdq,CONTROL,-243.26328,38.844315,18.34029,9.995311,8.640264,1.9300013,-1.6520165,2.9941,4.386512,1.602176,-0.16527316,1.2628775,1.6239438,31.587358,23.789417,12.329166,9.544756,7.118707,7.4944406,7.949067,5.83223,6.0277333,5.1660337,4.6066356,4.4084272,3.4080555,81,female,train,0805656cd3973c35e3bb995d78932344,289.392,,english,,12,wls
rall,ADRD,-279.7061,51.035534,15.580298,11.278123,3.5194767,7.9004745,0.9457378,-2.5838199,0.439944,2.9014373,2.5296135,0.7409735,1.1439608,30.395044,19.184565,10.388953,10.834941,9.639304,6.9826636,7.372254,7.4462056,5.127211,5.3181105,4.9845843,4.2473564,3.796693,81,male,train,10b31cf3e0a0e4461c5a2552ec7761a1,271.704,,english,,12,wls
rbto,CONTROL,-192.28798,59.01084,14.194623,11.432219,1.7329249,2.3326528,-2.7531319,-2.7532172,-0.90634376,0.048464213,1.5650716,1.8218846,0.2898615,32.38836,21.968624,11.899523,12.99532,10.006996,7.2513366,7.2378025,6.286265,6.003077,5.2560472,5.084594,4.5272408,4.1606836,80,female,train,89f935684ad64a18234af25797a1db4d,287.616,,english,,12,wls
rbxd,CONTROL,-290.9151,44.011173,15.591094,9.789762,3.9080417,-0.33638796,0.90737456,0.66196597,1.0971727,1.8056166,-0.049472578,-0.33468938,-0.14682272,34.04679,18.190035,9.141869,10.486201,7.363175,7.5857935,7.668927,7.6915226,6.53416,5.2313046,4.7170515,4.2337327,3.8599036,82,female,train,9355397405b829b5daa21b665c589eda,228.84,,english,,12,wls
rcek,MCI,-182.53958,61.889362,16.229221,2.3250792,-3.392193,-8.161169,-3.8685114,-1.0528017,-2.834637,5.8457494,-3.7184644,-3.2293606,1.0391574,38.474976,24.63801,13.260036,12.977913,7.1030188,7.560469,6.209445,4.7738576,5.848208,4.5172944,4.254968,3.8663266,3.85301,86,female,train,415c082b9be99b1738983cc2ece578a8,296.448,,spanish,,8,ivanova
rcts,CONTROL,-274.03085,41.247147,17.960827,12.54854,9.294725,6.511508,3.2787251,3.22461,2.8915856,0.7976885,0.14760798,1.7325871,1.2873645,23.913246,25.032803,10.907088,11.776272,8.789168,7.1377687,6.2803802,5.9880824,6.6282754,5.659151,4.7220025,3.9913228,3.9325352,79,female,train,7ce5247086ca371800edae0964d37c42,272.16,,english,,12,wls
rdle,CONTROL,-291.2753,43.63541,18.4069,10.892854,5.155368,2.9238615,0.76688254,1.9287692,2.3584256,3.026901,0.70271766,-1.1872336,0.78149885,32.438416,16.27353,10.232767,9.963795,7.631323,6.2568383,7.410529,6.405542,6.180278,5.258189,4.5060744,4.6711226,3.758423,80,female,train,23df2b4a2ac64ab14cdc59dea34c4dc2,271.008,,english,,13,wls
rdlm,ADRD,-239.2251,44.08302,17.99132,4.892136,-4.8908067,-4.1011167,-9.053204,-4.5027037,-5.141494,-0.19798699,-1.971943,-0.30601037,-0.31747928,27.582857,30.062403,13.156523,15.452962,14.893781,9.911827,9.474575,8.6638365,7.126162,6.988249,6.122696,5.0531726,4.7963524,80,male,train,2cdc6ff1123e5f1b855a91dbe3c11bca,245.928,,english,,,pitt
redt,MCI,-188.18544,60.443066,11.452703,5.7946696,3.7905853,-3.9459364,0.85677207,-3.261477,-1.2265831,0.09787484,-2.1767359,0.93412805,0.8368088,32.26594,19.746288,10.138047,9.690455,6.193178,7.5091767,5.1326456,4.4722853,5.092683,4.0676384,3.5156555,3.283425,3.3530314,81,female,train,a028fda652cfc2932d434c79352b5d7e,297.984,,spanish,,12,ivanova
renw,ADRD,-220.47249,72.89536,11.43335,4.0348926,3.2327638,1.0473729,2.194616,4.6882195,2.3897855,-2.101202,-3.5438535,-1.4169862,-0.45706794,41.443073,31.595488,20.38428,13.963156,10.716547,9.767183,9.212663,8.037352,7.1456704,5.3551373,5.3593755,5.0925236,4.5164313,60,female,train,7b4fbc03e4cd8fe82a2180893745044f,180.888,,english,,,pitt
rewq,CONTROL,-236.55333,62.00197,6.049068,7.919214,6.549054,6.1889424,2.2037685,1.0382478,2.2187567,3.8672888,2.4618406,2.477336,2.0534477,26.548904,15.275124,8.826237,5.8183546,6.027308,6.0691013,6.0760894,6.0092144,5.357003,4.7786684,4.115939,3.546574,3.5854352,81,male,train,b0263f9bef2b98073442a5a985c4b41f,260.448,,english,,13,wls
rfgr,CONTROL,-329.64764,76.43286,5.207229,12.675774,-4.5380054,-2.3410099,-0.7298637,0.10096545,-0.9568871,-0.39084294,-1.3375993,-2.2204988,1.9750587,33.169907,17.287796,19.222486,18.304857,11.274015,12.117206,10.478176,7.8728523,8.445821,5.095588,5.8540797,5.079997,5.5603747,67,female,train,b8f3521de13ca7f0e031a2c92d20167b,71.184,,english,,,pitt
rfls,CONTROL,-160.63977,45.32768,13.394003,17.631071,4.5307336,-3.944243,-5.4146075,-5.8430276,-2.070142,-2.5673153,0.40298888,2.099153,0.9660398,44.371044,31.808739,18.146145,13.608283,9.825304,9.837908,7.813905,6.1657314,5.525317,4.721392,4.501257,4.2049713,3.8817883,63,female,train,85d73b047d82841d51b070dd4d0de041,254.88,white,english,right,bachelor,delaware
rfzk,CONTROL,-224.83455,53.054287,14.105132,11.505971,5.612379,-1.9926442,0.96813214,3.2800064,-0.2525773,2.6195984,1.9857202,2.5200324,1.9147145,34.446976,25.384434,11.848436,13.749435,8.603005,8.762311,7.4372506,6.4334507,6.2153563,4.813621,4.707764,3.982663,3.837162,81,male,train,bbb06ec93f0254ad7bc24c96fd39f5f3,238.896,,english,,16,wls
rhbf,CONTROL,-255.48593,50.682323,15.588288,14.10797,7.2549024,1.1546237,1.5777496,-1.2229917,3.834674,3.0694275,1.2680224,3.061998,3.4586143,31.129995,20.760191,12.360524,10.60603,7.9974523,8.035515,7.5097938,7.2286654,5.869544,4.711518,4.1684833,4.3173814,3.3823094,79,female,train,6fdbe477720eb5e68d7f70820657d4fd,265.2,,english,,12,wls
rhpt,CONTROL,-323.94644,74.86024,16.126556,9.597716,0.2618545,1.0192744,-4.495107,-4.5677547,-0.7712322,-0.5754082,1.418322,0.022528615,-0.35287115,35.004635,26.273909,13.880629,17.874645,13.842889,8.727576,10.348544,8.862724,6.2444043,7.491557,5.489941,4.9456453,4.1534915,67,male,train,a4e18135d77959cb667f8932ec1c80cd,129.192,,english,,,pitt
rihs,CONTROL,-382.80728,54.235466,12.751054,2.6329105,1.1498277,2.4852452,2.2972796,2.4439025,-0.58188796,-3.0706491,-2.6214921,-2.2896912,-2.3877895,20.704882,14.618282,15.305931,14.025699,11.119785,9.436574,7.995159,7.6651244,6.1029863,5.6596065,5.2558756,4.919218,4.4905257,66,female,train,c6af14182e1b9e3130eb05ff62f6f2d3,173.952,,english,,,pitt
rikr,ADRD,-289.73544,58.28841,25.301516,5.315182,5.032423,6.9372735,-4.334375,-2.884247,-2.900174,-0.9558276,-0.27431458,-0.56233096,-0.19209373,34.814243,37.345024,11.379226,15.980896,11.078705,7.2907915,8.089038,7.9662457,5.650681,7.062898,5.3603883,4.628165,4.2641516,55,male,train,a113de1228b2a9d8336c187bfeca004f,92.544,,english,,,pitt
rily,CONTROL,-183.14009,53.948868,10.9644785,7.3971777,1.3539591,0.54438245,0.0044486825,-2.963748,-2.0709164,-2.4166176,-4.875111,-2.163849,4.108064,33.60522,20.759516,14.751661,14.946055,8.160105,7.131458,7.1578035,6.6599746,8.070446,5.0142984,4.443462,4.5973754,4.9801426,75,female,train,87b628258d26919bc5c55a20fe63638f,293.616,,spanish,,0,ivanova
rixf,CONTROL,-206.29016,68.85769,17.028505,19.385193,2.1699069,1.2822653,-2.5117457,-3.3990407,0.18617614,-0.9073709,-1.2710443,0.08077268,2.937438,32.33521,22.543028,14.140168,14.151519,10.523335,7.2913766,7.235676,5.723568,5.7487726,5.790115,4.9024167,4.29952,3.89292,81,male,train,f1b014c905f48909a0f3d947023d75fa,202.008,,english,,13,wls
riyp,CONTROL,-157.87674,45.045124,15.982387,13.762236,-1.3576759,2.8379056,-0.8042856,3.8037379,-4.986709,-3.4027407,5.170396,-4.730071,-0.20451814,48.784603,35.94714,19.73351,17.875998,12.591028,9.821028,7.045808,6.4997635,7.4076695,5.4494915,5.4977922,4.964493,5.557946,71,female,train,585010765b9ef1a22fac6093a53fee53,250.2,white,english,right,bachelor,delaware
rjmn,CONTROL,-236.60938,52.30337,12.036716,9.233936,5.8922906,6.432297,-0.7069694,-1.0322782,1.7562393,0.62785167,-0.29217258,1.1405679,0.1342321,26.78859,18.696857,9.797043,9.882951,8.267231,6.553128,7.810339,7.175093,5.7761874,5.657498,5.4882073,4.738739,4.375357,81,female,train,483e52722f4928e6d23082bbb01d1b98,221.184,,english,,16,wls
rkej,CONTROL,-351.92584,56.76934,18.534548,13.028587,6.310178,-3.8323793,-5.4694657,-5.9163394,-4.4183097,-1.126995,0.940957,1.2192087,0.55710405,24.555817,23.211437,12.088811,17.082531,12.952416,8.7907915,9.3910475,7.5282426,5.913135,6.6244345,5.637953,4.584379,3.9064925,65,male,train,8cb9fc973392eabbcd34f219bc4c74b4,101.784,,english,,,pitt
rkkt,ADRD,-216.82945,65.32658,14.133909,10.732552,-2.0698726,-3.526742,-5.447227,0.85817116,-2.1153088,1.6828071,0.19455695,0.6179687,-0.027528455,42.939068,27.46002,16.1645,17.384441,10.188884,10.644298,8.718219,8.107959,7.367089,5.9414754,5.3172216,5.440514,4.506497,67,female,train,2eaac28465afc4ae07b720af61d308d7,240.456,,english,,,pitt
rlft,CONTROL,-237.255,62.88758,11.163582,9.784511,3.2144938,-7.3420916,-4.536575,-0.05353979,-3.5898113,0.093248636,0.8910046,-4.24786,-0.6319577,35.25659,16.370077,11.879027,12.797772,8.129065,8.5399,6.15375,5.329175,5.964746,4.621853,4.819372,3.8674743,3.4778118,68,female,train,79f8984d2871e6f2aee5209e1c207760,254.28,,spanish,,12,ivanova
rlls,ADRD,-274.97406,76.40025,18.713326,10.6916,1.0314349,-3.1780818,-3.6935356,-0.5619211,0.7962909,-1.8957809,-2.8805358,-1.33781,0.03283613,36.064304,27.762215,17.64662,15.0403805,10.868412,9.175927,8.984828,6.8124185,6.6553755,4.577531,4.699561,4.0787735,3.5780187,78,female,train,28a94086533e1fa6238220138d3970de,227.784,,english,,,pitt
rlvz,CONTROL,-374.6254,59.459644,27.250841,12.56006,8.930773,1.8410546,-1.249408,-2.997117,-3.1996815,-2.7410417,-1.270654,0.12893172,1.2598479,23.414518,18.791162,10.433064,10.855053,10.580614,7.5598783,7.6864333,6.163196,5.2845764,4.9909096,4.6536355,4.0998034,3.6130698,50,male,train,933e6e00d1b558d82a6656e29038fad9,101.52,,english,,,pitt
rlxh,MCI,-151.19588,61.39779,3.5008848,27.164694,-4.3799806,7.304309,-3.8040922,-4.164564,-8.96432,-2.8736973,-2.4230137,2.6788015,-2.1357884,33.198387,17.403303,14.80913,13.808547,9.862389,7.5653467,8.154919,9.066602,6.514761,7.6319957,5.6087627,4.522596,4.9097614,68,male,train,3a0eb94b5c7661ec4ef09c2a49ed6d2d,186.72,,english,,,vas
rnlm,ADRD,-233.98647,51.547726,10.044056,9.82839,3.6674173,2.2712915,-0.46773118,1.4126434,0.5801383,-0.043279048,0.42754656,0.0007598877,2.8255792,31.563143,25.475418,14.1245165,15.403291,11.862769,8.324393,8.486922,6.165626,6.359329,4.9383593,4.873629,4.687483,5.135619,81,female,train,24da74f012ebf78a695854077014ac98,168.528,,english,,12,wls
rnsz,CONTROL,-283.89514,33.978546,18.994053,9.137604,0.39872745,-2.1607735,0.037388623,2.19048,0.7639293,1.9604264,1.4313202,0.071707696,-0.8258554,24.541405,25.499992,10.084266,12.406303,10.352636,9.998428,7.168258,6.6730204,6.570596,5.2243085,4.9916415,4.184211,3.7185602,65,female,train,d6e04942768ddf41a31100552177d3e6,180.912,,english,,,pitt
rntv,ADRD,-291.02933,49.521988,16.802029,12.1184435,6.2033463,2.8921993,-1.0575886,-0.662333,2.810712,0.93456167,-1.1434698,0.4867853,1.7518921,26.874819,20.631546,11.392417,11.500192,8.684049,6.594171,8.486657,6.81267,6.2605634,5.077985,4.6495743,4.1508284,3.356451,80,male,train,8ee6e234e13036fc1c03da31c50382ae,269.616,,english,,16,wls
rnyx,CONTROL,-257.29385,64.51723,11.694366,8.47607,-0.63973475,-7.02337,-3.981231,-2.4711378,-1.787435,-2.5430558,-3.4833598,-3.029515,-1.5933962,29.507809,35.04034,17.712276,16.969587,9.649271,9.623008,7.4002943,6.841166,6.0089073,5.162672,5.221868,5.1753592,4.6808367,66,female,train,278f929db1eeeaa8598ec4c989f7e0b5,247.128,,english,,,pitt
roge,ADRD,-267.70575,59.856144,17.442005,10.805945,4.826837,-1.7460113,-1.7965808,1.6357243,-0.6841468,-1.5384245,1.8022349,1.7818278,-0.40826365,27.548975,21.287443,11.146917,12.708807,10.396386,7.889568,7.6596594,6.8659325,5.9906774,5.00676,5.1600013,4.691783,4.502465,72,female,train,ba943ad1daef9ce9002e542e031ef931,256.416,,english,,12,wls
romo,ADRD,-284.4674,55.580574,14.48089,8.224495,3.9734638,1.4578499,-0.22652222,1.2224467,3.0543015,1.8730409,1.1957339,1.8460855,1.0491048,33.8466,21.015015,10.573716,10.656127,8.143631,6.5292974,6.965114,6.4145694,4.811964,4.3911333,3.9621668,4.0574493,3.534444,80,female,train,88ba3437ec712dbbdf3ca2a1f3d18b31,240.096,,english,,12,wls
rpcn,CONTROL,-278.4403,41.231033,12.328413,16.114164,-10.704497,-3.7832644,-7.458814,-5.5967097,-3.4328043,-0.09321642,-2.6032763,-0.0115709305,1.5283079,26.504297,35.12602,15.62716,18.821238,11.875329,11.819195,10.000026,8.294444,8.773945,6.954552,6.6791077,6.258775,4.778542,72,female,train,cb2fd6cd4e9ad18b8fd4a3d3ec793964,242.16,,english,,,pitt
rpla,CONTROL,-135.37276,54.10711,8.482849,14.5133095,1.7455815,-6.6958017,-4.830017,-0.83876973,-0.99559474,-1.7492913,1.6258279,-1.8194588,0.30234906,38.209774,28.581583,14.857616,14.704744,8.891002,8.030212,7.4260817,5.7907944,6.698756,4.700221,4.6306276,4.2160087,4.1044803,80,female,train,6825f1ebb68524250dd958cebb117169,294.864,,spanish,,8,ivanova
rpou,CONTROL,-222.39847,61.030426,8.711457,12.211466,2.3040211,-1.0498084,-3.258916,-1.0398185,-0.9757101,-1.7984076,-0.18492635,-0.78861475,-1.1805736,30.214806,20.383364,14.9267845,12.21959,7.9311104,7.783482,7.0984526,5.585576,6.3776736,5.0866785,4.516914,3.9485168,3.8873928,82,female,train,9efac29236211428018280f125d30028,266.856,,english,,12,wls
rqyj,ADRD,-249.06827,35.46731,17.330898,18.234074,-4.75479,-3.0906446,-6.5690207,-0.6460355,-1.8561816,-1.2233474,-1.9159199,0.6602492,-0.6112684,37.863132,31.838558,20.693092,15.063158,11.787964,11.035272,10.240625,7.5043483,7.450335,5.4825506,5.4182086,5.202124,4.765796,68,female,train,659cf4fb39e58f42c5bde002aae3fafd,253.392,,english,,,pitt
rrce,ADRD,-338.68704,38.407383,12.530615,11.581128,6.718514,-0.8321048,0.5982024,-3.9177687,-5.956377,-4.446314,-2.1977687,-2.6463444,-3.7417464,22.337744,19.194742,10.82319,14.877291,10.163915,8.118973,7.3576474,6.556177,5.921445,6.2024355,5.340839,4.816999,4.1151567,70,male,train,e995c26c4ccf96d051228e795ec89447,263.76,,english,,,pitt
rrmy,MCI,-182.43376,48.157978,8.752807,13.572777,4.041946,5.913641,1.3681917,-1.1049464,-0.26137495,1.147707,-1.1322259,0.5821117,-0.93355644,29.305672,15.888706,11.768812,11.26518,7.816085,7.0229816,6.6889167,6.3160543,5.886179,5.6149845,4.850791,4.399463,4.5722466,53,female,train,13298d407d5aef4b5524ef5a3d03f734,212.4,asian,mandarin,,14,ye
rscl,CONTROL,-250.6033,42.025925,10.166053,16.45416,3.5826592,4.1831822,2.4730306,0.59688747,4.3227797,1.3618965,0.8678326,1.2600884,0.36596015,26.828085,20.693668,9.008826,12.5647955,9.941681,7.187684,6.303598,6.7023406,5.507653,5.015687,4.8103447,4.5358877,4.5234103,80,female,train,f2f1cbd4213c1193b19cf7eba3fb9ea6,267.912,,english,,13,wls
rsoy,CONTROL,-288.9609,46.450054,18.461218,11.016938,7.2419677,3.3141665,1.2293135,3.4853957,4.3799353,2.0136409,-0.73011154,-0.3990224,-0.22949426,28.115173,23.760685,12.509241,11.826232,7.8983097,7.714151,7.9225607,7.3037415,6.9278874,5.321692,4.538621,4.4218364,3.56904,73,female,train,62471bb60891dde0df8c2da8313a9a3f,187.68,,english,,14,wls
rtlq,CONTROL,-258.53778,47.750668,18.430243,14.081148,6.4507556,5.528088,2.6003053,-1.0539275,1.4116745,3.249836,2.7452967,3.1354835,2.8653116,32.99179,24.796509,9.705049,10.274173,8.156869,6.9261966,7.7283564,7.4014897,6.4733863,4.99951,4.948863,4.261586,3.690785,84,male,train,5d952ca155d810cfb6a8f133e7eda55e,180.456,,english,,18,wls
rtmd,MCI,-243.75542,57.238968,2.7171981,13.566333,-2.1439254,1.0553697,-9.346832,-6.1770396,-0.24118824,-3.8316796,-2.0588071,0.72643894,-2.5245156,33.460365,21.35034,17.942978,20.09358,16.009487,12.229094,11.260901,9.914418,7.824811,8.516491,6.810743,6.3377404,4.432722,63,male,train,2c8b454344ddeef72a3f5cd19793dbb2,261.552,,english,,,pitt
rtqs,CONTROL,-207.02089,59.59572,17.288954,14.038525,9.5418825,5.1022835,4.5200367,4.429697,3.3955944,1.9754035,1.6223795,2.4498477,1.4648807,28.339802,20.67691,9.860833,9.247276,8.931432,6.8602333,5.5196967,5.3360734,4.912019,4.56535,4.189891,4.398154,3.818182,85,female,train,b982a9fe5eb170e2b653184d072b584f,218.448,,english,,12,wls
rtsh,CONTROL,-182.65593,55.35869,19.482998,14.473379,6.3928723,5.9433627,0.9132914,-2.358204,-1.8477224,-2.6771169,-1.7547351,-0.25855827,1.2927339,27.10052,17.421267,12.149964,11.589537,6.5375433,6.3522806,6.489517,5.8928633,6.5007615,4.566541,4.3487096,4.1375957,3.8138342,84,female,train,3bd2830784c0ff2b31a101d29a63217f,293.76,,spanish,,16,ivanova
rtsu,CONTROL,-218.04807,65.73516,6.188146,14.054701,-5.6846066,-3.5281155,-1.0732039,-7.2482085,-4.153385,3.176842,-1.7058893,-2.1493638,0.80775994,40.778606,18.040035,15.060736,17.156105,8.70013,7.0984793,6.916939,5.5733867,7.171896,5.4728312,4.6960464,4.1458893,4.3530374,74,female,train,35827d06893f293fef59a34b0f809342,277.536,,spanish,,8,ivanova
rtvk,MCI,-176.74512,55.467236,28.55019,4.063205,5.352071,-1.8071665,3.0013528,1.8392735,-2.0060415,0.6509558,-5.138863,-0.976975,1.3335273,30.645645,16.86398,16.504345,14.067827,10.414741,9.072751,7.2178297,5.6595063,6.6404886,5.629873,5.225698,4.804815,3.5713227,81,male,train,4ff19fee08e24bae646848732ed42835,313.968,,spanish,,8,ivanova
rugj,ADRD,-229.45985,42.89604,22.796032,14.857528,8.162057,0.8370906,-0.66309273,1.3106936,0.4014558,-0.063865185,0.21712166,1.2701508,1.5092587,27.008467,20.386372,8.397972,11.259877,8.843978,7.3516445,6.4221487,6.099968,5.576685,4.8153133,4.7890673,4.2733035,3.8101766,81,male,train,0ba7715ad6b0b192d06a7bb28ed0970b,286.176,,english,,12,wls
ruit,CONTROL,-268.18436,70.161896,21.574299,7.947167,-2.7989728,-0.6684202,-2.890157,-2.854026,0.015424673,0.59688324,-2.0562365,-2.5609589,-0.41079196,30.177835,32.446056,15.8711195,19.425152,10.773882,8.677842,8.3671875,7.299949,7.988185,5.58553,4.8574266,4.3661857,4.153105,72,female,train,20b230fe390a4dbee59f91b76aea423f,235.176,,english,,,pitt
rulp,ADRD,-132.84064,64.639404,2.7195086,18.230204,3.615142,4.429304,3.0865169,-7.352785,-3.346834,0.049929284,-0.99558544,0.81331605,-0.3236763,29.802256,26.72033,17.334208,13.728091,9.52134,7.6490083,6.848524,7.5039797,6.354236,6.461911,4.8009515,4.6903296,4.494295,75,male,train,999b174f0fbd233a5cd0e9697a453c46,293.136,,english,,,lu
ruod,CONTROL,-203.55992,60.184296,1.4512451,11.968542,-1.7339498,4.5703244,-4.2560377,-1.674019,-0.76946115,-0.49439126,-0.0119179385,-1.7308786,1.443698,33.54618,18.883024,15.288922,14.755004,10.756607,8.982039,9.748188,7.2721415,7.080067,6.2253547,5.488658,5.300762,4.7760177,74,female,train,52876e75c093a1ece489410c681c8a18,134.64,,english,,12,wls
ruza,CONTROL,-170.09015,53.818897,1.9174386,14.620899,4.2639437,-3.723714,0.016693842,-7.8146048,-4.253019,2.4377522,1.6056795,-1.8615171,2.9317002,29.166662,20.273355,11.300786,12.1080885,9.223562,6.871666,7.7913947,6.1425076,6.2756057,6.434856,5.0439363,4.4361277,4.422361,87,male,train,c237197fd706dd3abdfb2bd833788160,305.088,,spanish,,12,ivanova
rwgg,CONTROL,-224.76895,54.44558,13.798673,12.291758,7.6050744,-1.4795747,-1.2727948,-4.5693994,-1.5231794,0.6578359,1.2094554,1.1508541,-1.8989456,26.530048,22.691814,12.068465,11.99113,8.891956,7.0189786,6.640958,5.650709,5.4829197,5.7739983,4.803201,3.753234,3.9410255,72,male,train,7e45aecf2a15d4d8dab23142344d5766,308.016,,spanish,,8,ivanova
rwnh,MCI,-159.10367,64.19568,19.918463,13.726818,7.84352,-0.5109304,-0.5451587,-4.5509953,-3.3972845,4.181379,0.06622149,-0.27313656,-0.7450542,26.53258,12.337455,7.572982,9.687447,7.311384,5.2304144,5.9379005,5.136494,5.024662,5.7869377,4.560514,3.476175,3.4752536,90,male,train,5d37064ba64c1de08abccf5761eff527,291.264,,spanish,,8,ivanova
rxli,CONTROL,-190.06801,39.929214,18.181126,14.348745,5.7796054,-3.2224448,3.6895,4.254629,2.293656,3.099804,2.273575,1.3955152,4.0985904,36.681076,23.970219,12.35051,12.194894,9.658403,10.747315,7.2510695,6.4904747,6.426929,5.1941423,4.9558454,4.784992,3.807365,68,male,train,d1c72feb33f4674f6524f033a88a8dc8,130.512,,english,,12,wls
ryab,CONTROL,-258.12967,50.75281,11.942272,10.497207,4.549746,-3.4064174,-3.7132728,-1.3603033,-0.32175305,0.35549733,-1.2659514,0.3578871,2.086651,30.988016,25.627234,14.429167,12.6409645,9.083729,8.909118,8.144434,6.865713,6.3416147,4.8799996,4.5958295,4.3401465,3.909322,69,female,train,66e2ba9e8b6c45a56f7a55d93f449f93,237.768,,english,,20,wls
ryhk,CONTROL,-266.8903,42.88712,12.526053,13.236473,5.8216434,-0.3063888,1.467479,0.067405194,0.4862123,0.6161408,0.54083306,1.492612,1.5829723,39.314796,24.64749,15.385421,13.133591,10.006986,9.643445,8.0257435,7.0376606,6.210064,5.4516077,4.9724007,4.545245,4.3782377,87,male,train,ebf9ffab4ef1dcfa313a0d10ed8ae7e0,268.488,,english,,12,wls
ryht,CONTROL,-218.88783,72.49107,2.3796737,18.832361,2.8662057,-2.161846,-4.88417,-10.032922,-3.0673823,-1.2097815,-1.6666472,0.031788018,0.3669056,37.899445,23.937464,16.063427,19.48587,15.067307,8.553982,11.149909,8.52065,7.307075,7.8942266,5.784717,4.7112274,4.487564,76,male,train,6e549f27e858edc5a86e918fc074a8a9,262.08,,english,,,pitt
ryle,CONTROL,-226.21834,55.11162,-5.4226894,-8.840235,0.3246154,-9.972881,-9.6631365,-1.5598527,-4.9904222,1.3471452,1.1606528,-0.710043,2.6832848,34.123837,25.529438,25.43827,20.809687,13.979073,11.960479,10.073349,8.992757,7.7520227,6.1358385,5.7858906,5.844177,5.4615736,74,female,train,d26c930b334fb4dd700d1e7ce3c15c39,292.704,,english,,,pitt
rywp,CONTROL,-271.8933,79.841805,7.103155,4.8936143,-1.4052707,-6.179138,-1.2948927,-0.6473721,-2.595086,0.06273536,-0.09393892,-2.254386,-0.7383027,36.035755,27.596422,19.862,20.125532,10.332021,10.540417,9.21062,7.092081,6.542486,5.122927,5.15372,4.206959,4.4,61,female,train,bbc9bf21998d96efca9c5c54ae21c32b,135.456,,english,,,pitt
sajw,ADRD,-205.0838,55.945114,15.534869,18.645847,5.4874506,1.8015132,-2.1858432,-0.60716456,0.29772866,-1.381578,2.6866708,1.732449,1.2428726,28.37869,21.011164,8.715463,11.100217,9.243145,7.4782567,6.6099315,7.5251083,6.1372967,5.5865226,4.818863,5.0115795,4.0132327,80,male,train,58da27aa210714416d6affde67dcc1d8,265.224,,english,,16,wls
sakb,ADRD,-259.69516,55.30329,15.800435,10.658973,6.167018,-0.1933014,-4.217412,-2.129833,-1.1593198,-1.0903932,-2.0620236,0.068842486,1.5526415,35.55847,22.23363,11.133454,11.403013,9.209298,7.093579,6.413106,6.192998,5.9232407,5.3426247,4.785785,4.4846053,3.5164883,80,female,train,1cc2fcff5af8681410fe7829dc467d66,271.344,,english,,17,wls
saum,MCI,-217.23605,57.72425,7.162318,12.204494,-6.130536,-1.3639325,-0.02224839,-4.483298,1.8528699,-0.18572608,-2.024549,-0.26943386,-1.5324252,34.22274,18.439306,12.306204,13.325146,10.000988,7.8169003,6.006967,6.842617,7.318205,5.409578,5.6465325,4.871769,3.9535072,80,female,train,88b33edb6670519e67ed0ef3cbc8d364,279.384,,spanish,,19,ivanova
sbim,MCI,-154.73608,25.887426,4.5793967,1.0793415,6.8245597,-9.106873,-7.2781706,-4.468291,-6.214729,1.1095556,-5.665623,1.7774038,0.056296185,39.024727,37.6784,20.960445,21.035261,11.176568,11.341614,9.076432,7.8280773,8.177573,6.9613338,5.7734666,5.85629,4.741844,73,female,train,d05c5f6c89c5a4672a51f394d7bad097,266.64,white,english,right,high school,delaware
sbqw,CONTROL,-237.75345,60.73261,7.7819986,20.440456,5.5257163,-3.1801307,-2.1462407,0.81829894,-0.38531303,-0.14327435,0.4052922,0.5040141,-1.2827123,33.327114,34.51655,15.946254,16.276224,12.183651,9.438746,9.476706,8.236095,6.4688206,5.962836,5.238924,4.876623,4.3582473,61,male,train,bef4b0192056b41f137e382aa4338ead,243.84,,english,,,pitt
sbrr,CONTROL,-261.5994,50.23149,12.226379,8.681314,7.981904,7.4272923,0.7762414,0.24634044,4.138168,1.9850541,0.17282824,0.87384707,1.1486139,34.547314,20.149223,10.818237,10.380604,9.35723,6.4277616,7.774267,6.6427794,5.8339505,6.2992997,4.955215,4.246944,3.7660027,79,male,train,57faf413bfe32e364d53f588dcc13ac3,264.096,,english,,12,wls
scum,CONTROL,-155.19864,66.61268,10.464926,13.775,-1.9895031,-4.9743195,-2.5680428,-6.5586734,0.67810273,0.8044018,1.3242759,-1.385753,-0.8018102,37.80278,21.310287,12.624024,14.717646,8.68128,8.544295,6.128242,5.3256693,6.410705,4.4354115,4.2878366,3.6892123,3.3843033,69,female,train,27d3d4036f1f49c3cfe21d9562d7cb9a,310.032,,spanish,,8,ivanova
scyo,ADRD,-146.91808,59.786777,-1.0299739,23.450968,-1.8728992,2.4188235,-5.9227724,4.6585236,-6.7844577,0.5966102,-6.6372495,2.301768,1.276016,30.998566,22.662369,14.425271,13.295972,9.55288,9.272317,8.533131,8.290587,7.961246,6.3409605,5.5655074,5.4580154,5.114437,83,female,train,f068fe5ea147ff789fa533e36be0c0fb,188.088,,english,,,vas
sczk,CONTROL,-261.3456,54.198257,15.124681,11.198217,7.6982503,6.4510355,0.28251195,0.7936242,1.5301738,1.8502733,1.7026682,1.8572032,2.3743296,29.083569,19.738409,9.507728,9.414533,8.033292,6.2484975,7.3741527,7.9108996,6.2140517,5.398344,4.967602,3.9481041,3.3515751,80,female,train,d9dcebaf8eac229766f609f4f54690eb,262.032,,english,,18,wls
sdba,ADRD,-284.89392,49.310314,13.603793,7.3861003,8.523975,3.4130929,-1.6498212,0.4885549,1.9151986,2.789786,2.466703,1.990568,1.0373139,36.773148,23.373056,10.278782,12.203409,8.737187,6.6139174,7.9509816,6.9334235,5.795618,5.330215,4.4219513,4.486115,3.8550396,81,female,train,6271dbd5168cd22d3c969867db7a484f,258.096,,english,,12,wls
sdgf,CONTROL,-213.06824,66.104416,5.0660286,4.3818326,-0.05042583,2.3522599,-2.982982,-3.1602364,-3.7363653,0.30428088,2.2305732,3.3377788,1.1865258,38.484684,20.567846,14.315134,13.7182455,11.979003,7.357744,8.497126,8.694452,6.2112727,5.608541,5.302151,4.596191,3.8455515,81,female,train,e82bbaf3102ddb4510b9148cbfc56a96,267.096,,english,,12,wls
sdma,CONTROL,-282.22443,79.73123,16.652082,16.167583,3.0705922,-9.117087,-3.4840784,-1.2984859,-4.2852387,-1.1214464,-0.3373994,-3.025357,-1.2824428,33.30148,12.978145,17.816181,16.66261,9.48842,10.792532,7.9451747,6.5193977,6.491499,5.496983,4.6680217,4.674734,3.8232427,68,female,train,9fd9739566bf30f38e4760718a741458,188.472,,english,,,pitt
sejh,CONTROL,-227.39203,50.16525,17.83587,9.335676,4.325452,0.8615445,-1.0605273,3.277855,4.3861504,3.0166965,1.7444081,1.493143,1.9576844,34.8182,22.643942,11.083539,11.374847,8.401226,7.940263,7.499162,6.299091,5.538715,4.717555,4.312212,4.5397806,4.2796917,80,male,train,58499eb885d0599163426e31141e24f4,266.04,,english,,16,wls
sews,ADRD,-252.03021,48.640213,17.010357,15.234791,2.1698098,0.24364474,-3.7342253,-1.000679,2.0167093,1.4360825,0.060090702,0.9169413,1.0522962,34.856636,29.220634,12.858909,12.945634,9.643388,7.864176,7.9538894,7.291178,6.100488,5.647075,4.5380764,4.376245,3.9844,81,male,train,251a00e35502812e0968fed5c019c909,268.488,,english,,12,wls
sfgz,ADRD,-336.62714,56.40389,19.70191,3.9691885,5.7641797,1.2108574,0.33009034,0.7532584,-0.6599163,-0.57679707,-0.28780258,-0.39654106,-0.13142364,27.003157,25.47179,14.501354,15.634879,10.034423,9.1054325,8.151543,6.5369287,6.122841,5.1410904,4.498117,3.9082236,3.4353497,68,female,train,c5ac68e07c68acf69a23bf2ae4ddde0b,266.832,,english,,,pitt
sgep,ADRD,-152.98598,47.242096,7.977868,13.30159,-1.9781759,0.80297756,-11.059452,-6.8831787,-5.719024,-0.12982813,-4.3303275,-1.6943909,1.1906806,26.739664,24.662117,13.709876,13.78526,9.541653,8.947791,7.0818963,6.2790236,6.4411516,5.7244883,4.710455,4.3921614,4.217389,86,female,train,e150d4b1d1a60e4ba37685551669462e,230.088,,spanish,,8,ivanova
sgjq,CONTROL,-214.87018,72.06092,4.854912,8.888141,-2.1485493,-0.48998567,-1.382182,-7.425498,1.7153101,-2.7707984,-3.306207,2.6833239,-1.5901138,41.200306,18.226465,16.72434,15.324044,7.756138,7.746524,5.378488,5.8944397,6.423237,4.183076,4.6643267,3.9171484,3.0647223,81,female,train,aca918cc304e1a593e05631f268d63d1,283.992,,spanish,,,ivanova
sgor,ADRD,-247.33366,52.933743,13.121389,9.684925,4.868263,1.4452062,-1.493991,-0.4483302,1.15645,2.0340276,1.7176185,0.87495285,1.6061902,36.101585,23.426332,11.857751,11.451721,9.2887,7.6589932,7.128982,6.271837,5.9416366,5.4391356,4.54386,4.330104,4.182082,80,male,train,7b38cc96567bd14612023bae7a5b29dd,216.888,,english,,13,wls
shoj,CONTROL,-296.55276,65.50562,10.283948,10.444041,-2.2240987,-4.7396975,-4.3179636,0.6072239,-4.2123303,1.1327678,-0.8204203,-2.595756,0.09714462,34.56953,25.38548,20.496202,20.854467,11.694651,11.260231,9.722371,7.8066726,9.387586,6.2418265,5.4216657,5.8904667,5.3669634,69,female,train,e28fd05ace81f968cfbf8adeb0ba18ea,182.328,,english,,,pitt
shor,MCI,-173.51082,37.47364,10.947579,8.4508505,5.296867,5.9270124,2.6662354,3.162768,3.231985,1.2704163,1.1125671,0.21540672,-0.15470678,25.997044,21.499704,10.255026,10.417158,8.301634,5.9111023,6.1022897,5.7026715,5.818754,5.1207128,4.813211,4.4593115,4.183536,69,male,train,a986e479f3d46b77f6327c727e28409d,255.216,asian,mandarin,,12,ye
shqc,ADRD,-265.34988,52.72552,10.4369545,12.279424,7.7984543,2.195564,0.48509017,2.0345263,3.5868018,2.645197,1.3361862,0.52048045,0.90558815,28.155947,18.898235,11.193279,9.23652,7.914477,7.4928384,7.306984,6.121526,5.7235765,5.4196835,4.743742,4.7500076,4.0491467,80,male,train,a75bb135a92119502446ff4e0ee9d3a8,206.688,,english,,12,wls
shzg,ADRD,-239.27116,56.623154,13.697187,15.02809,0.24185753,-2.1971323,-1.3784834,-3.2122812,-3.4863,-2.3975172,1.364332,-0.12966856,-2.2256668,36.591763,45.708485,14.829697,18.775026,13.496722,10.136867,8.2934475,7.6246657,7.0631313,7.2787895,5.7519064,5.444612,4.930029,64,male,train,03b55d2c062b2c76df82fe0591f2ccb4,131.784,,english,,,pitt
sigv,ADRD,-172.85883,60.189167,11.237719,16.47102,4.479972,0.8584667,2.9154096,-1.0248007,1.3340015,1.6126636,-6.8624144,-2.9068654,0.82468677,33.400955,16.3188,14.686021,13.100579,7.4473586,8.257601,7.636671,6.4453273,6.2155886,6.1903067,5.9122934,4.6536107,4.4930387,77,female,train,00be3ff32a2dc5d6ddc0a7589a158d48,305.184,,spanish,,8,ivanova
sisb,MCI,-170.01375,54.7584,4.0460815,25.513134,1.045242,4.865497,-3.2664142,-12.04623,-2.310246,-3.883272,-5.1920843,-4.0709743,1.1775414,43.606083,38.306965,19.628374,17.413841,12.110032,7.9699883,8.007054,7.5766706,6.3939643,6.1413455,4.9192977,4.962158,4.0818515,61,male,train,26f19b7ae8e46571e92dd0ed72689ab3,235.584,white,english,right,bachelor,delaware
sivi,ADRD,-256.7233,62.220715,10.612738,16.247425,4.629437,-1.0156223,6.5234246,0.33432454,2.3671916,2.921382,-1.9983203,-2.5209405,-0.032733005,34.82156,21.93021,12.294226,14.111071,8.578324,8.795764,6.4715433,5.718015,6.2863216,4.40034,4.929992,4.9158125,3.7594318,62,female,train,aff4ca429a01c238583118e351de3f9d,265.68,,spanish,,6,ivanova
sizc,ADRD,-219.55754,51.393414,6.86316,5.0285473,-14.977186,-3.2535453,-8.424443,-8.616484,-3.859261,1.4666008,-4.6830273,4.272422,-0.8357763,37.301758,28.464115,17.332035,17.768997,12.963737,9.870461,10.205766,8.540827,7.665992,8.501104,5.897005,5.351742,4.786732,61,male,train,5ae437b13f35e2241e9b3478c6d04e21,241.008,,english,,,pitt
sjtf,ADRD,-308.12152,51.903667,22.95037,14.960688,6.233661,0.2631661,-3.4180748,-1.7600813,-0.36640966,-0.3912256,1.144784,0.50790614,-2.8702252,31.018148,44.058105,13.059715,14.964704,13.418215,9.087401,8.565056,6.607895,6.476724,5.41079,4.724767,4.579837,3.68372,63,male,train,992f80de782edad1b21ad2392a8d6d82,193.848,,english,,,pitt
skht,ADRD,-243.00012,76.39108,2.095692,6.3682985,-0.5630416,-2.56468,-4.824202,-4.5628552,1.1217198,1.1380646,0.017312454,-0.46809128,1.7250738,37.846325,23.808987,17.429646,18.930447,12.945577,10.387925,9.961163,7.1273074,7.5849557,6.182181,4.894127,4.24965,3.9608378,79,male,train,b25fde0cb93ad44d87c8652ad0480d2f,246.096,,english,,,pitt
skpe,ADRD,-237.06845,47.22924,21.461966,15.83013,4.4694595,1.8210102,-0.60984564,-2.372774,-1.8210199,-2.5254889,-0.58584774,1.32141,-1.0070977,28.313955,26.03822,11.281601,12.320475,9.742493,6.7120028,6.2910824,6.535502,5.589367,5.2023115,5.0382876,4.0974255,3.8763928,73,male,train,dc15d4b8d31ac6e5058ebd8655f13af1,276.48,,english,,19,wls
slcg,CONTROL,-251.49797,51.704647,16.893751,15.751072,6.765217,5.6216598,2.5293512,3.8232753,3.4201663,3.7109456,2.1785152,2.555577,2.6559963,32.351425,18.504135,13.847819,13.045999,9.823882,6.993872,6.8687434,5.993777,6.202875,5.3113785,4.551807,4.1720686,3.7458885,67,female,train,5537d68ad2d0e2239ec6477f102b7148,262.032,,english,,18,wls
slet,CONTROL,-249.46964,57.72288,5.7998385,11.517323,3.9350355,-2.136379,-4.055176,0.86703044,1.340644,-1.8569633,0.7556682,-0.6466573,0.0056380816,31.460165,18.941202,16.00667,13.494734,9.751376,8.970186,7.6654954,6.288997,6.275019,5.2051473,4.9568305,4.90542,3.9887648,81,female,train,b339d0fd5a5b422341716c8713ca246e,269.76,,english,,15,wls
slzg,MCI,-213.26076,88.2257,-1.5322047,3.0815117,3.436867,-3.811083,4.9983764,1.4880551,-4.0566306,0.908777,-2.0666685,-4.4577017,-0.5999655,29.974842,12.657445,18.497261,17.416584,10.420821,12.780495,9.641493,8.53603,7.2435045,6.0012074,5.685062,4.630978,4.835981,57,female,train,3f7e7c1514e7ed00205828d067ff51a8,139.224,,english,,,pitt
smwa,ADRD,-270.09604,39.245346,15.10735,12.957412,6.8990297,5.15792,-0.22981617,3.270036,3.8349211,2.2625964,1.8845786,2.1737163,1.1299431,34.85373,22.290094,11.009996,9.5910635,7.679732,6.6041512,7.3466344,5.9966455,5.772691,5.072129,4.210257,4.204087,3.8163903,81,female,train,b5946a650d3ec74744ae00ab3374aba9,284.208,,english,,12,wls
smxg,ADRD,-147.69954,49.811466,7.136479,21.22743,-5.0747457,-2.3943903,-2.248454,-9.440141,2.0542624,-1.792602,-4.718652,-4.4879155,-2.9080272,31.30614,22.69176,14.463886,14.511494,9.350727,8.52829,7.4100986,7.0036,6.897227,6.1795607,4.988676,5.2745404,4.8584037,89,male,train,cbbf0d0df596100b3579d961bf4b5c25,289.824,,spanish,,8,ivanova
smym,CONTROL,-257.28525,46.090252,12.32732,11.074123,5.2082343,2.75594,-0.9712848,3.1942816,1.6258068,-1.2602975,0.03694504,-0.099516496,0.19899277,29.65065,21.02825,10.903488,9.65238,7.394848,6.4877048,6.5608726,5.363631,5.08505,4.7462554,4.4344144,4.110894,4.196933,80,male,train,72045094fbbb34fa22a5e14872491003,255.792,,english,,12,wls
snjj,ADRD,-309.119,62.9275,11.450725,11.089851,-0.46458927,-3.15751,-2.7638502,1.4508991,-0.63550574,0.45378625,0.4894861,-2.6090817,-2.0188437,31.816559,25.730253,17.838226,21.383318,12.50781,12.108378,9.328652,7.2906995,8.189897,6.5233965,5.447971,4.906547,4.5939746,63,female,train,d97fb125f442a157d284fe35394d5239,208.368,,english,,,pitt
snlh,CONTROL,-132.1034,56.83393,8.874473,14.68883,-0.24360718,-8.428099,-0.2513788,-3.8007157,-1.5155381,-1.8132235,-0.16339801,-3.702996,-0.057046827,39.458153,16.885715,12.317297,17.217478,8.661667,9.097013,7.6083903,5.877555,7.0479245,4.998286,5.186024,4.3022037,4.750116,78,female,train,4385832bb5064f7c817f3ec2429572d1,286.32,,spanish,,3,ivanova
snrv,ADRD,-211.53896,53.596252,16.322977,12.265422,4.6457453,-2.237381,-3.5523016,0.77802306,3.217368,0.9414457,-0.29209277,1.4995567,0.8042705,28.2449,22.010582,11.110139,12.195268,8.623958,8.35523,7.310457,6.4376287,5.867651,5.1649776,4.426958,3.9800572,3.9080143,84,female,train,c0e4400737c08ac26107f37032cad07a,265.272,,english,,12,wls
soae,CONTROL,-191.75267,56.792473,-3.3193243,25.021872,-6.0855303,-1.8568927,-4.0132394,-1.0659269,-2.1242971,-3.7598631,-3.7976437,-3.9856026,2.9715402,40.65998,33.617702,21.724812,18.072134,15.672684,10.248511,9.84234,7.408701,6.372217,5.3912396,5.4230404,4.486417,4.819769,66,female,train,b431b75058e2c2b7ddcc7703f48a1ee4,236.952,white,english,right,bachelor,delaware
sobj,ADRD,-209.08775,50.46141,18.13816,12.667236,12.8949585,-0.73806155,-1.375469,2.6066434,-4.813476,1.1585276,3.6191096,-3.6906247,-0.51463884,34.54178,17.449396,11.366049,11.831606,8.161575,8.114328,7.3578744,5.8415556,6.729813,5.8700857,5.3986983,5.4071507,4.241104,80,male,train,9f4a221f4a4f50b47d3784a41ef97057,284.448,,spanish,,3,ivanova
sohk,ADRD,-226.66035,50.49049,16.857603,10.711147,4.552211,0.26180574,-2.3131928,1.5372646,1.7676928,2.2831085,2.3080802,1.6764902,1.584006,35.315247,20.7251,10.992041,13.075408,8.216336,9.589946,8.023737,6.596575,5.5738835,4.9706016,4.843742,4.5995145,4.2977886,77,female,train,be2e582160db5b43bcd797e63df4bdc9,165.312,,english,,12,wls
sone,CONTROL,-285.89816,42.476048,16.469913,11.693488,5.40561,-0.67120844,3.5477035,3.8735814,1.8177224,1.7118523,1.3158597,3.478819,2.2588096,30.558449,21.146162,10.52469,10.055962,7.6057367,7.8241105,7.1979885,6.7958264,6.0180807,4.6452665,4.261637,4.3154526,3.572311,80,male,train,027b9899848745960cfee48ef6e9f2d1,280.824,,english,,12,wls
spph,MCI,-178.95093,59.053673,-3.2767131,7.881989,-3.5822382,12.701681,1.4371551,-1.13505,1.751643,-0.477952,0.05081573,-1.1449536,-1.6675357,33.65851,17.063143,16.782227,12.780256,11.119615,9.957758,8.070047,6.520981,6.250281,5.2880483,4.658702,4.6202755,4.2251368,66,female,train,d303943ec72a6553f49fcbf70d3cb3d8,181.272,asian,mandarin,,6,ye
sqrf,CONTROL,-229.71126,44.23819,16.90126,11.842501,9.619751,0.23615286,-2.1969736,-2.4365075,-2.071725,-2.1852229,1.3142358,2.1981626,1.1704001,31.291864,18.965586,11.515925,12.448712,8.895725,7.5087647,7.3691063,6.9707055,5.4572906,5.123839,4.215369,3.5526373,3.5451708,82,female,train,4c883107264be64d2e80330d1b8fb53e,297.84,,english,,12,wls
srqp,CONTROL,-169.31592,51.66107,0.12331674,19.409832,1.6033729,0.13154829,-0.94172454,-2.2339225,-1.2531129,-3.413563,2.5303388,0.2241716,2.2577298,31.45703,27.590523,15.050881,14.83194,10.645817,6.339196,8.020235,6.275381,7.2192616,6.365682,5.262733,5.4442463,3.9415603,73,female,train,0b5ec7aa513cf5f43460dca899361325,137.904,,english,,12,wls
ssbu,ADRD,-189.95123,44.976944,11.338659,10.84117,4.0851007,0.9998499,-4.6046534,-5.958736,-4.021015,-1.366057,-0.5756977,-0.9483258,-1.3245598,32.844666,27.154882,12.575038,12.6527405,9.351464,5.758012,6.0829678,6.9790325,4.5208077,5.5920863,5.2341166,4.252173,3.1800444,59,male,train,6d4b06a8a05778ed57c80af72673dc69,278.592,white,english,right,18,hopkins
stap,MCI,-181.29326,58.58583,1.3463815,26.93144,1.1660041,-6.8896503,-1.62849,-2.7802987,-5.7467036,-1.5813649,-5.61432,-4.954524,-0.19822054,36.11383,39.985195,18.799244,16.784235,12.900061,8.915972,9.978689,6.4705586,7.4734077,6.2000127,5.5168056,4.4100776,4.2515755,75,female,train,589c7b90a47f6ba1640acbef884e712b,241.92,white,english,right,bachelor,delaware
sthf,ADRD,-267.4585,77.96763,20.768105,5.8735695,-1.4667877,-3.7772248,-4.230178,-4.5366254,-2.0161166,1.6361994,1.4301056,0.020007186,1.9780381,34.652454,17.47583,12.265042,15.503544,12.739025,6.904843,9.044772,6.8222046,6.6383457,5.9394026,5.732653,4.737808,4.1148286,64,male,train,6b74fe7658a9f3e82948f0e8e02d27c8,193.536,,english,,,pitt
stjc,CONTROL,-208.32639,65.24029,13.401494,18.077019,10.452258,1.0612636,2.6669984,-2.3620946,-4.739176,-2.4705057,-2.5126472,-2.3109422,1.6820503,27.721249,19.098011,13.382927,12.744475,6.2337375,7.2332954,6.3003645,5.4503217,6.3683834,4.9311585,4.685476,4.06257,3.6793244,71,female,train,3b982f3888d624cf81b7a595672575f4,279.336,,spanish,,6,ivanova
sulw,ADRD,-293.01865,63.719006,23.292034,9.602133,-1.5765938,-3.0441897,-4.535502,0.17541504,-0.728823,-1.7840968,-0.5527182,0.0034817418,-1.0152918,28.918064,40.217453,15.681669,15.8285885,10.043535,10.080046,7.73516,8.833649,7.525355,5.7080383,5.3518167,4.625498,3.9120796,83,female,train,9749f46aa43bdb26f3a8cff2161d9204,126.072,,english,,,pitt
suzi,ADRD,-141.41524,54.4198,0.682427,27.11995,-8.638967,5.009779,-11.5172615,0.655761,-2.0443203,0.89911443,-3.477559,2.858128,-0.27593,29.337557,20.50766,13.290722,11.159173,8.010183,7.8443313,8.329427,6.8797526,6.498557,5.2102118,4.5816097,4.4181843,3.8936949,81,female,train,1e27f3e3dc788930815837495b9b9f98,183.648,,english,,,vas
svdd,ADRD,-214.50194,48.799397,17.374264,14.783563,6.053777,3.7011034,3.916675,-0.689229,3.551166,1.9999292,2.626303,3.1375198,3.310215,25.245052,19.229134,8.691284,10.7523,8.65785,6.921275,6.603262,7.622986,5.3438354,4.7270584,4.068872,3.697009,3.4508858,81,female,train,13b039b8a7e41d7a3d855fe70e544769,277.536,,english,,14,wls
swbz,CONTROL,-265.54944,52.848156,16.16305,13.223939,4.9956064,-0.195745,3.1610663,1.7625557,3.0951447,3.0370553,-0.9628557,1.671162,1.6427592,33.247803,23.635378,13.314078,12.728345,9.916487,9.0280485,7.2404656,5.831386,6.1554413,5.1134677,4.2157254,4.5487556,3.8922584,81,female,train,54cbfc37df73b447337d73077d45f1b2,269.088,,english,,12,wls
swli,ADRD,-223.62535,87.899216,-14.377922,10.87384,7.291219,-14.339903,-4.5637493,-4.233611,-6.0364347,-2.2118666,-7.7501864,-3.6520293,0.29500878,27.60508,15.150727,17.464046,17.935095,10.237067,10.465097,10.702731,7.880913,7.560531,7.726081,5.9690437,5.988547,4.901521,72,female,train,66573d97356e7a7e1c9dd1726d9c71ea,141.816,white,english,right,14,hopkins
swvb,CONTROL,-220.90205,54.55689,12.796328,16.183601,7.7837114,2.4852378,1.7011014,0.54808694,4.404044,2.384172,0.6501686,2.7227924,0.057163637,28.177824,15.38414,10.478527,10.738765,8.376686,7.3618355,6.5078435,6.4945226,5.194336,4.9244504,4.4827647,4.0949173,3.9422042,81,female,train,4a71cb252954d78f52ccb562b233258f,282.048,,english,,12,wls
syij,ADRD,-201.93506,67.18616,3.4709408,12.288684,-4.4615965,-4.541789,-4.667062,0.28981745,-1.353391,0.7270081,-2.6076365,-1.3097302,-0.49042836,46.020367,17.254484,18.739529,17.192707,13.026758,9.788166,9.134464,8.107076,8.682379,5.554789,5.6828227,5.3861094,5.48523,61,female,train,f45b7fd8d35fd2a729009887ea85ff48,250.392,,english,,,pitt
sypp,MCI,-173.86763,47.945538,8.188586,16.481384,-11.526911,5.898536,-3.071167,-8.579893,1.3727427,-6.2256722,-2.056917,2.5388224,-4.77003,46.332504,48.377216,17.882488,23.818974,14.87523,11.023831,10.775157,9.491351,7.452387,7.847109,7.2205753,5.3845377,5.3301387,79,male,train,568034f75916c2cb088314ab496ef3bc,282.816,white,english,right,college,delaware
syvf,ADRD,-285.97662,39.55398,10.751186,12.636119,9.010298,2.7088332,0.33039898,3.7585669,6.4221215,4.93544,1.9629594,3.659156,3.834141,27.2463,20.12573,10.611725,10.654922,7.794528,7.0247006,6.9821186,6.2212925,5.179532,4.756534,4.1124487,4.27068,3.776892,80,female,train,e3c9d5e3046753d7c974690472236134,274.368,,english,,12,wls
szdw,ADRD,-239.81036,76.55828,15.601109,9.943484,2.6925285,-1.447484,-6.870802,0.021179944,1.7600342,-0.14981818,-0.88245225,-0.7025873,-0.75385183,43.98821,27.061789,19.780127,13.544775,10.047549,9.416668,8.478299,8.462476,7.6257377,4.9061923,4.533918,4.3494663,3.5629947,79,female,train,a2844ff1592328b27fe10d1b25f71008,220.2,,english,,,pitt
szfw,ADRD,-130.33554,45.810886,-9.570668,15.567088,-17.077633,5.9847474,-16.4462,7.143697,-11.433231,4.282309,-3.0780728,-0.23779035,-0.6735764,32.00479,13.230294,10.354419,11.713713,8.3564415,6.148859,6.516992,4.8740325,6.2286854,5.461339,4.9081473,4.9623256,4.4945636,70,female,train,3cdf8e4c9bbc326ecc9ff299d0461ded,181.008,,english,,,vas
szwj,CONTROL,-226.9964,82.17699,3.6915,7.827397,1.448564,0.77146906,2.6025515,-1.1148074,-2.0323308,-4.542368,-3.977419,-2.3267207,-1.5005628,37.52467,19.90947,20.234251,17.680222,11.288282,9.521887,8.232276,6.800748,6.2985787,5.050065,5.2020483,4.2958016,4.030771,64,female,train,b7cd639b8c2911e4ed2d7c52d60c44b6,264.72,,english,,,pitt
taec,CONTROL,-246.0623,39.828705,16.285652,16.672113,12.832368,7.0758395,1.7287972,5.609947,6.340477,1.6072296,1.1166426,3.4298234,2.8979874,23.859411,21.541967,10.475691,9.685793,6.409775,5.8018737,5.5191274,5.9907503,5.723267,4.4541974,3.8436096,4.06737,3.526274,72,female,train,523f054cc78dcd90c3b197ab57119e11,197.184,,english,,14,wls
tbcn,CONTROL,-249.36505,59.23633,13.807283,16.375988,5.4938526,0.8487681,-1.9606155,-0.77737683,1.4165648,3.2507825,1.5936733,1.9723867,0.44685265,35.62802,24.405931,11.272825,12.73237,10.3381195,8.165211,7.973075,7.0674934,5.1923184,6.011815,4.779555,4.7454276,4.2782006,79,female,train,c0d9df96b591016c03b815a24f3c9e51,262.152,,english,,12,wls
tbrc,CONTROL,-152.99194,57.94232,9.223209,21.987532,-4.9055257,9.10317,-9.315463,0.26599175,-14.091353,0.4606765,-2.6598287,-2.2291856,2.494158,37.26719,20.808409,16.395792,14.042992,10.78481,7.8950014,9.776468,7.2329993,7.660585,7.085137,5.8251767,5.1507277,5.570407,67,male,train,1e006dc5b6b38171cee28a84ee07999a,183.264,,english,,,vas
tbsy,CONTROL,-293.8961,46.694622,20.123573,13.985278,7.2932477,0.5798747,-0.9949525,2.4726548,2.8117375,1.2209291,2.0479355,3.4760149,3.123372,26.723852,21.382372,9.459737,9.7630005,7.304222,7.4487114,7.1424136,6.1961904,5.1545815,4.180909,4.08655,3.6478517,3.400424,80,female,train,abea4acb273b8dcc361a502351eb5fe2,270.456,,english,,12,wls
tbtx,ADRD,-204.8852,63.720367,22.61089,15.037309,5.4318357,-4.656705,-2.388471,-2.1584363,-0.26887423,-1.7623223,-0.19287172,0.6623876,-1.1501399,33.933857,23.142025,12.613138,10.23111,7.3902044,7.759387,6.0550127,4.9421234,6.0809045,4.6580973,4.326007,3.9479153,3.5293188,84,female,train,82784e66ac93bc2051bda95ff12fd86d,274.248,,spanish,,8,ivanova
tbwt,ADRD,-207.00087,66.795006,10.775456,9.654102,1.6562918,0.6559493,-7.172796,-2.1683476,-2.4806335,-0.29732296,-0.39622343,0.5154949,0.5961665,46.467716,32.965294,20.387983,13.504552,9.021883,8.225911,8.11845,6.739907,6.3368807,6.0853677,4.7045355,4.536627,4.0615835,73,male,train,613b1a1bc6380a86bbda2187224e80e9,162.432,,english,,,pitt
tcpg,CONTROL,-264.27158,54.419113,11.6140785,15.053468,7.4170485,6.533062,2.5241358,1.9471846,3.1157868,0.29291892,-0.6957667,0.9336892,0.78132004,31.370996,22.958637,12.433589,14.623072,8.845905,6.930051,6.7979436,5.725838,5.8336043,5.1064453,4.2017965,3.9516156,3.6197312,69,female,train,6d00654265375ace29ee3698c1bbaa22,268.992,,english,,18,wls
tdro,ADRD,-238.44327,47.406933,8.062697,11.339548,4.271062,-2.208034,2.0141864,4.37597,1.3853673,2.8986177,2.4050539,2.6675136,2.7677193,35.173306,20.208632,12.833372,11.4468565,8.357483,8.190679,6.598424,6.1000767,5.8407154,5.0983734,4.205833,4.1346936,3.9050922,79,female,train,7bc04a58ff1e7cc185fceec94d46dfa0,272.544,,english,,19,wls
tdto,CONTROL,-278.5302,51.90883,19.946312,13.181728,6.0025744,1.0560479,-1.8754376,-0.49734733,0.8307813,0.10882219,-0.3756482,0.88971025,1.5739945,25.099392,23.4809,10.244689,10.62974,7.1109905,7.9572,7.337592,7.3931336,6.006029,4.799348,4.0906973,3.9198403,3.6074524,81,male,train,5610c0a2c9a26f1506377af3c5559990,222.0,,english,,14,wls
tdzf,MCI,-205.73076,53.18187,40.01295,15.426458,5.7985096,3.8794975,-3.0502062,5.02607,-5.024645,0.19958395,-0.3946613,1.576993,-3.541441,32.748272,21.617641,11.41623,10.158914,9.886097,5.5718627,6.335246,5.120382,5.125763,4.4569674,4.4476924,4.933121,4.2917137,68,male,train,bcd653c57b81f2a0ddfdeee53cb64f43,163.464,asian,mandarin,,12,ye
teac,CONTROL,-161.07365,54.231693,10.206027,9.602453,1.9250951,-2.2953446,-1.9287617,-3.3981245,-2.126206,-2.28459,-0.946673,0.8250834,-0.23176526,34.3346,18.525726,12.109167,12.247133,8.275357,7.9080997,6.6190763,5.761745,5.8089943,5.1872134,4.46148,4.1846814,3.9558623,90,female,train,6ec37af10db66bd8bc2c2ae794907909,261.336,,english,,,lu
tehn,CONTROL,-266.7696,44.445248,16.812902,15.820515,7.193507,2.1929586,1.5898565,3.0132034,0.8990668,1.666745,1.5712641,0.23166724,0.52354544,30.881361,28.418087,12.780597,11.25612,8.731718,6.8931212,6.122706,6.311157,5.6569157,4.909987,4.6139207,4.0775375,3.5904214,81,male,train,2060d72ad3fb263a9788945ed33a3712,178.848,,english,,12,wls
teun,CONTROL,-326.67975,56.488132,12.013299,8.5602455,3.2460864,-7.270997,-2.8817556,1.8575355,-3.0288262,-0.050824706,-0.40360624,-0.83112717,0.4948394,31.624336,30.309927,19.936806,18.364079,10.197034,11.849745,9.260919,7.27058,7.671969,5.9624,5.1070414,4.9198256,3.8452454,61,female,train,b8997161629adf5485b1a43d8c032b72,129.24,,english,,,pitt
tfiv,CONTROL,-291.90265,53.034264,9.964919,5.736293,7.226604,2.4967399,-0.55345964,1.0497597,1.7984849,1.717528,0.9085157,0.6297773,0.53931195,26.993979,14.722733,8.183724,8.612384,6.5485125,5.8468285,6.4223995,6.482832,5.28032,4.720416,4.8656363,4.4276514,3.5874298,82,female,train,0bc67751b8295652c992f0dd404782aa,269.52,,english,,13,wls
tfkc,MCI,-171.7502,50.14156,16.281597,11.962656,3.2147777,-12.119222,-1.905924,-4.088632,-4.375293,-3.406764,-2.1109688,-1.9359578,1.6615633,49.64,39.798058,18.854317,17.897102,10.573537,10.536603,8.23734,6.8122897,7.8482876,6.037251,5.466541,4.843731,5.1543665,73,female,train,6cab611f255b6c24ad5860a8296486ee,234.096,white,english,right,bachelor,delaware
tfkp,CONTROL,-271.90848,52.125507,16.751701,13.28569,6.365854,3.2203565,1.6242596,3.3033035,2.4927597,3.1456234,3.6863732,3.2574978,3.8223104,19.979134,14.511429,7.3334436,8.432301,7.465499,6.5983133,6.3030214,5.4680486,4.3256364,4.3523602,3.834873,3.4705722,3.2413027,80,male,train,c2045fabd17e1228beb1c207eae376d0,223.632,,english,,13,wls
tfll,CONTROL,-254.93173,51.43189,13.855324,14.510279,2.1941164,-0.6961671,-2.4542234,3.10465,2.322558,-1.3121902,1.7254729,0.82942814,3.7387047,36.842743,27.312729,13.056703,12.541304,10.0795,8.6262865,7.368461,5.6553164,6.2821603,5.0557814,4.738363,4.9760685,4.072962,82,female,train,aac5d484d51c0cacb11ed8bef61ed419,269.088,,english,,16,wls
tfmb,MCI,-166.13895,70.31152,14.743503,-0.37676024,4.183769,2.500266,-0.837641,-0.68399954,1.7117512,1.9445167,-5.0054517,-2.5158045,0.82790023,32.764668,18.503147,13.2168455,13.118971,7.324107,8.437528,5.2731133,5.4274087,5.420839,4.9242616,4.1862106,3.887426,3.414095,85,female,train,3f5b0eeac3dca2f7af3a10064fbcaafb,319.344,,spanish,,0,ivanova
tfpo,ADRD,-208.85768,48.575478,13.225809,20.95391,-1.9062885,3.3786383,0.16294031,-2.9985602,5.6350555,0.86017865,0.055899944,1.6036748,0.38457492,35.766846,20.008717,11.270115,14.434966,11.435779,7.864733,7.3695197,7.9777465,6.1559405,5.3142705,4.512653,4.148782,3.8990002,83,male,train,7b855cff02045a20e8dee7959ec23ddf,286.08,,english,,12,wls
tfyd,ADRD,-260.3219,55.372505,11.848385,10.4846525,8.637667,4.879175,-2.2188156,-0.56044436,1.7802484,0.95896995,0.08568078,-1.197044,-0.18392244,29.143002,22.291748,12.060909,11.069315,8.014282,6.550444,7.740824,6.666415,6.3345494,5.017389,4.2464366,4.1649556,4.006234,80,male,train,d2341b75d62b4a666699955ca82a90ed,267.12,,english,,12,wls
tgfi,CONTROL,-111.18135,66.63795,13.602463,-2.8192346,1.0111784,-4.2396655,-3.502823,-3.5836833,-1.8939478,-0.55601156,1.5561254,-1.2134565,-0.1524587,31.261984,17.21508,11.274207,14.043004,7.8714457,8.334695,6.550599,5.6083217,5.6095285,4.7233605,4.1830263,4.206133,4.179273,91,female,train,5e28ecfb92b5183790f908cf830809fb,286.608,,spanish,,12,ivanova
thdn,ADRD,-198.66365,51.480595,13.682209,11.307423,1.54539,1.3269455,-0.22395554,-1.5429614,-0.45208576,1.029026,-0.19590811,-0.20776775,0.045798738,34.75002,25.23702,11.65464,12.804128,10.14748,7.669207,6.800777,6.5036855,5.4730296,5.21476,4.0132117,3.6663895,3.6253521,78,female,train,7c80aed049aa9a221fc4ee92fc91802b,292.08,white,english,right,18,hopkins
this,MCI,-237.40056,50.545372,4.2445955,19.118702,-7.831287,-6.943731,-1.5237238,-8.145195,-2.5892518,-1.4606453,-4.339511,1.584614,-4.908304,35.61477,29.357395,18.480158,21.94982,17.084667,11.546603,10.923138,11.414488,7.562381,9.46884,8.1212015,6.681363,5.8677454,65,male,train,e3f8e2b5ff916044cd4d409fed47e768,264.648,,english,,,pitt
thlx,ADRD,-251.76344,69.40368,5.9269414,5.0494156,-1.6675037,-3.7357302,-1.1408112,-1.0954536,-0.8443259,-0.5670472,-0.62066096,0.64075613,1.2511979,36.156517,16.253769,19.146585,19.270761,12.569071,10.775834,8.253439,7.3584094,8.263632,5.8869185,5.4862804,5.538679,4.556148,73,female,train,e77e2ac1e5c3008bb27438d018f2a47a,263.136,,english,,,pitt
tipu,ADRD,-187.0958,55.511543,15.963775,10.68374,2.599069,2.5137746,-4.7632356,-0.12194789,-0.7053677,0.45382994,-0.3598496,-0.7189973,0.20326412,33.054794,21.529375,10.74853,13.57407,9.792979,7.4084716,8.102153,7.00881,6.318022,6.0345793,4.9729652,5.258521,4.4484563,80,male,train,3149b42a2d7ca1d468ad14f251109bb0,226.272,,english,,16,wls
tjnn,ADRD,-200.1225,68.43373,6.0144467,12.704022,2.1389458,-0.09211589,-1.8181921,-1.4491719,-0.76282734,-0.6410054,1.8298199,-2.4046237,-0.10624724,50.82442,22.623688,18.009668,16.230753,11.205148,9.123867,8.712574,7.8514533,6.8876243,7.435031,5.7980494,5.2901387,4.2128487,81,male,train,083f8bdee8d9579df72133cc841a8b47,263.592,,english,,,pitt
tjqv,ADRD,-308.86786,46.951736,17.83185,10.729508,-2.8513489,3.0884461,-1.4347512,1.9419762,-0.7351788,0.10795699,-1.0795704,-0.8587675,0.5117043,30.486042,29.931114,14.328961,15.542406,11.336469,9.945522,8.158751,7.8852925,6.360553,5.9354115,4.997104,5.103166,4.290346,75,female,train,889165f1c18d985e85ea5b63bbd6c6c4,265.32,,english,,,pitt
tjyq,CONTROL,-265.03894,80.606895,6.613852,13.775678,-1.4300494,-9.300069,-2.7889376,-0.6077803,-2.8096147,-0.9490825,0.04416377,0.66141725,0.71642745,32.102646,19.477674,15.837367,18.588003,14.701902,11.120903,10.310256,6.961495,6.420461,5.822374,5.1845,4.6850166,4.264977,64,female,train,e5ba948e1f7c1700e36f4e10030dc1cc,218.016,,english,,,pitt
tlfi,ADRD,-240.34781,60.6128,15.099846,11.336361,0.7335596,-1.7801987,-3.75417,-1.4362271,-2.6675162,-1.5069023,-2.836895,0.4415982,0.22562563,34.917957,39.48347,20.781713,18.751713,12.403289,9.607246,8.577432,7.735804,6.1288958,5.7836967,5.0008554,4.5023127,3.8478172,70,female,train,ca624a4990e48fa8333dc7d92ea309e4,262.824,,english,,,pitt
tlly,ADRD,-257.63507,47.55919,15.324353,11.600577,8.100541,7.5826325,2.6499553,2.5393279,1.3758982,2.6617663,3.8481514,3.9890938,2.3508465,26.718752,18.749363,9.635817,8.452931,7.458172,6.466264,6.4679103,6.478513,5.330861,4.9406986,4.2538576,3.7933028,3.3151767,83,female,train,af9b3e5f045ff4d8a7680813a258f812,275.976,,english,,14,wls
tlmx,CONTROL,-181.2454,42.271748,9.155373,5.6247025,2.3193035,-12.697808,-6.2282357,0.41515973,-8.38451,-2.3294194,-4.03597,-0.26292458,-2.0393128,36.48823,36.579247,16.60384,18.86691,9.577584,9.754427,7.6626525,7.154452,6.800071,5.8179307,5.0164905,5.010975,4.500644,62,female,train,60e8c55d71f568f0fb348522ccfdf79a,240.912,,english,,,lu
tlsg,ADRD,-263.87567,81.594666,-11.969698,15.118215,-1.9861515,-9.382577,-1.2541313,-8.29322,-0.55262053,-2.0433955,-4.9015126,0.505823,-1.9838825,23.83609,13.565095,14.6081505,13.152633,8.614579,8.200331,7.1118603,5.5835896,5.1532316,4.2116013,3.9412396,3.550025,3.5551276,73,female,train,f26d320edab0acbe87b17db747f1b3b5,161.592,other,english,right,16,hopkins
tlua,ADRD,-210.5784,63.763294,4.7619953,5.809931,-3.1933,-3.855399,-4.32841,-2.6831589,-1.1470829,-0.74039894,-0.7235125,-1.374126,-0.18365385,36.28884,15.189884,16.02452,16.506472,12.280789,8.277449,7.6134086,5.867485,5.7313795,6.2999554,5.201816,4.571411,4.220022,82,female,train,50c52431e2aa0d8fd39dcc25f8ead06c,269.568,,english,,16,wls
tmau,ADRD,-202.84344,48.694927,5.098082,9.969258,4.537445,4.4544115,2.0043128,1.1941562,1.2130594,0.08992468,-0.56415546,0.6730469,0.8185357,27.683435,18.563786,10.190988,9.827735,8.423881,7.303278,7.2013063,6.948333,5.798678,5.1773887,5.1371665,3.9236999,4.2708707,83,male,train,fb25c023eb0c689dd2baa5c720c51ac2,280.8,,english,,15,wls
tnjm,ADRD,-337.94492,78.32826,27.717863,9.835976,3.3496115,-1.3496805,-3.6892247,-4.0801063,-2.9221241,-0.18673578,0.44066313,1.265626,1.1994255,20.425013,15.887249,13.047664,13.894432,8.483146,6.8747845,7.0869374,5.986985,5.7960773,4.5763865,3.5212533,3.350465,2.8429644,73,male,train,9cf799fdcd6c3095416a055d7e296744,141.384,,english,,,pitt
tnxm,MCI,-167.95543,57.80949,3.0900018,12.175878,2.7067616,-1.1335313,-1.523366,0.67701715,-1.5644034,-1.7621579,-2.8201396,0.05707969,1.4198155,42.95038,33.684597,21.601599,15.313047,11.407751,9.433083,8.787061,6.99792,6.804763,5.684295,5.4412694,4.94832,4.5106783,67,female,train,6f44de6d3c2c593315f8fba3ab7daabd,250.752,white,english,right,bachelor,delaware
toft,MCI,-133.20244,54.504837,-10.535194,11.619457,-9.338392,3.7335515,-11.64348,1.8849968,-8.417833,1.9264686,-8.312801,3.0986664,-1.4071035,31.150753,18.759691,17.512726,13.952567,8.628365,10.454933,7.961057,8.461376,7.6405396,5.997016,5.999294,5.6610394,4.966302,66,female,train,a26f96de6b07f276cad98dbfb1a12257,182.256,,english,,,vas
tomj,ADRD,-134.42274,47.752625,-17.02653,21.29162,-16.56424,-0.7462845,-13.036477,3.4758446,-4.1394444,3.8540218,-3.2772884,0.65250534,-1.1793073,29.863153,14.723351,13.827192,12.858501,8.84559,8.087293,6.374641,6.680182,7.343785,5.805658,5.2984715,5.1639314,4.4611015,73,female,train,0e46549b7bd0ef9a27616154e52af4fa,184.752,,english,,,vas
tpbl,CONTROL,-188.19147,68.692535,12.17523,3.8598185,0.33424103,-0.2699755,-0.11288336,-3.6345832,-6.7927637,-1.5575395,-3.085706,-1.3166691,-0.50185025,35.882454,21.035297,9.7610655,13.369555,10.120171,5.9986987,7.5703225,5.477206,5.442169,5.540903,5.472377,4.689626,3.600589,80,male,train,271241d8bc3b1d8a4d756b3c4a8867b7,325.248,,spanish,,8,ivanova
tpiv,CONTROL,-196.18367,58.40357,8.812453,16.743969,-9.357981,-3.654546,2.8075361,-7.3047404,-5.401727,-5.163783,-2.3252573,-1.9650809,-2.9612534,28.27276,29.67854,11.75469,14.011785,12.714116,7.1959743,7.1781545,6.9388304,5.5684476,4.687643,5.127042,4.0401797,3.648676,64,male,train,e5934f37d24d6ddb60feba93581e9e81,214.992,,english,,,lu
tpyi,CONTROL,-182.27164,66.29294,15.276693,10.853609,3.6923535,-0.31458634,-2.4716535,-3.1195004,-4.213673,-1.3728393,-3.438564,-2.1413171,1.0901225,26.368855,16.936453,13.017895,10.973214,6.619477,5.6393876,5.922867,4.687291,5.4780374,4.684927,3.6227815,3.5013435,3.4529881,79,female,train,234393003b30364eb6c5d45593661bcc,295.728,,spanish,,6,ivanova
tqec,ADRD,-162.38417,59.736855,20.075798,12.520539,6.7985096,4.4229736,-4.83963,-5.801045,-4.070091,1.59674,-3.2887285,-2.195647,-0.41485974,32.12022,17.903168,10.464456,10.266959,8.962377,5.478731,7.34504,6.0857234,5.5002265,5.2334,5.271408,4.5636625,3.6240094,80,male,train,9c1bd6037dd3d5805e6a9dda32e3ba71,306.528,,spanish,,8,ivanova
tqgf,MCI,-190.47734,61.02103,19.043879,7.5267277,2.1221347,0.83155304,3.9156437,-1.5303286,0.42049536,1.5181289,-4.5083747,-2.117461,0.21616077,28.54741,21.876566,11.576247,12.0865,6.422577,7.1231127,5.1648207,5.027777,5.348092,4.146552,3.673193,3.8396063,3.4596252,83,female,train,98ef6434a330b3b51d20b531b8094854,305.184,,spanish,,6,ivanova
trln,CONTROL,-142.66237,63.33534,15.187476,12.468185,1.5126512,-5.9863095,-0.9039119,-8.338309,2.5687263,-0.45972785,-4.173999,0.14282519,-3.466695,40.00619,19.881275,13.482769,12.372076,8.910171,10.179427,6.8356633,6.394251,7.7579293,4.9049277,4.513075,4.4390016,4.0511,82,female,train,a940fec34fbe32b5e19c919dfed1ed1a,295.224,,spanish,,8,ivanova
tsfq,ADRD,-296.80344,45.972595,8.99545,6.9702816,-6.9671483,3.1847174,-5.4119353,0.37300396,-2.59557,-1.419262,-1.5084113,-2.8222835,-1.9545972,35.190067,24.200346,19.792994,17.493425,13.988916,11.148434,9.816239,8.733701,9.169067,6.4323535,6.106302,5.134142,5.3218713,67,female,train,9f8454d941258e9ba537fb872d76f164,250.488,,english,,,pitt
tsgg,MCI,-233.9476,60.336124,12.01142,17.248064,6.4966965,-0.03086985,2.647579,-1.0064031,-1.4065056,0.3909375,0.38376808,-1.3597683,2.9008443,36.972202,21.456024,15.299921,14.361822,8.792943,9.416044,6.717336,7.6077147,6.6692605,4.724376,5.00577,4.4950123,4.179296,76,female,train,fdd46d42cce2ea6057e91b46c127335a,238.368,,spanish,,8,ivanova
tsjp,ADRD,-215.8996,54.292366,17.325838,8.605448,1.4218055,0.71856344,-5.3212295,-0.60399,-4.197715,-2.9343715,-1.8590708,-0.6069925,0.25549674,33.955727,39.715485,17.343468,15.507677,9.83748,10.554009,9.665829,7.9858212,7.5473666,5.634287,5.111904,5.1225758,4.600565,88,female,train,c7d2d6a8b938086c8a69a494671bef07,278.736,,english,,,pitt
ttcr,ADRD,-152.47829,60.913536,15.019362,8.985787,0.3440323,3.311643,-7.911782,-3.293157,-0.90686095,1.9758557,-6.7955933,-3.361762,1.1482965,42.49704,18.136549,14.314999,12.532816,7.9210553,6.2666345,6.5596814,5.7807,5.642373,4.4290032,3.680122,3.2624242,3.4294312,87,female,train,7ad1704d8175acb1781a388bf9f4ecc1,292.08,,spanish,,6,ivanova
ttfu,CONTROL,-248.048,61.780777,2.5822809,12.443305,3.3706691,-5.655173,-2.1968865,0.08317819,1.1356568,2.3755767,1.0149854,1.0672404,1.9750464,37.997654,16.14244,16.31812,12.07159,8.396392,9.449676,6.803417,6.5489736,5.7884817,4.953739,4.658389,4.365687,3.9298232,79,female,train,edeadda058cb2323783fe59afef178f0,264.432,,english,,12,wls
ttjk,CONTROL,-143.22327,49.44259,13.365136,12.054802,1.6526304,-1.965357,-8.962132,-1.6302919,-9.284836,3.2713497,-4.1526294,-0.7795979,1.8221402,37.00499,24.199287,14.902313,14.821879,10.121217,8.38662,8.325867,6.9757304,6.888177,6.54521,6.5250206,5.2524834,5.382488,70,female,train,1af13b11a3660c87a673a3678a4602eb,218.568,,english,,,vas
tudo,ADRD,-152.86081,57.644352,-8.412622,14.51751,-14.474437,4.727348,-11.807347,3.881917,-5.8041954,0.3188204,-1.246893,0.45701325,-0.07702177,26.068249,19.335009,12.894622,12.382603,7.419413,7.198608,6.149881,6.8236003,5.4823284,4.2283354,4.885467,4.702198,4.009975,77,female,train,353bdd3399d01efa165d589d56fb7c1a,182.208,,english,,,vas
tuev,ADRD,-154.66876,56.3621,2.36007,7.6654906,3.197505,-0.07177094,-2.7141473,0.9203826,1.8095198,1.7712342,-0.7234125,-2.3989747,-0.44393307,32.95476,17.386969,12.507733,11.216597,7.937727,9.215297,7.6204896,7.218766,8.197365,5.6609335,5.202658,5.3667455,4.6972356,91,female,train,31976e16dd85682b57c6d5f14149f3d5,244.368,,english,,,lu
tuwq,CONTROL,-181.49905,35.015892,16.66413,13.405201,3.3604069,3.2255,-1.3533564,2.786062,-0.23509207,-0.10107463,1.1718763,-1.0877322,1.1222372,48.92651,39.412636,24.298992,18.760874,11.198497,10.527063,8.962552,8.6051,6.4858537,5.278705,5.185732,4.394197,4.569866,76,female,train,e959d7f62c486a1a89a180cd952066b9,252.912,white,english,right,master's,delaware
tvms,MCI,-168.39114,73.986084,12.686059,-0.08621639,-6.2069464,-3.9668186,-3.8707106,-1.1149169,0.5745914,1.616744,-0.4800131,-4.563565,1.9959213,29.74565,17.201958,15.943036,14.16705,8.179511,7.4439654,6.0331025,5.102167,5.333149,3.89943,3.720373,3.7547047,3.902269,69,female,train,2a2dc7c4bac2ee169e34bc5f4fbc214a,318.048,,spanish,,6,ivanova
tvri,CONTROL,-248.65326,52.709415,11.93922,8.391865,0.61439556,0.52328813,-2.838217,2.4233751,3.4117334,3.227247,2.7015321,1.3752732,2.1821249,41.59328,21.058346,11.5726185,12.191351,9.385308,8.090297,9.078263,6.8893905,6.6035132,5.4815083,4.477591,4.9325976,3.886185,81,male,train,ea209a755a740137ff0adf5192a3671f,272.76,,english,,14,wls
twdg,CONTROL,-304.94995,65.07233,20.024788,4.944723,4.8287253,-2.1885366,-3.418979,1.8752667,0.6488698,-1.2628503,-2.393742,-1.472284e-05,0.37813735,34.452713,37.707985,18.66759,18.350515,12.13271,9.300612,9.555617,6.34652,6.620153,5.2466154,4.747042,4.321311,3.5223393,65,female,train,0592f2f46213f86a2d5da15f084fb05f,174.048,,english,,,pitt
twtd,ADRD,-253.7045,55.794495,10.262569,16.749939,5.895319,2.582553,-1.4665713,-1.9795145,0.8527517,-0.30263653,-1.051235,1.0878316,1.2768441,31.957088,23.477022,15.415255,13.4960985,8.744211,7.322328,8.441493,7.196623,5.990065,5.6922636,4.526808,4.238247,4.0500417,81,male,train,627876240f8b4601011e227c13315520,260.232,,english,,12,wls
txsd,CONTROL,-255.14012,55.841923,14.744807,16.536154,8.466402,-2.866933,0.04869905,-1.8937364,-2.0463762,0.92813927,2.83026,3.0147917,2.8224852,32.374992,24.324879,12.111495,12.11288,9.418113,9.338989,7.000459,7.238454,6.6335263,5.886224,5.4127607,4.272134,4.02018,81,male,train,189f6a5393f5230d4a47c7e8b9a1a4e7,265.272,,english,,16,wls
txuh,ADRD,-232.52696,48.709618,10.130952,12.210917,6.250255,2.6332977,-0.42951605,-1.6188017,2.80736,1.2368134,2.187228,4.0950084,2.710017,36.274548,17.625929,10.240634,11.036995,8.879293,7.542191,7.3477225,8.325639,5.957494,5.618465,4.7558136,4.0738,3.9258828,81,male,train,8f07bc5388abb9128b8c77c8ee7f66b7,277.2,,english,,15,wls
txvs,ADRD,-250.99248,56.882042,10.080414,11.128636,4.384681,4.1665134,-0.31097022,0.90784305,3.077786,2.458011,0.64936346,0.89576423,1.7861638,30.031122,21.73034,11.162823,11.830662,8.653157,7.7969737,7.500853,6.66041,5.642764,4.740335,4.291947,4.2584968,3.8838649,81,female,train,184404f49bea3ad31df4e49e541f94da,263.568,,english,,14,wls
txvx,CONTROL,-178.99937,48.614723,6.6315513,17.224482,-0.9677989,-3.8622122,-2.5544817,-0.8052982,-3.4527528,1.5082455,-0.42129782,-0.98413163,1.4145532,31.87362,23.118925,11.388089,14.184457,7.897731,6.2956953,6.4292717,4.606599,5.532597,5.4451823,4.193453,3.7911906,3.6798854,70,male,train,44ab5280a6bd29e5027a222d2acf7ce7,321.216,,spanish,,17,ivanova
tyjj,CONTROL,-287.85944,49.467693,16.180483,13.98936,11.490673,4.5757866,0.412365,1.5511824,4.0984845,0.049260948,-1.7748493,2.142164,1.0607996,25.090197,17.28352,9.026638,8.353234,7.2513895,5.3180227,5.335801,5.690486,4.8171334,4.865832,4.924926,4.8519588,4.797069,77,male,train,846d41420d316687d377b3c1fefdcf45,194.496,,english,,13,wls
tzzn,CONTROL,-212.94395,51.837265,9.177373,12.02525,6.6068025,6.274546,-0.3958256,0.5788449,3.6000154,-0.10055144,0.69129515,2.4949446,1.3077337,32.13361,16.879658,9.972058,10.066649,8.178341,6.629425,6.7210393,6.490768,4.5860314,5.0261874,4.5660706,3.9140875,3.9980266,64,male,train,3648f7a163707018aac0984d1d2a3fcc,276.624,,english,,12,wls
ualr,CONTROL,-168.93547,43.472565,4.462162,22.451176,2.7048686,1.5287201,-4.3367696,-4.364352,-1.511636,2.0922847,1.0154883,-1.4306991,1.743021,35.738262,15.087255,14.703426,11.976535,10.6656685,7.786454,7.035662,7.8787365,6.3286004,6.681821,5.4547234,5.515049,5.080073,74,male,train,e007cfc22a88fca8de726bca927b63c2,211.224,,english,,,lu
uauj,CONTROL,-235.6831,41.83863,7.380412,20.313047,-0.23810834,5.1865616,2.5437965,-1.3314227,5.1513066,1.7539003,2.8874428,2.6957054,1.6845574,39.32055,16.31587,14.448111,13.170773,13.74697,7.878725,8.382319,9.212748,6.833758,6.8695955,5.4757824,5.282393,5.1818943,75,female,train,830c65ae7d261f68be4584815a02da34,126.552,,english,,13,wls
uavg,CONTROL,-243.91612,51.94662,14.277391,16.72391,5.125471,1.7355579,4.0939293,1.2397095,0.31943634,2.3315856,1.1805246,0.7306449,0.7122987,30.76497,23.674248,11.652912,13.528877,11.384058,9.440034,6.6752257,6.535656,6.3532634,5.720857,5.920714,4.2340403,4.3177667,73,male,train,99a8546f2591a419a634373833321245,150.72,,english,,14,wls
ubbh,ADRD,-180.63074,52.341934,10.82815,7.375765,8.366265,8.853501,1.070105,0.15728804,2.350522,3.01174,5.8704634,1.9117262,1.3977998,36.892014,21.127277,10.946848,8.969382,6.2660284,5.740661,7.2526565,6.348913,5.5029755,4.8105993,4.3994966,3.9519105,4.250976,78,male,train,ad0bf38a53820accfa51e4bff17cf60c,301.152,white,english,right,16,hopkins
ubhk,CONTROL,-241.99799,47.75808,7.286823,8.987608,1.3970921,-0.5245282,1.5279256,0.11229271,3.203702,3.7789629,1.3723665,1.6911258,2.9817142,41.121407,22.20514,14.0153675,12.009379,8.935219,8.977227,6.7050695,6.8770633,5.499356,5.3265014,4.5153103,4.755381,4.3485303,81,female,train,b7f3e783df905a3de0cf390e1dbf8ed7,274.464,,english,,13,wls
ubqe,ADRD,-256.17966,48.113243,15.536916,21.644396,10.120872,4.8699427,0.24002898,-1.164445,2.1503863,1.5734472,0.39653254,1.2336676,1.1916142,42.869267,28.464567,12.365183,12.013281,9.060185,7.1989784,8.030369,8.294906,6.976575,5.224617,4.720959,4.38017,3.6797364,80,female,train,aa116ea9cb9e96cf7ddb04d4fc87b1d1,273.048,,english,,12,wls
ubwj,MCI,-177.96272,68.208145,21.026579,16.20442,-0.7426484,4.121362,-5.004661,1.0732486,-1.6262293,2.5198543,1.6427972,-0.43797863,-0.8437292,47.056904,30.577343,13.374252,15.497892,11.242089,8.294133,8.275852,6.8714347,6.23518,6.812332,5.3261642,4.295094,4.4282637,75,male,train,87096ea743b40869822b20f8d687daf8,244.848,white,english,right,bachelor,delaware
ucer,ADRD,-266.98608,60.8178,10.092592,10.092271,-2.827066,-4.308817,-7.4862747,-0.9421743,-2.5710638,-0.32899553,-1.9628947,-0.6036528,1.9804364,27.82539,28.167665,20.491478,18.950012,12.572468,10.559616,11.650326,7.7770076,7.071102,5.5756907,5.2917347,4.4623647,4.442709,84,female,train,6171db47971ca27eb422140951d7194c,221.784,,english,,,pitt
uclo,ADRD,-187.94273,47.27409,13.02669,14.592734,15.759388,-1.0804344,0.8409221,-2.22725,-3.450518,0.61506754,1.0819925,0.56071633,-1.1773455,27.843473,22.384373,12.887534,13.7554865,9.991059,8.892591,6.740623,5.6464767,5.6245914,5.6132274,4.793631,4.6451197,4.2384973,82,male,train,5b6789dfc433616964300a6aa7bb2432,289.632,,spanish,,16,ivanova
ucsd,ADRD,-294.26593,44.62108,12.655949,9.232354,10.263339,6.899369,2.4643207,3.970807,2.7420483,-0.59003836,-0.33162934,2.1131568,1.0947285,32.839565,19.590849,10.002494,9.717536,7.9008846,6.548378,5.730641,8.039124,5.964015,5.138693,4.6006646,4.89504,4.4098215,80,female,train,8518a749d9cd021977787c83b9450ea5,220.68,,english,,12,wls
udfm,ADRD,-240.80426,43.973373,17.071362,15.801016,11.480532,2.2884765,-0.9226929,2.1887665,2.8802414,-1.1615051,0.533453,2.4950037,1.6377107,31.973923,27.036724,12.090635,11.829643,10.8125725,8.335416,8.49365,6.383514,5.608981,5.6027346,4.861126,4.7390656,4.283882,82,female,train,afe2f7a09dcad84c9684bd0c4c3fb2e0,153.264,,english,,12,wls
udhv,CONTROL,-306.3778,44.387924,22.805294,17.10294,9.30564,6.1175585,4.622019,3.1539218,4.455522,3.5991092,1.773161,3.5266905,3.3673162,20.045094,17.955221,9.408407,8.158322,5.850017,6.0822544,5.9028673,6.656209,4.9336886,3.8841004,4.2317452,3.4343994,3.0048132,82,female,train,0c65f0ff9ead875b8db04b875f657eff,257.472,,english,,12,wls
udzh,MCI,-158.04367,65.61669,4.885293,18.000626,-2.3008454,2.1128674,-3.3216143,-4.380318,2.6569488,0.31869984,1.1740302,1.7669586,-0.2853801,44.196423,23.745432,15.838042,15.54032,12.550086,8.690981,8.777554,7.596478,6.2639666,6.106968,5.552267,5.569319,4.3477707,71,male,train,e9560feb190665f92581bd1c46d34f47,256.272,white,english,right,technical,delaware
ufed,ADRD,-293.008,65.58893,9.738198,8.289361,6.1139765,-4.6887164,-5.620369,-1.9721344,-1.3142924,-1.820733,-2.304961,-2.4228823,-3.1022484,24.69984,13.719253,13.001279,16.060764,11.283925,10.108654,10.13243,6.5258694,7.519333,6.3706927,5.0279727,4.7423944,4.5800433,65,male,train,bda855735ba56c2da1457db7308a5219,176.256,,english,,,pitt
ufpr,CONTROL,-273.97092,50.084583,19.276995,11.0536,5.110794,1.171109,0.39544496,1.8826988,2.298888,2.8197978,1.3123225,2.3994517,2.7219946,30.10106,18.125002,9.874294,9.478019,8.209637,6.5751333,6.8996005,5.2728066,4.7134967,4.50103,3.75994,3.5893216,3.4880657,77,male,train,e36b979f7df6dd44fe4cf24c29bc6ad9,170.184,,english,,12,wls
ufxt,ADRD,-312.89862,52.445683,12.226237,4.638395,1.6341251,-5.6647587,-2.2045438,1.0931126,0.35659584,0.92547005,0.93416494,-0.5637718,-0.7868875,28.442417,24.04646,13.345252,17.164442,11.7399435,9.752523,8.6659975,7.284508,6.9780965,6.3421745,4.9774265,4.782459,4.578622,57,male,train,e5155dbd2036f7c513993b1c8de161d7,264.792,,english,,,pitt
ufyz,CONTROL,-195.7103,72.47327,7.6228175,4.4167542,-4.8394437,-6.804958,-5.1493816,0.52535427,-3.9429626,0.7685326,1.0015416,-2.4909308,0.7051179,33.568043,29.850994,22.457172,19.60654,11.889233,11.540262,9.864071,8.737679,7.605758,5.4941072,5.2766585,4.9595675,4.929406,66,female,train,f050f5d80d2b3cc107b1d53e30f45949,201.936,,english,,,pitt
ugch,CONTROL,-259.44357,82.59411,2.9831762,4.6441574,3.4891133,-4.7661476,-4.686712,-3.23603,-0.6028356,-0.71310705,-0.68493307,1.0478394,2.7326293,36.70569,15.930768,18.798262,17.50206,10.021296,9.594204,9.733504,7.520714,7.685612,5.9944205,5.1196566,4.5953517,4.368932,68,male,train,69a7c7993390d1316f7eb8277fd4f7d7,220.08,,english,,,pitt
ughv,CONTROL,-209.77673,76.0304,16.13577,10.519778,-3.858605,-3.0238507,0.46309182,0.19073325,-3.1253145,2.7185314,-0.4374556,0.29050663,0.5763392,44.343834,21.637005,18.509602,14.589875,10.592531,9.862692,8.164797,7.840638,7.0109468,6.095728,5.1505356,4.7441626,5.3098464,68,female,train,64e8728534ede61d365bb28e53228c5f,252.624,,english,,,pitt
uhlb,CONTROL,-266.92834,52.71649,12.333709,11.838282,2.1301472,-0.061322458,-1.9292586,-0.9774761,2.7204351,2.1133313,1.5346339,0.66791767,1.4060702,37.185722,25.741255,14.243589,13.614468,10.14145,8.455167,9.146701,6.943148,6.5093184,6.0837536,4.683621,4.5140543,4.254489,75,male,train,f97400153d190aa1ce4e264064d3e47a,208.848,,english,,16,wls
uhtn,ADRD,-184.97792,88.01846,-9.626662,11.359492,1.4984134,-15.511468,2.5492177,-1.7392646,-11.889972,-3.8102114,-4.067209,-3.2173352,-0.24475789,31.138216,15.073086,17.25781,21.222145,10.413377,13.794706,9.787979,7.785968,7.374481,6.614241,6.509211,5.228828,5.373882,75,female,train,ee573f6f5505dfd14255cc2e73a3701b,147.192,white,english,right,18,hopkins
uhwm,ADRD,-265.1484,73.107475,13.138582,10.982814,6.8172455,0.44787505,-3.5829432,-2.9804082,-1.4114046,-1.4374009,-0.21692728,-0.07703509,0.69250244,34.86439,21.307709,14.985061,17.811058,12.303007,9.0264635,8.613782,7.072341,6.5008225,6.365748,5.499978,4.8218937,4.578829,77,male,train,0d8d5d7c17ef7eb7a1f80caea4737c27,252.6,,english,,,pitt
uias,ADRD,-128.00235,47.23762,5.163233,24.879135,1.9769335,-5.794075,-0.43843743,-1.9587471,-1.5900401,0.6312055,-1.2125006,-0.66246104,0.55601895,34.462242,17.216614,11.92974,12.948755,8.05176,10.48392,8.262415,6.5827436,7.6373277,5.499917,5.3054285,4.8461876,4.6640997,79,female,train,7a485401b8c55423baefec276c6fff27,265.056,,english,,,lu
uign,CONTROL,-250.16116,44.438316,16.330788,11.540833,2.38017,0.056939352,-3.0028093,3.1539447,4.1617374,0.20767863,1.5385082,1.8319253,1.4129047,36.56256,21.201859,11.65907,12.726162,10.0127125,9.157291,7.5638337,6.5285015,6.45378,5.0540605,4.5607247,5.076798,4.3460298,81,male,train,29ca749d0ce6894963c73d8b33789cb2,271.488,,english,,16,wls
uihj,ADRD,-304.12524,44.40291,20.100445,8.985401,2.0130315,0.33563554,-0.1610363,2.834154,2.2783072,-0.29197615,-0.5446193,1.5337237,2.1375396,24.85187,21.36845,10.245772,10.43651,7.389831,7.790367,6.604764,6.4796605,5.5782666,4.6792045,4.1999664,3.8872113,3.9778845,78,male,train,d7afea2bd5af9355b2a94db38ca1dce0,261.312,,english,,16,wls
uipr,ADRD,-145.80505,60.808804,4.513539,22.509354,-14.932381,7.8020496,-9.030035,-0.676143,-2.9875948,-1.5480593,-5.4618416,-3.4866016,-0.39065373,34.644173,15.364167,16.219315,15.307232,11.245069,8.937398,7.287295,7.7601247,7.072541,6.694652,5.2119527,5.6629925,5.1790032,66,female,train,19636cefcaa51a00a235dff8f9ea95e3,189.912,,english,,,vas
uiuj,CONTROL,-302.4771,82.341225,19.054113,3.2671964,-0.104194455,0.72073007,-1.5205765,-0.15219161,2.0160706,0.93470526,-2.508356,-1.5814043,-0.9693766,29.777426,19.512098,16.693554,15.8831,10.089786,8.641832,8.438901,5.9377265,5.5969334,4.062701,3.8212745,3.357193,3.1462777,57,female,train,59d698b82be916d11f0eafdfe8f1ac09,212.664,,english,,,pitt
ujdk,MCI,-260.4354,74.076965,12.595134,7.6330647,4.537961,-1.4576062,-2.2192218,-1.3002375,-3.9807508,-0.4819004,-2.4774804,0.11902606,-0.7150312,41.12458,23.727442,15.289854,15.6929245,12.871696,9.558474,8.558513,7.952412,5.6768374,6.3957415,4.917373,5.117042,3.7226052,80,male,train,e708e383bf64d5b65c717625429d11c3,239.496,,english,,,pitt
ukar,CONTROL,-262.7367,54.645218,18.41092,13.406066,5.7235165,0.95414007,-1.3781143,1.0403265,1.2455348,0.1150478,0.6972126,1.3529106,1.0901092,26.664564,21.073616,8.514231,9.859106,8.328218,7.554392,6.1840863,5.9728374,5.1994853,4.827754,4.156312,3.7372124,3.42885,80,female,train,67415cd5551eab4fc9405b7678edbed5,265.968,,english,,12,wls
ukas,CONTROL,-164.97816,47.90471,3.2094724,11.151877,-2.5236413,-1.4555057,-0.92293483,-1.3904961,1.0373577,1.784198,0.57219213,3.7192397,2.6360219,36.403545,23.51133,15.620354,15.619324,12.401978,9.974312,9.247114,7.561141,5.8422074,6.3073425,4.7818785,4.453461,4.216524,90,female,train,fce99a994dcedf117f1d811473ded38a,296.928,,english,,12,wls
ukin,MCI,-244.8953,71.29386,7.128225,5.0783925,0.5948965,-3.8971434,-2.4710553,2.1482193,-3.8726506,1.1590365,-1.1379168,-0.056216188,1.8296144,37.74712,29.230444,20.728802,21.292448,10.905333,12.482891,10.498916,9.435763,8.029844,5.7359786,4.53998,4.3707037,4.085209,59,female,train,60c02b3a938118cb888822c7fe12393d,157.776,,english,,,pitt
ukpq,ADRD,-173.16331,49.859386,6.2218127,13.502515,-1.2890972,-0.5140119,-7.1292996,-2.9611833,-2.1313338,-1.4925984,-1.5274715,-3.3388045,1.7218858,35.63179,19.494133,15.400795,13.806171,8.740344,7.175092,7.2892594,6.4388366,6.5499096,4.8794413,4.666155,4.528733,3.8095174,70,female,train,1641c799331284c890b67d8c11a83054,295.776,,spanish,,8,ivanova
uksp,CONTROL,-196.45561,49.064255,6.707142,13.404296,5.290063,2.4404852,0.75370866,-0.25506827,1.1499572,2.0900838,2.3803074,2.6466808,1.6737008,29.093119,14.355133,8.09358,9.834833,8.673414,7.712984,6.6636124,5.912312,4.8718357,4.8921976,4.2203765,4.406569,4.001058,82,male,train,2b9e025dac8a47577fb439297ced06f4,285.408,,english,,12,wls
ulsb,ADRD,-206.05547,74.24231,7.110325,14.276589,-3.3510866,-3.6063046,-2.455977,-3.2851143,-0.8410979,1.1725581,-1.5482204,0.70448524,-0.044534944,32.007324,19.823503,15.168467,18.203,11.887597,10.439596,8.666624,7.530065,6.962402,7.3764753,5.5043473,4.8589773,4.8165812,87,female,train,d2faeacf3449ff333f682602ac236277,236.448,,english,,,pitt
ulux,CONTROL,-198.16779,59.86667,13.668736,11.908621,0.6048439,-1.1880308,-2.366309,1.6908884,6.96459,1.100979,-1.8345112,1.04804,-0.29371276,34.742283,28.518515,14.4290695,13.063342,11.375469,8.047819,8.41761,7.0806746,6.81146,4.380342,4.6805806,4.500248,4.05189,82,male,train,c2e9aebcfe0404e42f8eb211ac73c51e,281.472,,english,,14,wls
umdl,ADRD,-310.6682,66.84804,19.670547,10.026437,5.8297653,2.6865869,-0.7720907,0.53371084,3.3242817,0.24716805,-0.048762504,2.1164646,1.7179599,36.90325,19.298986,19.478241,12.911613,17.019182,8.51053,6.927372,6.2158513,5.671578,5.0789075,5.0953603,5.0535274,5.158092,77,male,train,6c6c7e66bf315e072afd6dd15a660914,255.456,,english,,,pitt
umpu,ADRD,-226.76804,53.43102,9.701837,7.715089,-0.41061845,-0.5213571,-5.5364647,-0.99120766,1.6066514,1.0476438,-0.714391,-0.8815268,-1.2085989,36.251984,22.082203,15.304489,12.02834,8.52794,8.028389,7.1215415,6.950664,6.1180434,5.779267,4.4741282,4.8374434,4.1629314,81,female,train,57038dfd59b417961824450d92330443,192.456,,english,,14,wls
umyr,ADRD,-237.62836,60.9077,19.416073,9.649752,3.2762992,-0.019811496,-6.153629,0.19537108,-4.8724747,-5.0233397,-1.3382621,-0.46260914,0.44204032,39.48225,37.605,15.302182,15.492559,8.710331,10.119758,8.62929,7.808426,7.4068565,5.873147,5.388647,4.5155463,4.6076202,89,female,train,ed41e3bfd1d5f7fd9895fd66432ce191,241.56,,english,,,pitt
unbe,ADRD,-308.50027,87.12413,12.502307,3.7769704,0.8823873,-3.504172,-2.2096806,0.42439795,-1.2350838,0.10595075,1.2382478,0.26661602,0.92829037,31.591288,14.015939,20.233429,17.059105,8.6962185,11.026846,6.453602,6.540459,5.0610943,4.120034,3.893629,3.754598,3.7291913,74,female,train,9082a2a19faed40ecb4fcf9015f54c12,113.76,,english,,,pitt
unic,CONTROL,-247.77162,74.35377,10.576065,7.6641016,8.378258,-0.5959527,-3.6135445,-1.5237559,-1.3816783,-1.778528,-0.25424597,0.44982696,-1.2015182,39.707848,24.430761,16.48048,15.627355,13.774896,7.6784587,8.977073,7.3492885,6.751901,6.424948,6.20955,4.6218615,3.979482,61,female,train,6df291855efca216f5a7bde1688b5366,172.944,,english,,,pitt
upfg,CONTROL,-268.07916,51.89831,17.358059,10.556133,2.0871022,-0.23963152,-2.802529,-3.5996156,-2.572789,-1.6556625,-0.16044325,-0.037923362,-0.42869103,31.48064,23.072025,10.044961,11.3453,8.769878,7.321025,6.864266,7.368809,5.798702,5.3385763,5.182619,4.676462,3.6933174,81,male,train,a65889726f1b0b0af057ef820f45aff0,261.504,,english,,16,wls
upnl,MCI,-226.01619,57.24189,12.249112,12.9905405,-1.6996202,-3.6975763,3.5490954,-8.564656,-6.304803,-1.9305346,-2.5280495,-1.8443815,0.38309357,28.394821,24.533615,10.6883745,12.966585,9.474628,6.987223,6.37655,6.3132944,6.0364475,5.2286177,4.897652,3.6220894,3.624984,68,male,train,3ee183e965295364521d5b80135b1e8b,248.112,,spanish,,6,ivanova
upua,ADRD,-293.12738,64.270935,19.459663,8.379399,-0.84027916,-2.4899075,-4.0831146,1.3741678,0.16265655,-0.37124765,-1.2373879,-2.7189555,1.3225048,32.707664,27.030287,16.172892,13.594925,9.885399,9.022035,8.324421,7.110426,5.534391,4.7940564,4.50904,4.549774,4.499436,70,female,train,ea9803a5c2495ff76f37f2f0dcbbed77,263.352,,english,,,pitt
urdn,CONTROL,-209.69127,60.73873,-0.3441099,15.852339,0.3644785,-2.8974395,-0.06502293,-1.1702507,2.4729135,2.3161454,-0.12506649,-1.2813338,-0.6956066,35.694946,19.791513,15.155942,14.662135,9.7322235,9.384542,6.7895346,5.8361664,7.3226743,5.15199,4.939288,4.295226,3.5752811,74,female,train,74b0eefc3291d9e2342bedd92bacde0b,292.56,,spanish,,6,ivanova
uscj,MCI,-163.90903,53.90734,-6.1864543,8.828732,6.4117985,0.62306744,-3.3774657,0.40249375,-1.8065265,-3.006552,1.0215273,-2.6871226,-0.5984941,46.85653,40.39819,19.668015,15.552628,9.176427,7.730897,7.2024617,6.801334,5.7925377,6.3218656,5.310098,4.4062996,4.6142473,83,male,train,7bf922923a229a5b54212791ba02e5b1,261.936,white,english,right,doctorate,delaware
ushd,ADRD,-309.6241,52.668312,13.969372,9.408495,2.8448634,-1.5252452,-5.7424235,-5.2860723,-3.7920022,-1.6864014,-0.09953986,-1.2214805,-0.9391014,33.38881,27.383673,19.81189,18.571672,11.201561,9.740169,9.377973,6.680427,7.0248013,6.2067723,5.721297,4.6176476,3.9391985,64,female,train,b746bd94e2da92139bac842f4a6e0e50,263.52,,english,,,pitt
uskt,MCI,-280.76984,53.48352,-1.2713273,-2.6195462,-3.7316287,-2.863921,5.4168677,-0.6272032,-6.659623,-2.0518277,-1.8127162,0.36843938,-4.7654243,28.7256,19.459637,17.589645,19.805832,12.925401,10.039381,8.867244,7.5808887,7.399348,6.8980126,7.780851,6.02852,5.1184034,75,female,train,32877c26ff5cfe4620125990e7c8721f,264.024,,english,,,pitt
utai,CONTROL,-147.05882,57.93823,4.7130604,15.203065,4.5374575,2.8191938,-1.5232657,-0.3216307,2.8647234,1.8989449,1.7923411,1.1755663,2.2293386,23.02206,17.676535,9.326191,8.634941,7.0708866,6.6955767,7.4591775,5.925199,4.8026586,4.076582,4.1945105,3.8962245,3.6748314,81,female,train,4661967231339c782cfa90dd0c204da3,284.4,,english,,12,wls
utfz,CONTROL,-294.14133,55.77078,4.1480927,17.435158,3.9485636,-5.9918785,-1.7447448,-7.8429394,-7.1920085,-2.5906413,-1.1313126,-3.190896,-3.268517,36.227474,17.05651,19.843203,18.972797,13.997578,9.266923,9.667815,7.874359,7.555217,8.158899,6.4324145,4.918372,4.6638045,73,male,train,feaf1af60595bb037928e016f9193ed9,268.608,,english,,,pitt
uthd,CONTROL,-260.89957,58.743996,14.457821,11.510974,6.181247,-0.052707788,1.0169967,-2.7111464,0.31662533,2.1329403,0.21322921,2.5964868,3.984934,32.914944,21.942661,10.185202,11.01448,5.9778104,10.309229,6.013233,6.8901987,6.145699,4.725652,4.824804,4.2174563,3.6819665,79,female,train,da9937f36400ce39fb8f43a470048975,269.376,,spanish,,8,ivanova
utix,CONTROL,-104.792336,47.88949,5.4674573,13.605895,-4.0285845,0.4960957,-8.849814,-5.2433186,-0.06991735,-3.247516,-0.7519927,-1.0151645,-4.697536,33.938152,25.21795,16.113617,15.556482,8.885735,8.28047,8.4797125,6.167494,7.1035523,5.2263765,5.612418,5.1680093,4.6832027,76,female,train,2247939e2f150afe757756d33d4c120f,303.456,,spanish,,8,ivanova
utsq,CONTROL,-268.05383,39.53353,5.8346357,11.97256,6.879369,-4.0395207,-1.3642352,-1.2232592,-0.30507722,-0.077735305,1.6840096,0.6941874,0.20843773,23.938438,16.949741,12.735696,14.747794,10.093414,11.074777,9.211919,6.269006,6.851358,5.286334,4.7154846,4.3316407,4.020847,56,female,train,c37b55df3626792a3345c2f2db6ee818,291.408,,english,,,pitt
uudn,ADRD,-225.47047,90.01911,-12.807237,8.617094,11.409611,-10.869733,-5.0770006,-1.5890191,-4.4276323,-2.5571847,-5.9519005,-2.366501,2.427846,24.924046,15.811858,13.969745,17.140581,8.804386,9.342931,9.887058,7.107042,6.971103,6.426646,5.461728,4.6830425,4.8097343,64,female,train,19e11fdc43ca056fe47ea57df8317b98,139.392,white,english,right,16,hopkins
uudo,CONTROL,-211.76007,60.34358,13.63315,16.90301,4.8635626,4.024788,-0.15577722,-2.6725485,0.9520006,2.2919505,1.315222,0.45773593,-0.55682784,34.48405,25.34856,13.621515,13.515749,10.142914,8.541929,7.48097,6.9654465,6.351333,5.407781,4.9029083,4.2800064,3.8260767,80,female,train,71f9fc13fed9680e3eaf5b92e225e9f5,275.16,,english,,16,wls
uuih,ADRD,-219.39903,57.00321,12.645775,21.593891,2.0545402,-3.3151922,-0.6723727,-4.0541224,-1.5829488,-2.0482929,-1.0773151,-3.7019882,-1.1601409,40.299713,19.015371,15.994599,11.620471,8.268142,8.415983,5.744369,5.8351803,6.496079,4.9054,4.8864884,3.4741654,3.3811014,93,female,train,0623bfdf4ba82edac12925c170570620,285.456,,spanish,,3,ivanova
uupx,CONTROL,-211.00366,42.672253,12.644984,12.203807,8.998953,4.388495,2.229163,3.3039155,2.296115,2.235054,0.9997122,1.6250169,2.8752804,22.341606,17.81186,8.719013,10.800848,8.042342,6.4894266,6.6825504,5.788389,5.324089,4.678209,4.38858,4.1525416,3.6319857,80,female,train,50ff6b07fe274ca2ebd716b47a002f19,289.152,,english,,13,wls
uveb,CONTROL,-278.0047,49.317593,16.134617,9.067573,0.003403578,-0.14356282,-3.4609241,1.0505526,0.51992583,-1.0220177,-3.1191685,-2.211191,-0.30336767,31.750862,23.931448,16.346024,13.879755,9.599064,9.333687,8.191463,6.0500493,6.2251086,5.366707,4.540503,4.522434,4.1760983,73,female,train,95c66eed6af95119969ab45a2e81de97,201.432,,english,,,pitt
uwlk,ADRD,-246.41667,36.059376,9.015688,2.9811509,-3.8601737,0.9015641,-11.344447,-1.0959367,-5.8621984,-0.46433726,-0.47868136,-0.16355851,-3.209764,27.237488,42.588715,15.49368,18.21857,14.269203,10.821712,11.310355,9.432331,6.977512,6.7069116,6.401416,6.546829,5.434885,64,male,train,d1aa631c753fcf5c09d3097d43c73b91,266.664,,english,,,pitt
uwrh,MCI,-136.0464,65.78701,-0.70002025,21.164452,-4.427,5.026475,-7.3309107,-3.3681076,-11.661242,1.4814236,-2.8089383,-0.5238085,3.2197266,32.98331,15.652704,13.0722065,9.593643,8.111684,7.2189736,7.3557043,6.80024,5.7693768,5.927292,5.42812,4.068459,4.3332005,71,male,train,4786213bd9a62840fafe3db1295fd973,183.456,,english,,,vas
uwsi,MCI,-308.91177,67.25371,15.313971,13.527033,-0.008860416,5.038257,0.30929688,-0.92594117,-1.6072546,4.618075,1.630872,1.0803833,0.081071116,48.051548,27.139668,10.315411,12.233843,10.651048,6.458203,6.95635,7.105181,6.2120333,7.55146,4.239263,3.7089596,4.23597,70,male,train,f3497aebb8e919a0a3615a03e390969a,185.736,,spanish,,16,ivanova
uwwc,CONTROL,-235.5058,54.65638,4.8424315,8.3418455,1.4433904,-0.5533736,-3.9431016,-1.353699,0.9826368,-0.01658633,-1.0047443,-0.2807739,0.20994222,33.274155,15.453002,12.65476,10.334805,7.1811914,7.0265713,6.847665,5.477114,5.13267,4.4835405,4.051345,3.8505402,3.453844,80,female,train,c4da857ee1f829dc3932cb2aee1303c8,269.208,,english,,12,wls
uwys,CONTROL,-162.88144,45.87287,-0.50870955,21.309029,-5.0406184,-4.19292,-6.5172935,-0.91611314,1.9894462,-1.3098285,2.1146624,-2.670159,-0.33826026,52.64068,38.281002,23.964315,17.923456,15.354908,10.955644,8.459242,8.818384,7.2263494,6.2283816,6.1732264,5.356622,4.933721,63,female,train,6b96edc71a04a8fd449df290b228158f,251.232,white,english,right,doctorate,delaware
uxnh,MCI,-98.980156,44.239365,6.0679946,19.971052,4.259966,-1.9185113,-4.69252,-0.6252113,-0.338813,-1.1606693,0.21494424,3.5054116,-1.0679846,47.225235,35.91508,19.730307,15.099116,10.913117,8.828438,8.523067,6.9914904,5.613023,5.0022,4.603529,4.5914145,3.6410291,84,female,train,1ace51672531bc3ab8722f965a7b621a,258.888,white,english,right,master's,delaware
uxwg,CONTROL,-133.65834,56.694645,12.972296,21.542976,2.862258,0.25885522,0.23916271,-6.5778427,-2.081939,-1.5608535,-1.5025369,-2.0394578,-2.042463,47.608746,16.066078,13.846655,12.671696,8.998889,6.625004,6.548166,5.9785056,6.5062747,5.831412,4.2384214,3.899021,3.80023,86,male,train,9cad0fdad44ec2acb28c0b8b92ca980f,302.064,,spanish,,8,ivanova
uyao,CONTROL,-278.40588,48.713467,14.8636875,8.892621,5.160296,3.208043,2.4414227,1.8008723,1.2925222,1.2529861,1.4933963,3.323434,2.1300576,29.118519,15.8916855,7.936076,9.063393,7.625629,6.3821945,6.561445,7.1558146,6.0109057,4.877292,4.353218,3.628771,3.404472,77,male,train,0a22238c4aefcec1adea718bf529d8c1,270.552,,english,,,wls
uyay,CONTROL,-244.27187,50.058994,15.221487,11.075361,6.1487036,5.1815343,1.8111954,2.5073936,4.250621,3.3741796,3.7708058,4.046686,2.7723012,30.443867,16.676872,8.198653,8.585938,8.1068535,6.3312855,7.853614,6.711757,5.170718,4.4647965,4.3616734,3.6533847,3.5567632,82,male,train,171881c29b4d2c47f54601e77ee6c27f,277.536,,english,,12,wls
uymx,CONTROL,-135.72185,60.361904,13.489927,15.052236,4.552118,-0.6989486,-0.076409,-3.0430827,-2.7226174,-1.9404212,-2.8263404,-5.1169496,0.8681182,37.728573,18.37358,15.109178,13.492701,8.385955,7.7725434,6.4080353,6.052059,5.731546,5.3938413,4.7511077,4.4030757,3.8139563,83,female,train,7a55ce01727ad5e8f2c2d3b958143a94,267.552,,spanish,,8,ivanova
uzbh,CONTROL,-199.89792,44.72092,15.030944,11.230043,4.8948455,5.0406675,4.868367,2.7093103,1.5267987,1.961755,0.64693445,2.6210694,1.0849797,33.014515,20.889091,9.78308,9.951765,7.3362975,8.493898,6.6225367,5.5481987,5.7420697,4.3940654,4.1877356,3.859849,3.6739244,80,male,train,da28de3bcd656b2163551159d0d62094,301.728,,english,,16,wls
uzkk,ADRD,-204.68517,60.583275,13.012121,11.822637,5.314347,1.7836038,-0.434295,1.8287461,3.5496294,0.67075807,0.24748679,2.5290372,2.819383,30.540981,21.429024,9.520376,12.462749,8.519805,7.399808,6.109624,5.8471746,5.044237,5.0221334,4.353176,3.7640018,3.6012821,85,male,train,c12b06afdb892aa166392cc8ed19f176,281.856,,english,,15,wls
uzyc,CONTROL,-239.65334,57.95549,8.1160145,10.500059,2.6122313,-4.7140107,-8.120437,-0.7532736,2.8471115,1.5260851,2.3732243,2.7185488,2.133309,30.819548,17.543703,10.8346195,10.105881,8.477565,8.792905,8.691946,5.7898912,5.864472,4.7022314,4.0552897,3.8542688,3.5761034,81,male,train,5498789a3054c6939ce6d53aa5c53648,274.08,,english,,12,wls
vaam,CONTROL,-244.09575,69.03338,24.5796,15.245718,1.1387486,2.6913044,0.4340291,0.21916406,-1.3746321,0.59407455,1.7225305,2.539707,-0.147056,38.559685,25.353352,11.356323,11.77983,10.798777,6.347766,6.6566978,4.8701835,5.914874,4.9267435,4.6482687,3.9782953,3.9275074,65,male,train,2721ff7d13fee186e74642035ef41f48,213.336,,spanish,,18,ivanova
vanx,MCI,-169.35245,52.35241,4.1855965,8.821627,2.2028382,0.2742726,-1.5141281,-3.665348,2.0533164,-3.460555,2.0503628,-2.2621312,1.3828206,47.56369,36.659264,20.029581,20.843813,11.76022,10.591809,9.372674,7.1880026,7.8856897,6.135469,5.8308163,5.189945,4.3099666,61,female,train,32bcdd115af2ef1320be2598041257d8,258.96,african american,english,right,bachelor,delaware
vaob,CONTROL,-288.9317,34.697945,12.187454,11.940819,-4.012693,1.0540227,-11.919999,-4.2593646,-3.6024191,-3.2102132,3.2575893,0.50095105,-0.3739187,29.292366,43.263218,14.043752,16.75651,12.788301,9.060253,10.178826,8.269741,6.731642,7.4599047,7.5872912,5.354314,4.5007744,63,male,train,ec1e00aac8d0232ebaf916afae0d835e,207.672,,english,,,pitt
vazt,ADRD,-260.12497,47.112312,16.469757,15.221341,7.490255,3.37251,-0.28483066,-0.5122143,2.67052,0.66025966,0.14682578,1.5995483,1.30161,28.040607,21.043821,9.835662,10.746278,9.796946,6.936624,7.0747137,6.7537837,5.577774,5.47394,5.178171,4.560382,4.0158715,82,female,train,9a40e80debc4b9bdd941d6edcd8a9099,270.096,,english,,12,wls
vbgt,ADRD,-254.96613,62.16998,11.300709,8.596854,6.0017176,3.7306337,2.3404996,0.66860497,-0.5020379,-0.5976595,-1.8770924,-0.30653682,-0.42592135,31.275291,22.97387,14.909578,13.631991,8.382533,7.7326074,7.3224516,5.52958,5.509966,4.638427,4.737483,4.451869,4.128391,81,female,train,0c99b80f8595026087ed411d67d24c13,263.736,,english,,16,wls
vbkc,CONTROL,-172.70335,61.466576,13.491067,7.2956448,0.5340326,-3.7292776,1.1064851,-4.658055,2.1990018,-1.1724062,-0.4345674,0.28666386,1.7444612,41.9984,35.123417,17.94332,15.871924,10.986982,8.892401,8.225427,6.3073597,6.681608,4.9725246,4.3284364,4.0298963,3.8021715,70,female,train,c3c10daaa9a8428932682bf97ebfbf32,259.152,white,english,right,doctorate,delaware
vbxv,CONTROL,-409.45627,52.74249,13.173814,-1.5865401,-1.0608096,-1.2333193,-0.5597515,1.8791293,3.7274933,2.5412965,3.7676592,0.43073842,-0.14398299,20.334723,12.710618,15.02439,16.412718,10.896957,10.792747,9.488691,7.7949123,7.9492,6.7350845,6.017174,5.468527,4.875612,58,female,train,629d68f6bd6c4272d1ecb1f1bb9bc18a,159.84,,english,,,pitt
vccd,CONTROL,-258.95453,46.842503,13.347056,15.267318,3.910619,2.5709035,2.299135,0.86027545,1.4438461,1.8336556,0.2781327,0.3091587,1.3557097,24.602325,22.633188,10.688306,11.948217,8.985783,8.808377,8.697145,7.0176606,6.253354,5.609195,4.9737554,4.3996644,3.9588947,81,female,train,b6b44442e91b7d79c89e57d746384c34,282.528,,english,,16,wls
vcga,CONTROL,-288.5598,70.01399,9.275236,5.4146733,2.166027,0.25993633,-5.794672,-4.937507,-3.068916,-2.9499757,1.4174712,-1.0717963,-2.3446202,28.285357,26.401148,14.759099,18.631126,15.604041,9.37086,10.113129,8.533528,6.9497757,7.127705,6.1803136,5.2049994,4.0340376,64,male,train,0c38bcc687d2d2b9d768e242479bbd6d,247.032,,english,,,pitt
vclo,ADRD,-246.45386,51.39836,8.931726,15.313214,8.56093,4.156189,3.0346727,0.97570515,2.321943,2.3529382,1.2542193,1.2241352,0.20312943,29.045334,23.888668,12.209032,13.032461,8.640891,8.464821,6.0047984,5.936239,5.8919225,5.4423704,4.575432,4.6030607,4.4231215,82,female,train,0bce4e0f6dcafe46cbe3162989869fc6,269.856,,english,,12,wls
vcsg,ADRD,-212.36304,48.670254,18.472248,16.743696,4.539933,-5.3945417,-4.6961594,-1.5579985,-0.2623966,0.7397062,-0.07628196,-0.91177833,2.0375092,27.82634,26.257627,12.8564825,11.87223,7.828607,9.582762,7.5063524,6.2772202,5.9082265,5.2572927,4.8613205,4.249502,4.2049346,72,female,train,f7250d267a4bb71fcb7c7f1b60631138,224.592,,spanish,,17,ivanova
vdvu,CONTROL,-249.18375,59.779377,12.677807,10.604269,8.99396,6.206321,0.1444311,-1.2519358,0.9314542,-0.4082175,-0.008137312,0.8622886,1.1346395,31.898508,24.468155,11.138258,11.645287,10.168868,7.0409045,6.5125103,7.454346,6.0374694,6.2533517,6.037236,4.553531,3.8682733,81,female,train,1ab72cf1f9ec5fd99d6339e193fdeef1,190.176,,english,,12,wls
veex,ADRD,-189.05203,45.471767,1.0355757,23.01637,-11.044135,-0.9819762,-10.043271,-14.383865,-3.014729,-7.949681,-4.1724687,3.6910808,-3.5045755,55.062126,39.17487,24.998697,13.507865,11.571326,10.00243,10.057307,11.598184,9.091264,6.5822377,8.019974,7.759898,5.8783402,70,male,train,c1eb078b20f3027b9f4a1d191e278dc8,80.736,,english,,,pitt
vehz,MCI,-390.66815,49.907375,11.157356,12.162926,-2.6988642,-4.180456,-0.32625726,-2.3827434,1.6137897,0.058793284,-0.7732385,-2.343877,-0.9002293,28.69775,19.865139,12.359343,11.978792,7.0553517,6.9414506,5.684992,6.522791,6.17579,4.650888,4.43943,4.227107,3.9856465,83,female,train,baca7463169f2b8afc3c8836aa08531b,155.52,,spanish,,8,ivanova
vesg,ADRD,-242.00043,49.355297,14.308798,17.024866,9.296992,3.3047857,1.418998,1.6385255,3.079374,1.000796,-0.21860646,2.639501,1.9279842,29.433565,20.725622,9.119394,10.530837,9.441457,6.5838027,5.8063526,6.902548,6.075678,5.2000165,4.622997,4.2848015,3.7236016,81,female,train,50409d15c67157730a82d0c81287d48b,275.568,,english,,13,wls
vfdk,CONTROL,-294.23938,73.98292,21.29614,6.4695473,2.0529702,1.7845066,0.28468743,0.18909006,-1.282749,-2.0246205,-1.2321697,-1.9191595,-1.1813092,31.704357,28.276793,14.121014,18.261248,11.783812,8.581528,7.433156,7.7485476,6.680685,5.627128,4.664339,4.2589455,3.9156725,68,male,train,48e74461d1b8ca4bdf7e891b66a6ae51,173.928,,english,,,pitt
vfjz,CONTROL,-240.77846,55.679752,10.584095,10.281489,5.9434433,2.969957,-1.1711344,-3.7860801,-2.3964498,0.38701424,0.766985,2.0343122,1.9090868,33.353317,21.468184,11.089962,11.431346,10.2483015,7.9412174,7.8109527,8.572217,6.9195166,5.809366,4.898153,4.440551,4.1595435,81,female,train,a944ffd194f8f8eac954242de18d0677,167.52,,english,,12,wls
vfqb,ADRD,-170.91641,67.55845,17.840816,13.479314,12.019234,9.772821,1.6483909,2.3915958,2.3954363,1.4628186,1.0400254,0.46431217,-0.53983045,28.102325,17.366167,9.323811,8.616117,6.098086,5.8203406,6.3290477,4.8939204,4.222544,4.5080967,3.8049746,3.4670584,3.632718,60,male,train,7835124bfe6f2063dc12758d9f2f9ab3,298.176,,english,right,20,baycrest
vfqt,CONTROL,-259.98004,60.985893,7.7476254,14.812595,-2.944026,-8.60725,-12.244941,-3.1653821,0.6026787,-1.6533592,1.3566121,-3.1663291,-1.9156222,33.46803,30.67478,19.262245,15.736673,13.217758,11.8096075,10.485879,7.6298833,7.6129365,7.1266384,6.2489185,5.586207,4.672888,70,male,train,8d5e4cee3eb5136264f6b62790b80dba,248.52,,english,,,pitt
vfuf,ADRD,-246.71861,51.730637,19.429342,12.314506,6.586,5.4098954,3.6267483,4.086917,4.6587043,3.9641325,4.6091294,4.736293,4.466031,23.728317,15.428698,6.482934,6.885313,5.7194977,6.017709,6.0485487,4.5667844,4.1105103,4.013202,3.3586073,2.9039915,2.5616062,80,female,train,e93ffa4f06a2a142c10350dd2da62691,187.8,,english,,12,wls
vfyy,CONTROL,-237.85439,45.88196,15.238985,15.375901,7.430123,4.1199765,-0.18647067,1.230261,1.0200993,1.6674013,2.864439,3.9777024,2.621283,25.9757,19.074474,9.059557,10.180727,8.477382,8.437751,6.597019,6.1200833,6.240106,5.287836,4.8225775,4.2882295,3.6798286,80,male,train,fe8ca5b9b9619ac5db08672f6a93270b,277.392,,english,,12,wls
vhfa,CONTROL,-231.03952,54.166233,16.177567,11.413395,8.605434,2.7935703,0.9003004,2.0901394,0.846966,1.6587325,1.2441957,2.1947386,3.4847584,19.33045,16.547865,9.170374,9.422543,6.0975804,6.6261406,5.976093,5.9798856,5.9145746,4.891693,4.1025825,3.7379427,3.4668338,81,male,train,779c1f8f79edc1b22e6bbd1c8af44af2,281.712,,english,,12,wls
vhfc,ADRD,-264.54523,54.44394,14.847269,18.533072,1.1140394,2.957907,1.7058206,-4.8891563,0.6949895,1.9476671,0.89505476,2.602346,0.5291842,36.84196,28.567207,12.616597,13.031226,9.61869,8.254303,6.7674623,8.587772,5.7360945,4.96365,5.079091,4.2008004,3.4688215,75,female,train,85c8610a12a83f8dd68398817270b63c,262.872,,english,,14,wls
vhme,CONTROL,-240.73961,66.1964,10.7546215,11.817622,3.0651376,-1.281124,-3.035333,-1.1428375,-0.26076004,-1.4395211,0.13406448,-1.3815594,-0.4302379,43.989304,41.400978,18.118387,17.21743,12.251203,7.9866157,9.257297,7.6901555,7.68652,6.400503,5.513245,4.935256,4.0757213,59,male,train,04aaa4f21363f59e85bcbcb64767439d,183.72,,english,,,pitt
vhtm,ADRD,-178.39261,57.768414,9.613183,10.285781,-0.27605966,-3.2073014,6.7440977,-4.9098334,4.3984203,-2.144869,-7.000438,-2.0811636,-0.71460515,39.941254,20.776093,17.22763,12.769255,9.093335,7.329024,6.4143867,6.9462905,5.8487067,4.328158,4.270661,3.7371156,4.0632367,81,female,train,75435ac72ae715fa9588ea0e624d4ba7,320.976,,spanish,,3,ivanova
vhtp,MCI,-177.67491,46.232395,16.727087,20.019495,5.4793553,4.1438646,3.0339236,-4.246158,0.63048655,-3.675423,-0.43523577,-3.0419736,0.3534442,33.559803,16.63232,13.509221,12.909003,9.9380245,7.916664,6.066995,6.5984597,5.7271833,5.886979,4.4262724,4.1568117,3.6677582,89,male,train,778a185dd77f110021cfca47cd9fa25c,287.232,,spanish,,8,ivanova
vhyj,CONTROL,-251.58871,54.977097,18.850998,12.948769,4.4501305,-0.14408763,-2.9258246,0.32588857,0.6263111,-0.67326695,-3.4442713,1.6967181,2.703582,30.942142,23.078701,12.932396,11.624632,8.121654,7.3372383,6.6842837,6.48679,6.055069,4.612126,4.853295,4.3923573,3.7532864,81,female,train,611f39ddba42e15f6610611eaaa02c7a,269.544,,english,,12,wls
vhyp,CONTROL,-234.94304,66.096,8.89212,14.66159,5.7533226,-0.59934354,-1.2560952,0.46037862,-3.5699644,1.1545249,1.9138578,0.14820644,1.6706376,35.95496,20.818707,12.79962,13.274377,9.828432,7.355866,6.910793,5.626123,6.3141437,5.4948826,4.96573,4.2304645,4.120606,76,male,train,17930783a93b40b1a147f281c49c6572,266.592,,spanish,,12,ivanova
vicn,CONTROL,-260.699,39.14608,20.274853,11.9711275,7.9893575,3.1723084,2.7181447,3.100141,-0.29576826,2.5632083,3.9660554,2.3107684,2.5974498,37.951916,26.66976,10.375273,10.914804,9.110526,8.11558,6.7409015,6.4851804,7.608702,5.3848705,4.9241223,4.498864,3.9934142,81,male,train,e436dca52dffbc9063b5554f7e79032d,219.96,,english,,16,wls
viix,CONTROL,-207.00105,61.68601,14.045951,10.6687565,2.5947938,-2.3469324,-2.6002958,-3.6042426,-4.5135326,0.43619806,-1.102071,-1.5390975,-1.7793748,26.414442,21.169748,9.03599,12.490512,8.322507,6.3614907,6.620541,5.65747,5.5841713,5.193465,4.924471,4.4160028,3.913157,70,male,train,efadf242f50b142b8f7640d979202f23,271.44,,spanish,,8,ivanova
viyp,CONTROL,-230.68997,75.45827,8.970583,3.9018254,-12.111868,2.2456832,-6.6664977,-4.877537,0.25340927,-5.607614,3.0319526,-0.37639603,0.32702962,29.831171,20.724617,13.340586,15.989227,17.043,9.901481,10.6256275,8.661928,7.175579,5.7573576,6.458113,5.1073,3.7752445,60,male,train,abf79450bc6c40efffa719cc5de35b8e,262.44,,english,,,pitt
vjbx,ADRD,-288.5758,55.772106,21.759163,13.1587,7.7779427,1.2369697,-2.5680902,0.8705938,2.5770583,2.4453127,1.751684,2.200347,1.6762912,30.590658,22.909706,8.824802,10.455107,7.621241,7.666374,8.153857,7.1228046,5.28049,5.4265485,5.279923,4.739492,4.1671553,78,female,train,11070ea81487dd37390e3949d22854cf,68.856,,english,,16,wls
vjci,CONTROL,-160.94342,69.56805,-11.253769,13.571765,-15.004248,-15.000955,-3.9479208,-11.057396,-0.42700037,-2.1084695,-10.492914,-1.3028141,-1.2190266,30.22669,16.223433,16.22957,14.855598,8.654568,8.348712,7.6083355,7.6710052,6.477724,4.879402,6.2309422,4.5025835,4.3688426,80,female,train,e8df9c168202f45044cbca805c141b7f,256.272,,english,,,lu
vjdd,ADRD,-322.45428,55.260838,11.94809,11.185093,4.7751718,-1.9425702,-2.2757356,-2.6680202,-3.5264406,-1.7464,-0.9505262,-1.8730989,-0.21183376,29.072926,23.032173,17.763905,16.597681,11.828693,9.610482,8.547486,6.520535,6.158398,5.373589,5.5672364,4.401708,4.470698,69,female,train,6c3c6ae22d85f3e2a725f4398c11b355,210.072,,english,,,pitt
vjdk,CONTROL,-226.49246,48.406185,5.3950515,12.375627,14.394804,6.46461,2.447396,2.8227124,4.3403044,5.743314,2.6980655,1.3462764,1.6372926,40.050213,22.877737,11.338381,9.487697,7.349766,5.907547,6.588456,6.448706,5.700513,5.5956163,4.1246524,4.1616106,4.008877,80,female,train,4d203e4a19d5785616e6e0caef7fe53a,278.16,,english,,14,wls
vjuo,CONTROL,-224.99863,59.543663,1.4709866,11.284705,-0.86353195,1.7966385,-1.3108175,2.2674015,1.3470436,-1.4669029,0.27503243,-0.56065565,-0.8136462,31.68496,18.272585,15.878061,15.162306,10.575473,8.837308,7.3121166,6.3474207,6.807637,5.2612805,4.8254104,4.335137,3.935894,82,male,train,87d3def85f2f7e240f12bb7cdc67f995,269.856,,english,,14,wls
vkik,ADRD,-232.63126,61.746376,21.072237,24.315916,6.85738,-1.5963349,2.5710852,1.0840703,-0.27904025,-0.20901741,0.3264834,0.08288396,0.14590408,36.485664,29.522991,12.699039,13.734297,9.883256,8.69595,8.553846,7.209248,6.802312,5.474667,4.4956803,3.7476304,3.7534857,65,male,train,5c4f3f1daa65c241030edfbeda8c3e05,265.224,,english,,,pitt
vkws,MCI,-180.23045,73.14968,-0.57315266,11.073644,5.66963,-3.1782537,-0.9979231,-3.97967,-3.1079233,-0.41895553,3.3745646,0.84567225,-1.5976264,36.81956,18.813078,13.635827,14.746151,8.188891,6.269408,6.1581945,5.1229086,5.009693,5.985342,4.4471183,3.8018944,3.4056916,90,male,train,b0c9b0fe2f328552533dd01b106d97ad,292.8,,spanish,,8,ivanova
vlwd,ADRD,-249.10066,47.51414,18.934954,11.10609,5.1511607,-0.33889702,-2.282438,-0.14411417,0.359741,-1.5005112,0.11656925,1.6343215,0.24555506,29.687628,26.717764,9.162435,10.978259,8.869946,7.4642444,6.3834157,6.5891385,6.2245607,4.697356,4.1625333,4.1643243,4.245649,82,female,train,7a4011ce31ccbc3a557263355ef31b85,280.752,,english,,12,wls
vmec,ADRD,-253.28088,88.84982,13.137004,9.012644,0.10039451,-7.5674753,3.615909,4.0948367,1.379279,3.1312888,-3.0483944,-3.822342,0.8356154,31.16351,16.44053,17.249588,20.245985,9.244864,13.552131,9.513374,8.400558,8.787651,6.0905256,5.863295,5.7774286,5.156823,84,female,train,aace269467cccb88958ec8d30702067c,135.528,,english,,,pitt
vmkt,CONTROL,-247.29993,74.17843,12.672092,9.501508,-2.8166265,-7.975588,-3.56551,-2.077553,-1.8352263,1.1379666,-0.9686739,-0.07138387,2.8464465,28.971306,27.190426,20.241081,17.334492,10.291045,10.219852,8.677034,6.7063594,5.451861,5.369974,4.466,4.3225594,4.278425,49,female,train,217cb816f637278f39e8737ae515f0a6,261.576,,english,,,pitt
vmsm,CONTROL,-259.64233,35.571053,6.1795363,1.2466544,-5.003234,-1.06767,-3.5263355,1.4384493,-1.3472334,1.4607078,-0.48363668,-1.8549799,-1.3795577,32.451244,30.731422,25.474781,18.627686,13.08694,10.867431,9.352313,8.638538,8.096273,6.1699667,5.410604,5.58502,5.077195,59,female,train,1b1170d886795237ba51dc6cc0ededa6,290.64,,english,,,pitt
vmtb,CONTROL,-104.59632,61.733982,5.875725,10.400284,-5.7481823,-1.6091698,1.7277225,-9.482557,-0.5514137,-1.6017992,1.2495173,-1.650367,-1.0223246,39.467976,20.928898,12.196086,11.392198,7.3137517,5.4852204,7.34934,5.380292,5.297324,5.66272,4.243738,3.8674726,4.0833144,68,male,train,b23f55ff8fc4592069acf247c2b41c50,312.48,,spanish,,8,ivanova
vmzi,ADRD,-303.2422,49.746418,8.616956,-0.75060534,-6.6861544,-4.668713,-3.4463544,-1.121026,-1.5829046,1.7384226,-0.022370083,0.43574873,0.75239325,28.299309,38.18069,16.881811,23.35949,11.844246,11.846122,10.729442,7.644677,8.549255,7.3212833,5.5659184,5.315317,4.8686237,66,female,train,ad984522d52c8c56802ed0c47fa71a18,242.904,,english,,,pitt
vnlz,CONTROL,-175.47127,61.69133,0.6332454,15.544426,-1.8764812,-0.18671753,-1.9539279,-5.475494,2.9150722,0.28359467,0.4983307,4.155221,-2.0186043,34.17616,14.900234,13.592554,12.169399,11.026271,6.86251,6.1011934,8.393452,5.345124,5.4941945,5.1019106,5.211888,3.9413104,82,male,train,f4ec381f19be814e46d423e1a9e58f22,281.424,,english,,19,wls
vnol,CONTROL,-302.961,44.701557,17.471,13.576362,9.460307,5.44255,3.9721148,6.5321207,5.3583136,0.48687124,-0.9701014,-0.57826275,0.3650059,26.505741,19.724909,9.99342,9.645327,6.521336,5.4408283,6.589086,6.1905384,5.6064105,4.7085724,4.0508533,4.0334263,3.74236,85,female,train,764ed28af0ea9bb6855f9f2c0bac1ba1,266.256,,english,,12,wls
vnth,ADRD,-160.11282,40.140476,4.10645,3.0520377,-7.702885,-5.550634,-9.583763,-2.1429396,-5.9228125,0.5507244,-3.752138,1.1573254,-0.6556352,23.774206,31.659298,15.8176365,13.319448,8.334263,6.544305,6.3460045,5.3643675,5.718648,5.2604795,4.2434425,4.119085,4.2669477,72,female,train,c8e1231aeeacd97d305cbda6ceba203a,280.68,,spanish,,6,ivanova
vnxg,ADRD,-245.09122,78.016685,9.4107485,3.5091567,-3.8566644,1.8626573,-1.3012938,-8.841444,-3.2420967,-0.31370994,2.6422207,0.43380228,-0.22866009,32.68679,16.624718,16.060368,16.580902,16.17917,8.850097,9.057889,8.37605,7.1899014,7.7119865,5.899312,5.12261,4.064704,82,male,train,bd3569fc664b35ce7f62902a4acc0ac1,209.928,,english,,,pitt
vnzs,ADRD,-292.2913,65.36495,13.701987,8.637101,2.165291,-5.767975,-3.8515756,1.3617526,0.5768239,1.8708056,-0.8523061,-0.88554853,0.9035295,29.872845,24.379467,15.945921,16.639767,9.423229,10.819794,9.343858,6.9851623,8.524602,5.7918983,5.452462,4.9551272,4.1739283,78,female,train,059bf6ff3bd417db36460f17c7702789,259.608,,english,,,pitt
vons,CONTROL,-230.54558,49.619232,16.062145,11.002061,9.62865,4.737534,0.84072524,2.6322467,2.1360853,-0.17918627,-0.41741934,1.0071721,1.1787899,23.642416,18.153564,8.502458,9.757591,8.665298,6.742379,6.0291696,5.866956,5.346923,5.1002703,4.5866127,4.720617,4.36176,82,male,train,e39942982197b4a4c7bc064ec9342b91,284.256,,english,,17,wls
voxv,CONTROL,-324.44104,81.3355,33.072647,13.690398,4.68167,-0.41713083,-3.8460932,-4.800456,-4.885067,-2.9762127,-0.7631445,-0.7068242,-0.7748222,26.937216,13.148572,9.216858,10.884498,9.570919,6.9611244,5.4011116,5.7645407,5.4862123,4.331922,4.364275,3.4825072,3.1050444,78,male,train,6aae7e18bc70dc29a65c73a1b2d22992,105.912,,english,,,pitt
vpbc,MCI,-154.0714,55.003696,6.7909822,16.985977,-3.7298067,1.8456762,-15.12288,2.2318525,-16.120039,-3.459309,-3.7366245,-2.5092616,-1.8221382,31.588396,21.435472,17.971617,12.9079275,7.989214,10.369982,8.904406,10.0441065,6.1493177,6.5374513,5.9852605,6.4480104,5.741219,78,female,train,0e2f0f80a5d0dcfe187f863cb59eeec5,186.768,,english,,,vas
vplu,CONTROL,-231.67659,43.283436,20.11813,18.480566,4.975292,2.2023282,2.350112,0.69927996,4.2885804,-0.028802998,0.29167974,2.4286513,0.07380886,30.403133,24.799389,8.945311,10.414921,10.526872,7.737943,6.4142547,7.2164454,5.8879886,5.51797,4.7518415,4.7881513,4.427592,80,female,train,0957336e2f51b6cab90bd141d64366db,280.176,,english,,12,wls
vppw,ADRD,-176.98581,78.883385,13.5384445,17.305218,7.3838134,4.236211,0.695575,-0.87641776,-2.83596,-1.9926622,-0.5618688,0.29385224,0.32790422,42.88207,18.914387,11.262344,11.332099,9.221836,5.2300706,6.708411,5.946809,5.443785,4.783192,4.9209485,3.6873055,3.5824435,78,male,train,f58ba80ee22d884e5b987ae3e93fbee2,115.56,,english,,,pitt
vpxq,CONTROL,-154.69872,65.236725,7.128148,23.968443,-6.6325426,4.812405,-1.5950791,-3.8611245,-6.6544614,-1.2553507,-3.5173144,1.6889324,-1.7723922,31.26104,17.317362,18.854145,14.748496,10.684599,9.075878,10.147883,9.383613,7.8208637,6.5559797,6.0013404,5.4573116,4.8200345,72,female,train,2c98de68de9b57102a8553d0ef9edaa8,188.928,,english,,,vas
vqrb,ADRD,-186.48303,59.599915,1.550497,15.130365,5.9185877,-1.6074134,-0.52114594,0.45397857,-0.46302888,-0.9627071,-1.9656703,-1.9942547,-1.0599397,27.117924,11.847586,12.902731,11.380922,8.994486,7.299222,6.872895,6.760105,6.5383816,5.3289976,5.103489,4.718587,4.3131976,77,male,train,4d5d0e9b075fae1504d6187910c9c365,160.896,,english,,,lu
vquk,CONTROL,-253.32309,42.258743,5.551997,20.448164,5.3067155,-0.5033139,0.68466246,2.7158015,3.1109586,1.2406512,2.25788,2.310643,0.058789335,37.705826,22.499596,12.008041,13.527594,11.252577,9.329112,6.5425715,7.5219073,5.4989676,5.385422,5.100365,4.5802736,5.1293163,82,male,train,e37addecc7a3e1b1eab9329c072947e0,272.472,,english,,16,wls
vrsk,MCI,-139.67024,49.761032,5.525338,12.073547,-1.933894,0.8377029,-3.0968018,-4.1930265,-0.7769164,-0.74852777,-4.760683,0.047817588,1.4241967,37.661194,28.101133,17.167107,15.213657,9.547187,8.147079,8.208211,7.6272416,6.5143523,5.8576083,4.9680843,4.523199,4.471963,76,female,train,f5a4fee120314cc997ca35c3cef24cfb,221.64,,english,,,vas
vsfq,MCI,-318.6138,62.271603,14.460288,9.533756,3.484278,-1.2601855,0.024697082,-0.6044601,1.7705796,-0.12789372,-1.759047,0.44639042,-0.6108463,31.60261,20.76455,17.182404,15.780326,11.270214,10.836115,10.044878,8.428701,8.084373,6.0060883,5.5042405,5.632702,5.0979986,73,female,train,33d7e2c247b36b97f3e0413213ac9444,207.84,,english,,,pitt
vsfs,ADRD,-298.76974,34.888546,21.326143,5.3882837,3.6383953,2.5081196,-1.8728687,2.787302,0.6534262,0.6107514,-1.9521399,0.41181988,-1.0093478,21.622292,32.480305,13.654973,14.36496,10.102871,7.7126937,7.9826245,7.023013,6.621944,4.671449,4.3481746,4.4353065,3.537931,62,female,train,90645ddbc75407be91af73d573521767,279.672,,english,,,pitt
vsid,CONTROL,-236.34772,60.982655,3.9343777,7.0825105,5.2340817,-2.0951018,-1.7787368,2.076943,2.6957932,-2.4907794,-0.35401583,0.9554467,1.1759295,32.05129,22.042929,12.843939,12.387952,9.392853,9.462498,7.7026043,6.4074936,6.7138615,5.6571703,4.9587946,4.3733964,4.7610555,80,female,train,324ec485cac8c7aefd0200d0eef9be56,262.752,,english,,13,wls
vskk,ADRD,-233.35243,60.795597,12.733633,11.545726,-2.235875,1.7881083,2.8008091,1.2120934,-0.9132967,1.5780095,-1.8539671,1.5274694,-1.2328047,44.150314,17.609245,15.399705,15.3816185,9.702041,7.224813,5.8153234,6.307358,5.677401,4.7988644,5.0655303,4.195491,3.9221828,76,female,train,93e121bcbc036ad95c1563a7dff1b359,279.768,,spanish,,,ivanova
vtqk,ADRD,-252.61646,50.102745,8.032016,7.7877526,7.838008,1.8562359,-5.5739036,2.0216331,1.232868,2.2040858,0.35825658,0.16462103,1.4544908,35.570114,34.045048,15.081573,14.726437,9.338987,8.446463,8.774451,7.7291584,6.303038,5.6043444,4.8499103,4.524439,4.087334,82,male,train,484ac5986156c2a45fd1d331126570cd,236.472,,english,,15,wls
vtqu,CONTROL,-192.80353,49.1575,21.95697,17.404427,1.2687829,-2.1194913,-0.78407896,1.9220214,0.073454015,-0.67183167,-1.9668549,-0.7710943,0.06512495,42.49975,24.43446,13.8038025,12.545473,10.754084,9.512946,6.64379,6.739478,7.404756,5.2425523,4.9129534,5.4000535,4.466961,80,female,train,861c78be54df37075112c921fef4eedc,83.496,,english,,12,wls
vtuo,MCI,-195.23778,68.715355,6.8395405,18.849205,1.0224819,-1.4840158,-2.738642,-6.6002383,-3.7431648,-1.5865021,-0.30970848,-2.030529,-2.0552979,33.153343,20.834997,13.071759,17.308899,11.760751,9.847972,9.65428,7.901198,6.0002475,7.084516,5.5287223,4.681302,4.36146,67,male,train,026d930ac13aa289d5d731afba2d6f4a,255.216,,english,,,pitt
vuga,ADRD,-292.165,38.5847,20.067663,16.378363,2.9835198,0.25534335,-4.9366074,-1.9611862,-0.7832345,-2.0543551,-3.3364701,-2.33263,-0.9412832,28.108522,31.996595,15.426653,13.911853,11.132916,9.016007,8.006295,6.6758194,6.6454854,6.1185594,4.9842253,4.6928673,4.904811,87,female,train,c893f74d6cb20cf77461db55771b460c,272.136,,english,,,pitt
vuls,CONTROL,-159.47346,63.86555,16.978264,10.297724,-0.8236271,-5.2461433,-3.7725122,-2.7881072,0.056866687,-1.9495153,-1.905026,-2.4337225,0.81671226,34.227367,19.683647,11.961613,13.413846,7.839216,8.771187,7.3093457,6.2824926,6.769051,4.5306606,4.029878,4.587801,4.1109815,79,female,train,d7afb4d9447592038ce72c5afd3aa082,303.408,,spanish,,8,ivanova
vvaa,CONTROL,-192.0068,48.086407,10.127545,14.257541,-3.1820862,-0.5644773,4.9568305,1.5521972,2.4844508,4.0255275,-1.6146612,0.052692857,0.7531521,29.515839,24.819633,12.796435,12.74377,8.97742,8.185042,6.0243907,5.4669166,5.778953,4.617879,4.2614293,3.898804,3.4318986,67,female,train,ca0c3ec1622453d9bacfec4add958b05,317.28,,spanish,,17,ivanova
vvmi,MCI,-181.70738,86.60791,-4.2601295,3.012531,4.8502626,-6.257342,-2.3371427,4.7503505,-0.20824544,-2.2226872,-3.8539658,-1.8236653,1.515463,41.210995,21.951551,22.694197,19.310274,10.822435,11.833573,10.507431,7.542125,8.696736,7.4610567,5.470652,5.2932587,4.2243085,74,female,train,37f55284ef9c0cb0efa354519ec6cfdf,229.896,white,english,left,college,delaware
vvnm,MCI,-375.5731,54.092796,9.538379,16.561525,2.6967335,-2.4440944,-0.47425684,-3.57469,1.7859066,-1.7740519,-0.94922996,-2.7246852,-0.8776928,35.40469,15.890651,13.5222435,12.761056,8.204512,8.192579,6.064717,5.80779,6.306198,5.6222982,4.9309196,4.3245726,3.9926813,88,female,train,661042195d79331edff43a9d39211e0c,170.256,,spanish,,6,ivanova
vvpc,ADRD,-246.07545,61.428326,10.351732,15.964236,0.25484592,-0.6656004,1.4205796,-0.015411656,1.1744987,2.3651383,-1.1890534,-2.9185805,0.8828224,37.46281,24.786724,14.797737,12.442312,7.449776,7.6172514,5.8522415,6.2421727,6.080146,4.4448786,4.5322113,5.296077,3.761046,66,female,train,ae326cc3ac32e874c10accd228dc50f2,268.728,,spanish,,,ivanova
vwbv,ADRD,-362.45596,36.086235,11.880741,7.885717,0.83205914,-2.7559988,-0.94900316,-0.92333335,-2.4523926,-1.1808085,0.25013715,0.11296452,-0.11782235,25.252169,17.361744,11.934575,15.201485,9.090354,9.802108,7.4989166,7.2745943,7.268101,5.75831,5.4957094,5.0308857,4.2305055,77,female,train,17ef4ebf874503097be93ec8658fec68,255.624,,english,,,pitt
vwhr,MCI,-140.952,53.75929,3.7540822,22.599237,-5.4936247,12.990598,-11.785549,1.7623112,-12.387835,0.8447565,-1.5076605,1.7113411,1.218271,34.307587,23.37901,14.300397,13.45451,9.567175,8.351503,9.405654,8.790043,6.2572646,5.935032,5.5619435,4.7279963,4.670334,73,male,train,63d4b46c6c0c004e018bb7e4f5a58f3c,181.752,,english,,,vas
vwhu,ADRD,-203.17508,46.291553,9.448321,11.27554,0.49528173,1.965576,0.3268408,-2.5840898,1.6977971,1.8649727,-0.029115412,2.1560926,2.827034,33.839394,16.622093,8.497139,11.576223,11.694431,6.843665,6.7761936,7.466796,6.014252,5.499741,5.2833,4.8839717,3.9543693,79,male,train,b4d7117eaf57a0ef99e70de4f4a9d917,225.024,,english,,19,wls
vxab,CONTROL,-237.46199,55.062866,6.8200135,8.781382,2.7085762,2.5236716,3.571432,0.3007007,0.9491444,1.932267,0.2903052,1.321483,0.67700386,47.491505,23.332554,14.480443,13.359399,9.850039,7.5709925,7.7451797,6.738748,7.2600493,5.310297,4.5852656,4.308501,4.486999,81,female,train,8db1148bb2d1074dd4507d3e73ad1ecd,268.992,,english,,12,wls
vxnl,MCI,-273.02606,43.139973,15.401673,11.606602,-5.571765,-6.4355693,-10.742954,-0.44620788,-5.7069707,0.041885376,1.1514153,-0.11658796,1.4484097,31.754019,35.09121,16.951591,16.75979,10.412177,11.777956,8.626093,7.2040987,6.6757464,5.6600666,5.4289594,5.525443,4.4141836,76,female,train,7bb9a427d649fd8a5c5061e2b4a3cc5e,234.696,,english,,,pitt
vxnr,CONTROL,-322.22607,72.738396,14.540367,9.973849,4.1813226,0.4906152,-6.5717373,-3.6337116,-3.8711257,-1.0764527,-0.35552543,0.26487836,1.0525086,29.437487,28.637754,16.165554,15.808173,9.020234,9.108797,7.789006,6.730046,6.3800473,5.2477603,4.7438827,4.25344,3.782665,72,female,train,f1f5758fd8a6ffb03bd7c91e16e6ffd4,201.408,,english,,,pitt
vxpx,ADRD,-228.81577,48.830845,14.06098,10.792113,9.951701,6.599111,3.005744,4.6604085,3.9826005,1.5409029,1.0757549,3.6208308,2.376546,30.664488,19.029518,10.240628,9.451481,7.4937716,7.0930886,6.076443,6.245271,5.279601,4.3729196,4.1155744,4.019944,3.655225,81,male,train,003580c36e1325e1b6e084651c69474e,286.704,,english,,12,wls
vxql,CONTROL,-305.57724,56.919353,3.2645762,-1.5614377,-9.318906,-2.8224752,-0.30637607,-0.34045523,-1.2981695,-0.4278678,0.27851358,-0.85215324,-1.8531716,32.03331,19.994091,19.98293,20.628569,13.248623,11.940916,10.261709,7.0069633,7.030853,6.3490577,5.6476045,4.9577312,4.9518805,54,female,train,d7bf5f5e02c20501db55060f9f16a1fc,188.592,,english,,,pitt
vyoe,CONTROL,-165.70589,65.36323,11.939989,20.204567,-4.0203357,5.913344,-6.7335043,-2.4435308,-9.387265,-2.5562668,-2.8431032,3.914736,0.8518811,28.937073,20.616991,15.064961,13.996771,9.479625,10.667743,9.554885,8.727552,6.2321086,6.4307446,5.4485884,4.7680535,4.0915823,70,male,train,21688ef53864b59a636aeb2d53ca9111,186.216,,english,,,vas
vyoy,ADRD,-140.972,48.34417,-13.261908,29.902021,-16.278837,-7.669956,-5.3645926,1.5060936,-9.48681,5.0408163,-2.8753157,-1.9189522,1.2745004,39.358253,23.800137,19.550879,19.43671,12.904499,12.985242,8.961876,9.389311,7.493824,6.6343126,6.128345,5.9299593,5.8273625,81,female,train,995421deab30e6a7c2cbff4cf6835a09,194.064,,english,,,vas
vzig,CONTROL,-216.80243,78.894295,1.5882466,8.233748,-0.42809507,-7.3421946,-6.451435,-6.223925,-3.8883026,-1.2356048,-1.228496,1.0834241,1.5870961,39.322536,22.247126,17.65716,13.980667,8.971812,9.825115,8.960984,7.1357317,6.2965117,5.7285748,5.26931,4.5818834,4.246565,70,female,train,5bf4a597657cf169b72bd421cc8933de,247.272,,english,,,pitt
waco,ADRD,-206.04926,41.566284,13.821733,13.068192,-3.6751103,-2.3527095,0.5961615,-1.0590634,0.13129294,0.9834362,-0.2984692,-0.11227286,-0.8121549,41.551865,23.023874,14.3403015,14.006405,10.204077,9.653215,7.7230825,6.8928747,6.4915643,5.2339063,4.8154173,4.697213,4.2671137,81,female,train,b3c02efd835ca6ee00328bd3bc19739b,206.256,,english,,12,wls
wbtx,ADRD,-259.33664,52.601814,12.219696,10.838614,-0.63468313,-1.5905967,-0.7210238,-2.9493968,1.4036443,-0.46251258,-2.9072196,1.1438005,0.47561163,34.897827,24.004515,14.887404,13.539978,9.960375,7.7650704,7.0774765,6.8312845,5.802404,4.695268,4.403545,3.7980132,3.5825894,73,female,train,afe190e6c99b918d5999238d2edf0ddf,265.824,,english,,12,wls
wbxm,CONTROL,-230.57372,56.06883,12.538594,10.62449,8.460445,2.0866773,-0.90253663,-3.2700667,-1.3983586,1.3947883,1.7524076,-6.4618516,-1.0247282,30.768465,20.418104,13.168181,13.399372,7.5574493,7.228954,5.937424,6.11402,5.9702992,5.70465,5.06851,4.806936,4.4750586,80,female,train,97489e4890a0af31abd2baa2f977a874,255.552,,spanish,,8,ivanova
wbzl,ADRD,-355.53967,40.631756,17.731487,8.504935,0.9887807,2.7521195,-1.7508632,1.3429425,-1.3151628,0.5479939,-2.096598,0.114720926,-1.402529,25.709898,24.256317,12.93419,11.834779,9.351654,8.496359,7.559398,6.5139723,6.670664,5.3720655,4.9816046,4.4877586,4.1160917,60,female,train,42252109d8c7d32bcd1d03bdefc3d2be,191.616,,english,,,pitt
wcad,CONTROL,-210.37271,57.6324,16.04155,12.519258,9.617749,2.2348547,-3.3686492,-0.5765394,1.4004894,0.73652405,-0.38462147,0.25647193,1.2748306,26.80433,24.09463,10.099452,12.544815,7.34341,6.898021,7.272005,6.221209,5.1048317,5.6819754,4.5574536,4.1787057,4.0284104,80,female,train,d07b26279fee35f1742198ce58a3cfa7,282.576,,english,,18,wls
wctw,CONTROL,-238.6805,45.667778,21.014738,15.665628,9.133636,6.6397157,2.6917422,4.002235,0.7328121,1.8835859,2.3968756,1.8348273,0.98794043,23.538898,19.399082,8.227441,9.591813,7.514615,6.74659,5.726667,5.446694,6.134712,5.3478637,4.9422073,4.4052525,4.2377253,81,male,train,91467f35a16466c73c5ef809ae1f24c7,197.04,,english,,12,wls
wdqp,ADRD,-302.84344,43.328136,13.689878,8.133307,4.4322834,3.285918,3.4874706,4.8459854,3.327619,2.5037992,0.916372,1.6990784,1.2218461,37.68168,19.241909,12.509624,12.67896,7.6997337,7.925787,7.4984703,5.402453,5.3430886,4.66871,4.7335787,4.5099874,4.1280317,81,female,train,6006b5e29aaed0f7ad8357e0442a9c55,148.032,,english,,17,wls
wduh,ADRD,-175.54254,56.000576,15.7747135,-0.34931004,6.5853515,4.496675,-5.539981,-0.41386914,-2.357226,1.3999603,-0.4559291,-5.0857654,0.029594349,36.21021,16.78028,11.195751,11.239879,9.035706,6.209971,7.017786,4.981149,5.3480535,5.3220844,5.2428617,4.1981997,3.3693705,79,male,train,445e11acd4dc8fbe1cfb3f09c621918b,297.888,,spanish,,8,ivanova
wdzu,ADRD,-253.49559,54.56114,17.74478,12.941169,5.574292,3.368754,2.8538666,1.8774318,1.4047173,2.6093314,0.7554714,3.8584626,3.602849,27.946821,19.927244,9.035164,10.699998,6.5379543,6.7465816,6.934706,5.830118,5.8685155,4.5859942,4.6402082,3.8765342,3.3991494,81,female,train,83c27aea095c4665e733d03755612832,183.48,,english,,16,wls
webr,CONTROL,-182.81389,59.15523,9.602444,14.581192,1.8060015,-4.9630704,-1.2312709,-0.6367389,-0.5371542,0.7735899,1.5862921,1.203117,2.053555,36.35331,20.656967,13.038785,13.808548,12.089375,8.73025,7.016973,6.4922905,5.8316813,5.8706474,4.8228016,4.181773,4.528862,81,male,train,72d6a366d641d711e98cb1efd729b38e,168.912,,english,,16,wls
wffd,CONTROL,-164.245,64.69549,12.590918,6.9313483,0.36524943,-1.1625322,0.023735734,-2.197917,0.8950986,-1.7513229,-3.4394245,1.1509814,3.006332,33.06403,22.436369,15.530244,14.241911,9.078067,7.8775454,6.7952366,6.3715544,6.7897596,4.8251586,4.9428873,4.34351,4.4267507,71,female,train,dbb57a70e8a2b0c6ac26724281d5c52d,301.728,,spanish,,17,ivanova
wfgv,CONTROL,-208.44359,43.387688,12.882902,18.38117,9.739431,-2.2572646,-0.8857058,-0.78005534,1.5816759,-0.08609203,0.9448638,2.9220037,0.16997674,31.436457,22.436966,10.82519,12.830974,8.893577,9.737421,7.1310554,6.175738,5.765316,5.0832458,4.7961063,4.311827,3.9430585,81,female,train,6dba7d70854753309ca152fda770795b,294.672,,english,,12,wls
wfnl,ADRD,-322.224,58.727966,21.583803,11.723089,8.553776,2.0633228,-7.6063495,-6.6187916,-1.7305031,-2.6547918,-0.832078,-0.86130166,-0.2472794,21.416971,12.571558,9.586621,10.5955515,9.323753,6.993709,7.810564,7.391941,5.2408886,5.687243,4.874955,4.447813,3.6611426,81,male,train,42d02adee1c02995e588794ec5dc858d,145.488,,english,,15,wls
wfpc,MCI,-105.73587,59.72282,3.7320368,22.78443,-5.5348706,-8.23073,-7.8673906,-3.245187,1.3097131,0.8383072,-4.5271044,0.2859832,0.3613567,43.047413,14.366569,13.864504,12.995335,9.629331,8.059258,5.7884874,7.384508,6.5557156,5.744104,4.9024744,4.24588,4.2865705,90,female,train,194fb4689f23eae58d8379bcb2c274d4,294.144,,spanish,,8,ivanova
wgcx,ADRD,-246.75005,56.068127,6.003675,7.0360937,-1.6239432,-3.8919847,-11.853839,-7.1312037,-4.2593083,-2.6160295,2.2180738,2.2834308,0.3567585,28.575026,26.801805,16.75664,20.025032,13.447784,11.673488,9.930025,9.30008,6.9563284,8.088867,6.4217696,5.2405405,4.278243,57,male,train,b47630ccc8ee05814ebb149f268b00e2,274.416,,english,,,pitt
wiid,MCI,-150.49155,53.356785,-1.0482482,24.753601,-4.7231526,2.8440607,-1.8210455,1.3039287,-4.110848,-5.0891924,2.178847,0.30127752,2.5085018,44.107777,32.744293,20.309574,19.056028,14.255417,10.633332,9.151386,7.094534,6.7254686,5.438339,4.7059236,4.7531147,4.9985495,78,female,train,f235ba014abcba50ce162effa11ce022,259.56,white,english,right,bachelor,delaware
wius,ADRD,-207.16835,35.464172,16.40394,15.351555,12.731841,2.1294367,6.090676,0.71125644,3.4955096,-0.9042127,-1.2173085,0.8177713,2.478651,29.717064,19.589811,12.8763485,11.415797,8.149107,7.22501,6.9105873,6.3078804,6.1354847,4.9187617,4.7199016,4.125101,3.8704438,92,female,train,b3a4bd0de48c61655103de8083ec1f50,291.024,,spanish,,17,ivanova
wivu,ADRD,-299.28558,36.143147,5.530918,5.401409,-2.4884586,-0.17652836,-4.631943,-1.1669776,-0.6461678,-0.5452323,-3.4741306,-2.4346447,-0.741301,25.102081,23.297546,14.348232,12.421869,8.845535,9.704078,8.6578865,7.4121423,7.4007072,6.6472054,5.5585623,5.353728,5.1772175,78,female,train,8b9e8b2eb3af02915934464123f92f73,143.184,,english,,,pitt
wkaf,ADRD,-309.25162,39.024967,3.8830595,12.245459,4.4076195,0.42793143,-3.18558,-2.349205,-1.0964527,0.124869324,-0.9915037,-0.8859522,0.5610282,22.98708,25.016754,14.8017845,15.172959,12.112831,10.04232,9.631709,7.76051,7.3759522,6.357546,6.2370515,5.332547,4.4518747,66,male,train,f796459b06a71c8951e2d642b0eb3a6c,280.08,,english,,,pitt
wkqd,ADRD,-251.54826,48.39898,19.80663,11.902116,5.424259,0.51902205,-0.55072945,-0.18991277,2.1186728,2.5502913,0.16180745,0.9106867,1.4764738,31.139318,24.827602,12.6457405,12.159996,7.938327,9.68174,6.916485,6.467722,6.1193485,5.16006,4.222953,4.929699,3.8792088,81,female,train,c8933021169f00ecc09284b6cf847fce,191.472,,english,,14,wls
wmby,CONTROL,-286.603,74.32526,19.822758,5.281611,1.3104359,-4.511635,-4.7179556,-2.2045014,-0.25191796,0.9816447,1.9193045,2.018869,-0.28740948,33.200317,15.324878,16.166918,13.587627,7.227933,9.102279,6.4146695,6.4454713,6.0470085,4.8635664,4.5439034,4.414771,3.6084032,67,female,train,3ccb84d2bdde12a6c22fa1a7a7b47ae5,210.816,,english,,,pitt
wmqi,MCI,-153.69838,53.281914,2.878402,17.817822,10.520431,-0.42201495,-6.378538,-1.5303942,0.03488308,-3.4229376,-2.5362797,3.2339258,-3.0578074,39.02701,33.03023,16.212551,14.226188,13.272215,10.18439,8.42977,8.551863,6.76909,6.8228946,5.250427,5.0262218,4.291932,83,male,train,cde09df158cfbfda2a9e56dc532e4535,245.832,white,english,right,doctorate,delaware
wmrn,ADRD,-219.65646,49.581993,13.073286,10.763157,5.3312125,-0.20149772,-1.6564982,1.9379834,1.7000335,-0.8344564,-1.0868669,0.76575947,1.0856001,31.002783,18.571163,11.892735,11.212733,8.513742,8.282487,7.279776,5.5309134,5.88989,4.5138087,4.213174,4.3337965,3.693593,81,male,train,5260b0933dd0da3ab9d3f79f59ffb30e,203.76,,english,,12,wls
wmsn,CONTROL,-202.84875,61.722557,12.086391,13.338271,-4.206213,6.4468274,2.9179432,-7.602336,-2.92058,-4.889534,-2.0405765,-0.5864469,1.5159347,32.64229,23.289537,10.158306,13.560894,9.820223,6.5992484,6.8944063,6.1444387,5.2490816,5.475261,4.7996945,3.969138,3.8285775,80,male,train,3afcd702ad052b0e06117feebcb5b108,287.52,,spanish,,6,ivanova
woim,CONTROL,-182.40643,60.166893,7.2118616,14.159277,2.6947856,5.146292,-5.6140604,-2.5851617,4.4824066,-3.7641158,-2.079742,-1.3444391,-1.0918583,32.98359,25.380121,13.768834,13.451682,10.986199,8.117085,8.353109,5.9397626,6.639373,4.92359,4.999063,4.677058,4.060415,81,male,train,b240444aace2b7ce046d80b2778d0dcf,291.504,,english,,12,wls
wolg,ADRD,-175.63756,53.766273,12.302695,25.703299,4.023923,2.543474,3.8451648,-4.0727944,2.4953585,-0.59848714,1.4848523,1.4780701,0.62724847,38.870296,24.888712,14.429853,13.412657,9.273719,8.092222,6.4808536,6.037595,5.4113755,5.4295883,4.211228,4.622766,3.957,72,male,train,be609c673d5612e04c8e0c98642a68e8,289.608,,spanish,,8,ivanova
woml,ADRD,-263.8988,52.999794,18.109623,12.579622,3.4305322,0.68303657,-8.108853,-0.21949759,-4.2077017,-1.8179783,-0.60439473,-1.4167582,-1.4798968,37.53124,27.889343,17.700472,15.8216305,13.397633,9.276612,9.699118,7.590734,7.636527,6.9263787,6.4883018,5.3779154,4.9353685,60,male,train,09321c259ae0adaedec57cafea22a865,261.864,,english,,,pitt
woys,CONTROL,-282.92444,43.684246,13.737453,7.1230187,-2.8782299,1.8230196,-5.9050756,0.20380935,-1.8661289,4.0632954,0.2651842,-0.8111941,0.7373862,32.849243,32.137764,16.114582,18.809664,12.123773,10.169861,10.190554,8.236232,7.137441,6.5577292,4.983353,4.8060527,4.8171234,48,female,train,67c929782d06e2aea078052d8f954232,137.784,,english,,,pitt
wpeb,ADRD,-269.21115,53.13651,18.519077,15.112211,7.071633,1.7922132,-0.11192297,1.9136727,0.95805043,1.9269363,-1.4252526,-2.011263,-0.26050955,25.581474,23.72083,11.487447,11.046653,8.53774,8.181392,6.4830985,6.641725,5.7360344,5.8379107,4.625868,4.1288385,4.056785,80,male,train,6bfa96c4b5b31a8e2c0506369ce8f0be,268.944,,english,,18,wls
wpkh,MCI,-158.92778,65.98857,16.796057,6.69784,5.391817,-1.500084,-6.0048423,0.8758927,-2.7020657,-2.1849322,-2.1438498,-2.2366166,3.2027242,35.155834,24.260996,12.243799,14.344908,9.756931,8.507121,7.3440094,5.967942,5.8634734,5.4639335,4.772045,4.5896354,4.520666,86,female,train,e426bf9df7713ea576e8a2c77caf6c1c,297.504,,spanish,,8,ivanova
wpma,CONTROL,-224.86969,65.88319,12.310485,5.6379685,0.8249672,0.3650427,-6.497587,-6.213868,-1.1393354,-0.7608391,1.1475974,1.7264549,1.9847984,40.089596,16.684786,11.38334,10.157308,9.584028,8.801873,7.9484396,6.5974226,4.65503,5.321989,4.9571333,3.7716925,3.129704,78,female,train,1a9d17a6e20744bd9bb5b2cbf01b1bc9,226.632,,english,,13,wls
wpmt,CONTROL,-214.24222,53.47384,15.362592,13.251305,9.638295,5.262594,0.43237582,4.0257454,3.798835,-0.16667727,-0.5875298,0.45076036,0.54626787,27.148952,20.6666,11.394178,11.969401,8.499594,8.010931,7.419768,6.2340226,5.8387256,4.925609,4.7297893,3.990714,4.003806,82,male,train,5da023b079bbd97731638dd8e70ccb33,223.464,,english,,12,wls
wptj,MCI,-164.32518,50.900265,4.364439,17.870134,10.172278,2.3745015,-2.6492438,-9.922039,-6.7237153,-5.3538737,-4.5288506,-3.5987043,-4.4701114,39.24792,33.9111,14.212276,13.747917,10.1671295,7.4438844,7.1288133,6.824375,5.685572,5.765257,4.520375,3.857181,3.821551,87,male,train,bcde8eddd9bdac90b93bdecace8fa80a,249.72,white,english,right,bachelor,delaware
wqfo,ADRD,-183.20685,45.971294,13.090749,4.573297,1.7262176,-1.3011676,-2.6864095,-2.9234219,-3.7128527,0.82453746,-2.4918947,-1.166778,0.6583632,37.040375,20.821804,16.512821,16.367043,8.97386,9.357601,7.2271633,6.08276,6.0552516,5.345234,4.924224,4.181756,3.772172,70,female,train,bd4d36b1e112a866b6efb0260671b73b,296.544,,spanish,,8,ivanova
wraw,CONTROL,-244.56796,69.6255,-5.6180058,11.719847,2.7428098,1.2256932,-7.1672945,-3.8723097,2.917155,0.86935127,-1.8436583,0.4269885,0.2878037,32.724163,20.473475,18.447119,19.012732,13.610895,9.117359,10.438333,7.972002,7.5394225,7.9106107,5.800758,5.4176016,5.5598125,67,male,train,44f641597e7d58c9124530202ec92cf2,225.072,,english,,,pitt
wrih,ADRD,-126.303444,45.666187,-10.775124,26.189182,-10.67571,3.7696443,-12.261075,3.0914555,-9.017856,2.9919116,-4.063815,4.675999,-3.2189448,29.357672,17.722424,11.597354,11.777849,7.445389,9.625347,7.3934665,6.0142426,5.6866145,6.0396814,4.7746058,4.398758,3.5679934,82,male,train,b513a69d279baff50560903f18a76cbc,182.328,,english,,,vas
wrqx,CONTROL,-259.24954,54.535114,21.225056,17.864647,8.33706,5.360307,-1.0857534,-1.9977895,-1.3504906,-2.7369142,-1.3554956,0.44869083,-1.3189296,28.429052,18.30465,9.584092,10.342272,7.7340345,6.501246,6.067127,6.474724,5.7119775,4.7032495,5.0601497,4.587209,3.8605576,81,female,train,68ef6cb07caa58ff7f2cd6451eed1c4e,264.312,,english,,16,wls
wrtf,ADRD,-190.37598,66.29946,15.002639,19.809927,7.046509,-3.61053,-3.8858786,-2.7044685,-4.19957,-1.9451106,-0.258569,-2.5440392,0.6590387,27.45108,18.626326,11.591103,13.266991,7.6621256,8.888696,6.79674,5.501504,6.880917,4.959111,4.7409377,4.4172435,3.6508787,80,female,train,25ceb3c1930a48aba2f7b999e6324659,289.056,,spanish,,6,ivanova
wrvf,MCI,-146.88023,33.928722,12.918072,-0.5897138,-9.8253565,-6.325596,-9.142251,-2.6959326,-4.655093,0.06827896,-6.0055723,0.47067222,-1.0277599,28.432274,28.4184,18.252348,14.345114,9.003519,7.897369,5.976546,6.051634,6.214554,4.6878343,4.7701616,4.2787232,4.3319225,82,female,train,e0a2f1f95e9c9f64a7ed677b21072e11,282.864,,spanish,,8,ivanova
wsai,ADRD,-241.9822,54.16254,13.21026,15.188073,9.465201,0.7988159,-2.2616935,0.57038516,0.8338069,1.0981568,0.95602584,0.6256478,0.7246944,36.55638,20.650806,9.7825985,11.307936,8.552841,8.555511,6.3194847,6.5504017,5.1517577,4.897063,4.4059987,4.8836575,4.038609,80,female,train,78fa77bad9d0953e817527972a688655,267.216,,english,,17,wls
wswe,ADRD,-256.77075,60.233887,14.817705,9.279723,5.962459,2.5749452,-0.42575413,-3.0870728,-1.9196137,0.5317967,1.23851,0.7253008,1.4158074,30.001804,17.36426,12.810157,11.188199,7.9567056,6.5068808,6.375761,6.8141384,5.1663833,5.7268305,4.0505595,4.003809,3.4064634,83,male,train,51e41ffc0f12d2145c0e3c241ea0e465,270.672,,english,,20,wls
wsxm,MCI,-276.04245,72.60367,17.5773,3.7030656,2.2878134,-1.8072144,-5.6599336,-3.0815275,-1.3845739,-0.15381515,4.0323024,2.9600415,0.01150861,31.20489,32.56174,13.393809,18.586763,10.402593,8.480265,8.787406,7.1576977,5.959094,6.5003858,4.776105,5.0282125,4.4697065,69,male,train,673e75e2f6a14fb9cc60095f58823264,152.472,,english,,,pitt
wtup,CONTROL,-192.79993,61.363342,6.406179,5.2345276,0.072719984,-0.6580732,-1.1938995,-4.5829105,-1.8170354,-0.12296445,-3.2313082,-2.4950743,-0.33920318,31.911097,16.083176,16.326328,14.446814,7.137528,7.4731297,5.5686927,5.937624,6.159139,4.572231,4.3596454,4.037068,3.8124518,58,female,train,ef5451926dac4e9d1240558a94a03ae2,278.904,,spanish,,8,ivanova
wtwd,MCI,-168.42572,48.876785,10.210696,8.881022,4.2257195,-1.2702053,-5.8892426,-3.5806177,-1.3594798,-2.5059295,1.5851811,-4.7106504,-0.62333214,47.88171,39.712658,19.028296,13.974798,10.480406,11.497555,10.527872,7.368817,7.029261,5.665166,5.5915217,5.066988,4.1372805,81,female,train,31a87f01f6f8c87b087e83c55138ba20,245.424,white,english,right,bachelor,delaware
wuoy,CONTROL,-179.08041,56.11199,10.250955,6.122633,-3.4764264,-7.8315196,-5.2009034,-5.1003766,-3.0918064,0.5053844,-3.1593435,-2.2154355,1.0840957,27.596706,21.444756,12.439202,11.998374,7.508281,7.383439,6.174696,5.846085,5.312523,4.8082333,4.292119,4.028832,3.534166,54,female,train,a703171d121e3e72aaddce88aed42a98,262.272,,spanish,,17,ivanova
wuqy,MCI,-319.35645,57.874157,15.923717,12.485051,2.1883552,-3.9211333,-6.256386,-3.359701,4.237226,0.8992643,-0.23845686,0.38105989,0.46545973,38.248936,12.651481,11.345843,11.465417,7.0695596,9.057609,6.1707087,6.202881,6.583375,5.267104,4.446041,4.1567674,3.726342,92,female,train,23ff02257f7461e74867449359722ac3,191.016,,spanish,,8,ivanova
wuxr,CONTROL,-209.26003,62.230915,21.38132,15.825164,8.055344,2.2784219,-2.5995908,-2.2370794,0.21839136,-0.8084015,-1.031579,0.7897713,1.4432487,24.975449,17.820044,9.224485,11.883576,9.027129,6.6058207,6.422899,6.178267,5.624556,4.375453,4.050421,3.7445362,3.5931191,81,female,train,fd31008097c571d03c78e463a5ba214a,206.592,,english,,12,wls
wvtx,CONTROL,-215.81616,54.58283,11.502146,7.4084563,4.753554,0.9174929,-2.1137671,2.8327837,3.8436432,1.6810818,0.7551233,1.0989012,1.1726024,36.649837,22.813145,10.966863,10.851587,7.9891677,7.7118783,7.6937594,5.698823,6.3984075,4.975766,4.250766,4.549035,4.142469,81,female,train,9354cdf902638e2435c6f1d73e5e38e6,283.824,,english,,17,wls
wvxl,CONTROL,-275.6913,52.831905,16.904673,12.159828,11.92904,2.972301,0.2114143,4.327698,4.596848,-0.3830933,-2.5883029,-0.83440435,-0.088094786,21.68327,21.996412,8.827219,10.676078,8.601814,6.1552505,5.6041293,6.187247,5.8263855,4.8053656,4.823551,4.6109734,4.606436,64,female,train,9fd0e59e42f0cc596f2de10f9bcf0616,266.136,,english,,16,wls
wvzs,ADRD,-278.71985,45.751602,8.635397,6.912228,0.032913648,-3.599741,-3.8575993,0.8589594,-0.60009533,1.5717382,0.6665886,-0.055734497,-0.5183342,27.478409,18.819946,13.8905735,12.069873,9.763604,9.049915,7.8277855,6.588095,6.62038,6.0245833,4.766077,4.114718,4.3032103,65,female,train,b068412426afc3177cf05d80fde4a270,266.04,,english,,,pitt
wwct,ADRD,-271.70126,56.55371,16.891947,13.154841,5.046005,3.696504,0.9578045,-3.2202704,-2.0114732,0.17328392,-0.9683594,-0.33317322,0.24474266,29.953362,28.06495,11.49986,13.319316,10.003159,8.199539,8.039013,7.9614296,6.7767134,5.9601073,5.800539,4.7845287,4.103861,81,female,train,ad0f98c84a27b692922613284754c893,189.672,,english,,12,wls
wwle,CONTROL,-186.51614,61.730534,11.226631,7.7595816,0.4798812,-2.5411513,-2.434162,-1.2356842,0.7443357,1.5048455,-2.577078,-0.8077346,0.8186808,24.460733,17.59368,11.186173,11.813862,7.208659,7.126545,5.8959236,5.8474107,6.0638547,4.705495,4.3939676,4.1050158,3.7306774,74,female,train,61980cb91dc016d5e050503b80a6905d,232.032,,spanish,,6,ivanova
wxgs,CONTROL,-243.36647,51.875336,6.705995,10.846026,3.3920836,4.257637,-3.504712,0.61140496,2.9625056,3.272168,1.4756328,-0.008333488,2.010075,36.958965,19.258413,13.647309,13.3410635,9.461581,8.964562,9.177435,6.7054667,6.0987463,5.83538,4.8907843,5.3563166,4.440327,74,female,train,b8f1b2d309a7c9ee2f5a428844c10395,264.0,,english,,12,wls
wyat,CONTROL,-203.17877,60.03674,14.629931,13.84717,5.041409,-8.898373,0.31468216,-2.6592495,-7.149235,1.9937278,1.957229,0.77527374,-1.0256642,31.883917,20.422407,11.40844,12.534818,7.8695197,6.870591,6.0212717,5.7264776,5.7681065,5.150803,5.0159855,3.8761365,3.5474803,81,male,train,c0833593006e36c8965b9193f829fffd,298.08,,spanish,,8,ivanova
wyub,CONTROL,-254.62994,53.403805,10.222312,12.032335,11.894101,4.8839817,-1.1406426,-0.17932615,2.6354342,-0.4330653,-1.2565812,3.1873105,-1.01112,41.171833,20.535622,12.041645,11.686712,8.753015,6.3447194,6.7529244,6.674065,5.4681535,5.896036,5.589033,4.790972,4.5616436,82,male,train,e6284694c969f58a60ef06cc6f93b513,270.0,,english,,14,wls
wziy,CONTROL,-346.19437,37.906124,15.374951,8.949627,-1.1356972,0.40734628,-1.6797601,-3.05306,-0.5670562,-1.11164,-0.9073556,-1.1957792,-1.9072131,24.876627,15.987121,12.762087,15.300742,11.385521,8.117428,7.4778595,6.6284447,6.715083,5.9879947,5.1063666,4.808162,4.6863194,55,female,train,6442cbbb816e15abca682699337578b9,273.84,,english,,,pitt
wzqz,MCI,-173.96008,67.13733,17.547955,2.184467,-5.557101,0.011720774,-2.6379325,-2.6749823,-0.21406813,0.24785772,0.6460461,-3.5891385,-0.4562731,34.31925,24.987534,12.173328,15.064213,8.548196,7.044987,5.100549,4.6643987,5.377591,5.129707,4.454227,4.0427175,3.2268667,66,female,train,0fd78c6e62825fdd0f33c599210eaba4,331.608,,spanish,,8,ivanova
wzri,CONTROL,-162.75706,58.339607,10.310567,6.859977,-2.8937776,-6.4914045,-1.0177513,-0.18187813,-6.4885163,-3.091056,-2.7198377,-5.8294683,-2.2845078,35.105766,23.704664,14.241608,14.131577,7.646731,7.608783,6.204084,5.8760815,5.8013916,5.002538,4.8352637,4.486968,4.1767855,75,female,train,16fe225051e48303afe4bd0f26ec63aa,296.736,,spanish,,,ivanova
wzuc,CONTROL,-217.0478,56.173244,8.148513,7.3061457,4.46557,4.7804723,1.1205071,2.4124613,4.053032,2.137438,2.1855278,3.4439476,0.11680379,26.055456,12.282821,10.976293,10.23524,7.6910033,6.366728,6.990456,7.233389,5.492909,5.9579554,5.375215,5.1818295,5.78001,80,male,train,d417866d2f9e4006c5de6374706f5259,278.064,,english,,12,wls
wzuy,ADRD,-316.52063,70.97393,9.851983,14.70673,5.301341,-3.1362717,-4.187841,-1.4518659,-2.3139133,0.9253933,0.97736055,-0.013912196,1.6227038,33.309895,22.203632,16.95438,17.301765,12.740838,9.918198,8.606084,6.6164384,6.2250085,6.1466475,5.130017,4.047091,4.325774,74,male,train,c61a66baca7a4880d7985b983932d3a4,190.104,,english,,,pitt
wzww,ADRD,-124.19985,42.019802,-13.378175,21.014784,-17.063326,-0.0701451,-16.17549,3.80895,-7.54298,0.24457005,-4.8093324,0.9333476,-0.8630068,27.830765,19.277355,16.73273,12.130971,10.231908,10.008234,7.4567666,6.6229615,7.3567677,6.0968537,6.0596137,5.8571377,5.319701,81,female,train,1cff2da81a7d0abdc9c00c60bc56f358,185.016,,english,,,vas
xafw,CONTROL,-303.74982,30.689974,18.309494,10.684645,-1.0382519,6.443374,-6.140762,-3.0899508,-3.769369,-3.098734,0.16366819,-0.12957072,0.6463569,23.194267,41.47144,12.668561,16.937063,11.058291,9.683302,10.077636,8.284496,8.081982,6.9880223,5.5760493,4.7057505,4.5266395,50,male,train,6b2f5395c77b997dd7b307f1ed55e41e,200.832,,english,,,pitt
xanx,CONTROL,-207.7696,48.952812,8.653781,11.518216,4.0120378,-1.873585,-0.19843477,0.2169822,3.4297996,0.7208671,-0.0060153073,1.891025,2.4546618,34.34968,27.587463,14.021607,12.223028,9.805388,8.6557255,7.169625,7.5549135,6.266981,5.559795,5.310936,5.0992365,4.8359413,81,female,train,775074ea87dfa4ca11dd9f64288b3646,221.808,,english,,12,wls
xapl,CONTROL,-221.97926,61.080273,10.8853655,9.876846,0.6987491,1.0274856,-2.4441562,-3.609706,-1.4038701,0.094862394,0.3602253,-1.3638159,1.8374387,26.625776,14.155905,13.474672,10.703123,10.62937,7.482558,7.328967,6.6215816,5.9070573,5.3512087,4.8092637,4.6296787,3.949351,79,female,train,df27d3de76e82f9d7e4f452cf0c4eeb2,272.904,,english,,12,wls
xarx,CONTROL,-150.5177,57.390312,4.858904,22.64989,-6.1577287,6.046834,-6.035192,-4.2229433,-10.93497,-1.3799621,-9.362758,2.495056,-0.883842,30.998573,23.461918,13.597384,14.172363,11.033191,9.873499,10.942704,9.524354,6.585631,6.840293,5.1355004,5.351793,5.2006083,72,male,train,4a7abf0fd6cdeaebb3abf1fed8bcaa84,186.456,,english,,,vas
xbca,MCI,-161.76001,54.47645,12.437555,5.2330623,4.9926643,-2.2175229,0.3598304,-1.1886517,-1.1073611,0.6290282,-4.9782104,-6.521458,-0.9622604,32.042217,19.597486,12.333299,16.400614,7.7060494,9.490998,7.009137,5.9312778,6.8127418,5.691037,4.788635,4.22464,4.8190465,67,female,train,0f4cf607e00e89110f114dcc9de6296a,302.976,,spanish,,8,ivanova
xbcd,CONTROL,-197.82286,83.79169,12.741317,8.872798,4.4287176,1.2442178,-3.1110098,-2.8823652,-1.2786067,-0.7348828,-1.5978246,-1.0066509,-0.9941542,41.94817,18.605915,18.382294,11.880966,8.412275,8.610709,7.370203,6.9805207,6.290521,5.0987225,4.4524064,4.3571076,3.7181766,78,female,train,c0cfa1e352c9cfc9d4eb7b93e2695f5c,256.344,,english,,,pitt
xbkl,CONTROL,-140.42621,61.68817,12.780403,16.451927,4.2656865,-0.5967597,0.5969383,-2.5070357,-0.10898296,1.3142253,0.0054788115,-1.0655435,4.1290917,34.42375,20.867887,15.407275,12.716616,7.383376,7.8065453,6.0105696,6.5533843,6.081992,4.6109014,4.191638,4.4524364,4.0350976,68,female,train,900ccbaa3f8577a4635c80ae514201b6,290.928,,spanish,,6,ivanova
xbop,CONTROL,-260.9337,49.248608,7.1658053,14.767117,5.199778,-2.025638,-2.01085,-3.8732386,-2.0773609,0.40122908,1.922392,1.6772842,1.2121619,30.968895,22.618979,13.970594,12.180042,9.060808,8.084564,7.662042,7.2280245,6.5082088,4.529008,4.7483683,4.016029,3.4182398,74,male,train,736ab1416fd76feb51dcbbe746513625,272.688,,english,,18,wls
xbyn,ADRD,-205.42232,67.92032,5.0904417,11.560047,-0.6560517,-8.760089,-3.5384119,0.21991222,-2.368912,2.0814855,0.109049626,-0.11007828,1.6962371,37.793964,29.193644,19.441593,19.45468,11.223133,13.004305,9.764365,7.3216233,8.141656,6.613531,5.069189,4.8501053,4.2407904,80,female,train,7f6acfb358127fb937f6763fb8f91526,283.128,,english,,,pitt
xcle,MCI,-180.40735,58.52786,21.70046,23.76912,-0.9443849,-2.5839655,2.7449448,-0.9034618,-2.8287525,0.25667304,-2.3798597,-0.05640316,-0.30271584,34.656155,20.10149,12.502343,13.668882,10.322703,8.306583,6.1866145,5.532595,6.2123895,4.737484,4.241454,4.1182504,3.6740623,90,female,train,ba711eb744c23bc4fc9d72595328d491,304.176,,spanish,,6,ivanova
xdff,ADRD,-299.25003,47.13345,12.395344,2.537091,-1.0871124,-1.8201351,-4.424704,0.8170382,1.4907628,0.6766292,0.75832844,1.7302439,0.41339785,24.844666,27.167595,16.017517,17.292624,12.637674,10.221117,9.440363,7.5863576,6.6596,5.625097,5.3227663,4.6746373,4.0634527,73,female,train,43c668515dfb799dc8c68b8c221813d4,268.536,,english,,,pitt
xdjx,ADRD,-262.897,80.232285,9.131071,1.4068158,0.54381084,-5.7994556,-2.9718666,-0.9349758,-1.1590166,1.5463797,0.45372492,-0.3278069,-1.7270119,37.170242,18.492456,21.126047,18.97629,10.849903,11.403199,9.495304,7.664928,6.549735,5.649377,5.448537,5.3316393,4.6210876,90,female,train,3b2382a66c0c026d35f60b86270f0b8b,165.432,,english,,,pitt
xdkf,CONTROL,-238.67908,47.90752,10.236968,16.67711,2.885406,-0.09460727,-3.2652333,1.8777605,3.7780569,-0.7911772,-0.5974076,-1.8326402,-1.2255619,28.876556,26.238384,12.971814,12.064621,9.518721,8.103501,7.26832,5.470134,5.583367,4.9315724,4.3664103,3.9359393,4.0615826,72,female,train,bd0ea14b8ad1e53e4d879b3e91dd6e58,271.032,,english,,12,wls
xdqh,CONTROL,-260.29553,46.380302,15.310642,11.198099,5.4712696,2.7104516,-1.2431846,-1.8926549,0.11057124,0.5635017,1.6381334,1.2139986,0.27500346,34.043503,20.20508,9.884396,9.942213,8.217851,6.663613,6.5111275,7.7107043,5.476487,5.011495,4.845705,3.9934845,3.8440335,81,male,train,2def6045325bcb761e687d5b707ee78d,274.464,,english,,18,wls
xebg,ADRD,-200.03589,65.48843,18.251368,17.954292,11.2929,11.690433,0.9210583,-1.2726369,2.7135897,1.6828943,3.3735359,1.485889,-1.2911689,32.15758,16.79324,9.868379,10.421746,7.9506307,7.548475,6.393818,6.8899,5.098247,5.1509023,5.003084,3.8987586,3.586509,69,male,train,918c31489f9591d9b091d700e1063284,279.264,,english,right,15,baycrest
xeql,ADRD,-310.0889,60.23309,22.991074,14.570282,10.378346,6.354437,-5.165473,4.0659547,-0.5634956,-4.6608076,0.8294896,-0.13830592,-0.589852,28.248756,29.603756,11.317342,14.763585,15.100305,9.095427,10.1746855,7.1594787,5.5945506,5.6075206,4.9743266,4.743106,3.6618316,79,male,train,41aaf289fb2a2b6075ea3d56e791ae02,123.6,,english,,,pitt
xexc,CONTROL,-283.14078,40.633125,21.428692,4.670884,3.5554483,1.5514395,-7.3881807,-3.4727893,-7.272456,-1.1435715,-1.1804518,-2.3808959,-0.33636132,32.443428,31.096193,12.359619,16.074791,12.445054,9.636987,10.419279,8.268485,8.691695,7.3083725,6.3070188,6.243372,4.9492016,73,male,train,0fa9cea4937cf699d4629bd614a57eac,211.176,,english,,,pitt
xfag,ADRD,-123.8227,48.56729,7.113021,18.498135,1.5974946,-2.2943501,-0.57239443,-1.6310802,-0.59843206,0.5680669,-0.34564862,0.7416577,-0.6987137,33.512768,23.685547,13.061445,11.774149,10.73599,9.308302,7.128921,6.4910502,5.5606837,5.182607,5.013332,4.561746,4.405391,83,female,train,b8f4adaf0afe6eba1ff16ae8283fcbc2,233.712,,english,,,lu
xfax,ADRD,-158.17096,59.9985,12.377403,15.813642,1.2199161,-1.3705009,1.4838129,-1.2391324,2.4605792,-1.0008409,-1.1435195,-4.1667275,-0.02050354,36.652493,19.91132,12.701603,13.510055,8.73854,9.223117,6.8895583,5.750186,5.66072,4.8800273,4.3752494,4.352884,4.0273385,84,female,train,90b062ae42d04c4f20ce668bb0f889c0,278.424,,spanish,,8,ivanova
xfsq,CONTROL,-254.84802,58.153355,12.050292,12.3795,8.2759075,-0.6187923,0.2826942,-0.35918278,-1.4516097,0.6573096,0.087456845,-0.20930871,-0.92283565,25.81782,19.890228,9.983834,10.87033,8.524014,7.6760087,6.440231,5.2509418,4.5868134,4.767612,4.607243,4.174649,3.5571184,82,male,train,13a6474a25ea7f254a6c99052e8d5518,276.36,,english,,12,wls
xgem,ADRD,-288.61804,54.025608,18.029993,10.783472,4.826265,1.6431129,0.6320595,3.623963,3.952513,-0.40875193,-1.3070354,-0.3634381,-0.50753236,35.352657,17.63958,10.217707,10.007909,7.44208,7.024313,6.8630986,5.278982,4.896531,4.097837,3.7816002,3.7095823,3.6339293,80,female,train,7fbfbd5b3022f702af686c766ec6264c,261.336,,english,,12,wls
xgfr,CONTROL,-259.15158,68.87432,9.815783,4.562367,-0.09517422,0.92477775,-2.339067,3.2980874,2.8835678,1.4759574,-2.6893551,-1.5412445,0.18555304,34.29964,33.692844,18.452257,18.622002,11.124851,9.604588,8.90815,8.005823,7.033265,5.2629385,4.557056,4.693075,4.23622,48,female,train,cfee08b03a0fd5c650aad3cce947c43a,221.112,,english,,,pitt
xixf,CONTROL,-218.34018,75.41193,15.017654,9.937477,-2.1138065,-0.14997675,-5.4331865,-0.6343245,-0.3800917,-1.9511656,-1.7278686,0.33296934,0.20192274,37.185997,25.612747,20.128735,14.950581,11.017977,10.17026,7.6914315,6.7436094,6.1903043,4.3299503,3.948583,3.732079,3.0501056,77,female,train,de18f027a829e52dda1e3f9b5c65e31c,267.72,,english,,,pitt
xjcx,CONTROL,-195.28703,56.108727,9.835182,15.521296,5.689625,2.7595232,0.37569287,1.1788224,1.7332288,4.419617,2.2653332,1.3905333,2.6071522,27.136208,15.924162,11.249969,11.586272,7.7784824,8.3732,8.375234,6.2588234,6.247545,5.239784,4.822346,5.075722,3.9670725,82,male,train,e25ec3d4d4156eeb6fa2fed7db5128d9,268.8,,english,,12,wls
xjdj,CONTROL,-181.61314,59.521255,14.509199,3.8705404,-2.0491533,-4.0954795,0.47965902,-2.7087731,-1.4737921,0.11118378,-1.228467,-1.3209513,1.9082367,36.14251,23.161274,19.522861,13.329896,12.748267,10.907994,7.2924976,6.7399473,8.339629,5.0759726,5.6813455,5.0255413,4.153053,67,female,train,c2e98df00678e327a181021a7fe4f429,190.536,,english,,,lu
xjqo,CONTROL,-181.14575,55.567245,24.089153,5.4913383,2.8113966,1.0121613,-1.514043,0.065616004,-4.865821,2.1710994,-1.1541979,-1.3760382,-0.36920968,32.132053,22.405731,11.927679,13.198826,9.52683,7.270567,7.912263,6.064671,5.6780033,6.2976284,4.95393,4.5262065,4.0475693,72,male,train,a5bf4ad11f4886913c80aa2c993a8e29,271.68,,spanish,,8,ivanova
xkuq,MCI,-267.5807,69.176155,19.568758,-3.6349726,1.8066174,-5.693267,-5.1824603,-2.0374308,4.24779,-1.1785479,-3.019218,-0.63629794,-1.2867523,29.468475,17.487951,17.225546,16.57944,11.116855,8.854086,8.768944,7.4203043,8.767804,6.17453,5.720199,5.402233,4.208459,73,female,train,0ea9c479f9467ed8a4367a2b22fc990b,260.688,,english,,,pitt
xmjb,CONTROL,-258.27603,54.921463,14.558911,14.487553,3.8126192,-0.34140548,-0.6843327,1.017025,0.7297482,1.0258135,-0.03495249,-0.44274074,0.37070456,31.016447,17.378874,11.411625,10.12581,7.687828,8.432538,6.6120267,5.575069,5.5885324,5.362357,4.9766636,4.395849,3.6438775,81,female,train,c231096d38827c488e29ef6a0b3e825a,275.712,,english,,12,wls
xmkn,ADRD,-225.76367,75.99698,8.6593,13.120252,7.9759154,-3.9400535,-4.1540923,1.4500228,-1.4346038,0.103571005,-0.11719988,-0.63567764,-0.5154648,38.22509,22.922014,15.103351,13.70656,10.5889435,8.815875,8.330214,6.95249,6.670976,5.9876347,4.8629403,3.9143915,3.7096648,85,male,train,71ffa478637f8b28744582ff072a29b3,241.368,,english,,,pitt
xmmh,CONTROL,-232.3936,58.23996,9.0164,8.233299,1.6161106,-2.5423658,-1.4215686,2.0751653,2.123342,2.2867212,0.44735384,0.29879585,0.20512785,35.998703,18.548853,14.112728,11.6824665,9.968319,9.185267,7.484455,6.577471,5.7209496,5.204403,4.3174105,4.2402787,4.0421042,80,male,train,e072514a1df18100734c867662ab3e34,268.2,,english,,12,wls
xmsx,CONTROL,-135.01828,58.45238,10.382735,16.642883,1.3775173,-3.3093696,-4.1706223,-4.277414,0.07842331,-0.6574556,1.9896455,-4.973526,1.528937,38.444607,24.941887,17.960947,12.466982,9.00903,8.367429,7.7497416,6.1632586,5.7543907,5.169947,6.0910735,5.1716404,4.100469,78,female,train,ad5728eaaac96778411b97c007004b82,306.384,,spanish,,8,ivanova
xnjt,ADRD,-190.99838,56.83465,12.355369,16.683722,1.459966,-8.043879,-3.2360334,0.37566417,-4.16888,-1.4388618,-1.3546518,-0.85165936,-1.6412288,34.520683,39.983097,20.241215,17.360357,10.456441,10.883707,9.707065,6.7473183,7.4524355,5.973168,5.635679,5.1561937,4.5361586,87,female,train,507d64089f6527ccc002fd0715a46584,204.12,,english,,,pitt
xoct,ADRD,-331.0634,42.579384,17.575024,6.6930623,2.295667,7.006006,0.6928116,0.7161111,-2.7909915,-2.3345745,-0.7337275,-1.6331458,-4.2333994,34.36754,31.394089,15.392539,15.947615,11.620633,10.2063465,8.806527,8.694565,6.553964,6.890851,6.4848776,4.6602125,4.5054045,74,male,train,dc498c3c29f61226e8990fee44605bd5,139.272,,english,,,pitt
xodi,CONTROL,-250.40819,47.205093,18.709934,12.50023,5.2299933,-0.24824327,1.2608037,-0.4633822,-0.10273484,2.2923875,0.55456835,0.87994075,1.490287,40.790188,23.085445,13.771618,12.435067,9.434969,9.817317,6.872017,7.001026,6.312548,5.206501,4.6030874,4.2118154,3.9541407,79,female,train,cb4b6c9213e4abe3c71c3fcec5f69ce8,276.12,,english,,15,wls
xoip,ADRD,-168.13274,60.16508,12.361665,9.707409,3.2164285,-3.125784,-1.4387611,1.5990036,-0.7172608,-1.4444134,2.4876235,-1.299654,-0.8343238,33.738342,20.593584,11.804455,13.241651,9.84488,6.935164,6.794725,5.441038,4.4902835,6.057407,4.7562785,3.8576024,3.5357513,76,male,train,6cf1034007c2ca54e3036f37967af4c4,294.288,,spanish,,17,ivanova
xopn,CONTROL,-212.06668,53.86548,5.184909,10.673929,4.0648375,-0.09376964,-2.8367052,-3.4055135,-2.2063036,2.095482,1.4800813,0.45709532,0.074615404,23.422356,17.613504,8.298473,10.173591,7.4417267,6.899579,6.142112,5.5866632,5.3316174,5.2539787,4.5278926,4.3296666,3.6186433,81,male,train,037ab9f24e8abc316612ca99ff28eb4c,269.856,,english,,13,wls
xpms,CONTROL,-223.18082,77.37225,18.76525,4.576805,-1.4682144,-3.3298466,-7.4754186,-5.190211,-2.1105726,-1.6473657,-0.32035878,1.4282944,2.2197442,31.09675,26.004414,13.860522,17.673504,11.858589,8.87544,9.194575,6.919668,7.2314935,5.5216665,5.525301,4.3556066,4.1853027,65,male,train,2140f9bf97df6e859de9ef3a821fd243,211.272,,english,,,pitt
xpoj,CONTROL,-353.87515,51.19247,22.406052,14.023563,5.8152785,1.0830536,-3.9614778,-1.6681068,-0.77828103,-2.359188,-2.5571232,-0.9831682,-0.32963783,25.70458,37.703766,13.620691,16.710447,14.438805,9.257954,8.989522,7.620147,6.1597495,6.000088,4.858908,4.512436,4.0582657,51,male,train,3a1e5351d50979b7d8c7bdd52b23045e,88.08,,english,,,pitt
xqrd,CONTROL,-262.70206,50.154045,9.8232975,11.998487,5.035056,0.4259523,-1.186164,-0.069747716,3.1693485,3.481474,1.9129964,2.06055,2.8963172,34.827164,16.154846,12.485462,10.319625,8.394942,7.6886196,7.2562723,6.311352,5.2996416,5.7889457,4.60148,4.247371,3.8568566,80,female,train,cd2d7afef92cb8077c0d5914eb3c98a2,266.544,,english,,12,wls
xqvq,ADRD,-223.7459,79.62122,3.8919446,5.8759866,2.326783,-0.6689499,-4.120323,0.12095625,1.9134167,0.77247167,0.27448404,0.2457719,0.73459244,36.151966,19.535767,18.205816,17.560993,10.917249,9.997066,10.016647,7.7449317,6.9978867,6.159134,5.0624404,4.2397857,5.3014307,76,female,train,dfd62093ec38f511fec10f3774eebb7a,238.224,,english,,,pitt
xrem,ADRD,-257.33728,65.81648,1.1151308,6.533269,-1.9713455,-9.215785,-0.8745834,-0.6823843,0.11868083,1.9263488,-2.8191447,-3.59278,0.6888844,31.30187,16.754642,22.236712,19.50629,12.473522,12.190131,10.467831,7.8416324,7.557058,5.7557316,5.277375,4.89268,3.666301,62,female,train,913cb7458738ea28b1d053dd71e06ebc,274.656,,english,,,pitt
xrfk,CONTROL,-185.27274,67.48677,7.00777,14.435859,0.46473998,-4.4109063,-2.2898865,-6.157982,-5.0271463,-3.6698275,1.4018047,1.3820665,-3.2446887,25.770956,16.392197,10.224483,15.739167,9.801102,6.4786696,5.733892,4.7238135,5.0176783,5.904591,5.668529,4.3923893,4.1742635,67,male,train,82c463b785fa2aca0bae4a0fde8b79af,281.616,,spanish,,6,ivanova
xrjf,CONTROL,-235.82791,46.285904,7.9080257,18.603636,8.420661,1.140294,0.5549191,-1.6220186,-1.1835815,2.6108413,2.4147778,2.5782955,2.2754743,41.040226,21.90571,17.312326,12.195071,8.182844,9.024673,6.5038037,8.288213,6.429673,5.757139,4.38395,4.418021,3.4827378,81,male,train,3d3ef991b3c8af3cb79d34296343cbf8,226.248,,english,,12,wls
xrtn,CONTROL,-193.64655,61.66705,5.337526,17.416172,-0.070374675,-2.2489724,1.2961308,-5.2304325,3.354019,0.9118933,-0.29697868,-1.5322769,-0.9807273,30.145779,14.538265,14.674001,13.801274,8.474261,7.6325917,6.660706,5.9024706,5.586582,5.861501,4.6046505,4.386828,3.757693,72,male,train,ef9942adcd2ff35ea87fca503b95f3f9,285.936,,spanish,,8,ivanova
xsdx,ADRD,-262.3416,56.665596,11.691936,17.692501,10.4204855,2.0858676,-1.4588677,-2.5354726,-0.47165546,-0.3844495,2.2730198,2.0212195,-0.36486983,34.54417,19.871967,10.122398,12.990388,9.28371,8.195023,7.166109,8.301036,6.642645,5.6370606,5.6698117,4.397256,4.396686,87,female,train,8d50d8a4492dd886d667cdd78109366e,117.456,,english,,12,wls
xsrd,ADRD,-235.23053,79.863655,19.514511,10.646691,1.0127143,-1.353884,-6.2269874,-0.7602748,1.3112006,0.086794846,1.5052874,0.58021903,1.4090189,34.898045,22.265352,15.979583,14.586274,10.41105,9.239958,9.22716,6.6744733,5.9589453,4.625784,4.7147303,4.165042,4.245122,59,female,train,9f9e608f4c72dc453e9b495422c32b02,184.368,,english,,,pitt
xsrh,CONTROL,-258.48163,66.15087,11.97003,8.467941,1.0188942,-4.5112357,0.5119759,0.7419205,-1.249745,1.0759777,-1.2630341,-1.8712416,0.44466937,33.59313,38.158646,21.137016,18.827768,11.873323,9.93972,9.808903,7.024273,6.978162,5.9152536,4.1424932,5.215992,4.4526553,64,female,train,ad012087192729a70be6d8d485ae8dc9,97.608,,english,,,pitt
xsxm,MCI,-143.66812,51.58454,15.503755,9.015231,3.5602877,-4.7510333,-1.0611721,-3.3592145,-4.504837,-0.7631759,-5.479542,-0.8678449,1.1064411,41.14758,19.562277,14.622112,13.882464,7.0132303,8.317189,5.584427,7.1939135,6.019309,5.8518214,4.691254,3.8285692,3.5922925,51,female,train,459c85a33fd11175c166b27a08392397,298.992,,spanish,,12,ivanova
xtck,ADRD,-279.17725,42.300194,17.123339,17.049562,6.2166533,4.901883,5.2957354,2.7679434,3.4538877,2.2915802,0.30650333,2.1486773,2.947446,17.729462,16.053883,7.210774,7.591633,5.79049,6.8261375,5.636871,5.9276123,5.549608,4.9279337,4.4217415,4.0298586,3.7929177,81,male,train,c553264a90a71a3121963350eb6366c0,270.72,,english,,16,wls
xtuq,CONTROL,-235.9879,63.547092,16.45764,12.685354,5.085276,-3.4956398,-4.1300216,-1.9974483,-0.3753688,-0.094534084,-0.19192977,0.184719,0.6508389,36.053055,25.003752,14.696353,13.028206,10.490534,9.527231,7.840866,7.134235,6.624963,5.558126,5.0107274,4.2932196,4.448894,81,male,train,ff3ebcdfd1a40cb89adb33f28751155f,161.352,,english,,16,wls
xujc,CONTROL,-204.7217,60.833664,6.384607,9.169122,0.063771136,-1.768275,-0.41648442,-6.393014,-0.7751545,0.8637162,1.7665184,-2.6776268,-2.4963183,28.862751,16.02021,9.398269,12.402072,8.742628,6.3582296,6.586059,5.9958143,5.858388,6.47121,4.700484,4.0621233,4.0632906,88,male,train,cb78b47499df4a3af803f940090b4e9e,259.44,,spanish,,17,ivanova
xvhq,ADRD,-187.85037,58.799473,6.7135954,16.336882,5.9556236,-1.685224,-0.297872,-0.2976438,-0.7180797,-0.49277753,0.08142095,-0.18655862,0.39815286,31.224016,22.223534,13.328146,12.34872,9.088321,7.7713823,6.891278,6.6575966,6.14591,5.6635456,5.2196636,4.757789,4.9480243,76,male,train,b682113194a61a84b886b29967c016e0,151.608,,english,,,lu
xvjn,MCI,-141.79764,65.459335,19.958445,8.301099,0.57077605,-5.7875786,2.8954136,-5.7827544,-2.012458,4.445939,-0.22432916,0.27576187,-2.034521,35.300945,22.309937,10.946999,15.075247,8.9879875,6.987148,6.3122,6.0611715,5.6085215,5.9652233,4.465712,4.0592813,3.8803313,66,male,train,247040f5a2ec7a4cbefa9644ef9a91af,285.144,,spanish,,12,ivanova
xwjz,CONTROL,-159.54048,68.28526,6.8478785,2.476898,-9.482647,-5.9241443,-1.6208174,-2.7469397,0.32220578,1.076407,-2.9920614,-0.62945956,-0.942917,30.866516,18.170223,16.85801,16.60801,11.691661,8.342066,7.9000125,6.1686063,5.893141,6.1428766,4.943367,4.6955395,4.5395637,81,female,train,873c341d55b24c07ab47a0315fc87684,289.728,,english,,12,wls
xwva,ADRD,-213.9028,40.8939,0.9928161,14.358173,-4.94645,-3.525681,-2.1532822,-0.9829545,-0.36744857,0.95091105,-0.96595997,-0.6746937,-0.41437182,32.310493,34.618526,21.236797,20.18504,12.423524,11.831122,9.720826,8.613725,8.049797,6.344904,5.65089,5.8955,5.1155653,71,female,train,0745ef383903f7dd3cab9c8807b64dbc,228.384,,english,,,pitt
xxbk,ADRD,-239.1366,78.96203,11.790031,2.6549692,3.208558,-10.846195,-7.8047094,-2.3329306,-2.014679,-0.812516,-1.3865564,-0.007481725,1.1496313,31.198357,23.245617,18.70871,16.08625,10.588249,10.276045,8.172488,6.273056,6.686851,5.056175,4.6096907,4.5290027,3.813134,64,female,train,6bf99a9609dd4b591d7cf13c7cee3c2a,249.024,,english,,,pitt
xxss,CONTROL,-243.27345,59.844044,9.625814,11.730225,3.952902,-2.0976613,-5.647989,-0.79164255,0.67157716,-2.0775099,-1.0944854,-1.6734107,-1.0578496,27.668116,19.52785,11.669622,14.661955,8.125889,7.2222004,6.819131,5.965548,5.297727,5.470785,4.2736197,4.206312,3.5065067,81,male,train,887d341a48a79ce8fb004bf1367ebb25,263.592,,english,,16,wls
xygd,ADRD,-174.36064,82.94638,16.46465,8.747212,3.7446542,-3.181271,-6.734788,-0.39137328,2.3400466,-0.6653688,-0.656852,1.136454,-0.8488076,32.029316,17.852846,13.843218,12.736444,8.311765,7.7824497,6.4991336,6.080985,5.911321,4.2063518,3.864708,4.1392674,3.4280653,90,female,train,5ca4e1dc66121ba02250c3d02b589882,280.08,,english,right,13,baycrest
xzkn,MCI,-216.0866,44.98255,10.3363,9.389319,1.0569756,-0.458435,-1.5393022,2.5486462,0.4962259,-1.1310197,-1.5316354,-1.3441532,1.6906402,28.93879,39.756947,18.337996,18.818186,10.181671,11.490116,8.582537,7.2303133,7.4248934,6.28648,5.0710163,4.449537,4.399212,67,female,train,7e5eb2dfb16893232d1bfb06243f7b5e,276.768,,english,,,pitt
xzsm,CONTROL,-365.6262,55.465862,10.073342,13.4960575,-4.2894487,-4.0727453,-4.073546,-7.723045,1.6551397,-0.91200644,0.22191022,-0.22692783,0.18931007,26.296371,17.022215,9.287325,10.962879,8.317272,6.6990323,6.4328494,6.0320334,6.844421,5.0606027,4.265682,3.955977,3.8108187,82,female,train,4948cfcea00e17b63defffc3565619c9,167.136,,spanish,,8,ivanova
yamz,CONTROL,-260.83417,69.556465,14.255943,10.357022,-0.097923815,-5.8707056,-5.7485824,-0.56116754,-0.4901722,0.53320014,-0.042674832,-0.7303604,-0.02067171,31.963055,29.58342,18.22983,16.644367,9.452183,8.8891945,8.446397,7.21807,6.887693,5.019901,4.1530848,3.915703,3.2718124,70,female,train,16e5b06b1a744bbd8987aed6b1c06fee,243.696,,english,,,pitt
ybin,CONTROL,-171.96793,53.245106,12.529685,12.683182,4.7767043,3.6750057,-0.6450447,-1.1661521,-2.350517,-1.9644378,-0.44021264,1.1923952,1.1145936,31.299688,17.263107,11.102931,8.88906,8.72611,7.5325713,7.67636,5.6365542,5.675988,5.572296,4.2278204,4.038862,3.9140375,80,female,train,1cc3971aede91f80257e0ee6c71da1c6,302.64,,english,,16,wls
ybju,CONTROL,-170.67079,71.55757,3.4758298,5.9602957,-4.8870053,-2.3894677,0.437359,2.7611227,-2.1700306,-5.4727917,-3.659118,-3.5328162,-2.5106504,41.13658,25.089426,18.637186,19.2112,12.371124,9.8881235,7.4945703,6.363206,6.876883,5.3942246,4.6958733,5.3465295,4.3731565,70,female,train,d3c8544ebdd5347c001649fe598d9d2f,219.48,white,english,right,bachelor,delaware
ybnk,CONTROL,-264.07553,53.819855,16.557726,13.112659,7.9171495,2.9994457,-0.571868,1.9708714,3.7970526,-0.5794847,-0.37447113,1.6917518,0.77970076,26.434496,24.981485,10.545408,10.976287,7.332108,5.9122157,6.7691655,5.4322853,5.3156133,4.3938465,3.9265528,3.911354,3.5125897,81,male,train,cd47dacb1dd5f7811f88b1453a28c514,273.024,,english,,18,wls
ybxe,ADRD,-252.49986,73.45443,6.9558034,7.8339343,2.2289383,-4.677358,-1.7396134,-1.0123613,-0.9263295,-0.81949973,-3.7013342,-2.7181447,-2.8964589,37.074577,13.595741,22.979254,15.049018,12.995674,11.395584,8.909728,7.5869913,8.067168,6.25963,5.139822,6.0762954,5.737198,71,female,train,11ebb30b3a7616b49ae4b1d7c283f846,176.352,,english,,,pitt
ycdo,ADRD,-150.10635,67.22976,8.854715,11.370574,7.355601,3.7965238,0.3591387,2.3855367,-0.39499187,2.3791685,0.8858844,1.6055139,0.37696815,26.038132,20.939863,12.018311,9.9073105,7.2470665,7.316561,5.7003694,5.3402596,5.247594,4.9657636,4.4372478,3.5157542,3.1527762,71,male,train,452b1e6022c4c740951e1880fd021445,294.816,,english,right,13,baycrest
ycrj,ADRD,-254.72874,38.226475,15.491778,11.381022,5.789858,3.732189,1.8847187,3.4556177,2.9794962,2.1974633,0.62312835,0.26351744,0.84959954,38.44789,20.913776,12.495921,11.3736925,8.388386,7.624136,6.1796,5.6803217,5.2832265,4.5692987,4.6883187,4.4283595,4.1378207,80,female,train,9c272c6c8deb044eada11c0341c5029e,277.656,,english,,18,wls
ydtv,CONTROL,-203.01695,52.140324,17.096384,14.420046,9.093794,3.1577888,-0.52760786,0.63192856,1.3611648,2.2900522,1.5427327,2.811562,3.4882252,28.342745,19.21072,10.493969,9.562109,6.7051024,7.6906395,7.4125643,6.8642817,6.0566716,5.0029016,4.25208,4.454789,3.5752146,81,female,train,2a9f13ad7fab2e002d28e302a21f3858,202.656,,english,,12,wls
yezk,MCI,-219.6933,65.72943,16.808182,13.046887,8.121964,-1.6655554,-0.7712164,-1.093035,0.3140502,-0.6410605,0.65898836,-2.0785217,0.39812195,32.19029,25.99554,14.377149,12.818814,7.174136,7.7001853,5.9898944,5.617534,6.4893613,4.1635814,4.3966465,3.8743875,3.7635283,74,female,train,1c72eda7e9a824a38e324e2d73f807a1,247.104,,spanish,,16,ivanova
yfnf,MCI,-138.24277,61.239586,19.385395,12.441641,-0.33236304,0.0055213594,-4.201046,-2.598432,-3.3823922,-0.26147577,-0.2797814,1.5194197,-2.070475,31.208265,16.18792,11.308827,10.5288515,8.518675,5.750344,6.305959,5.714831,6.310576,6.0520954,4.371947,4.3502893,3.5089219,83,male,train,4006e2681d101347870b2bad0cea5116,294.576,,spanish,,16,ivanova
yfsu,ADRD,-116.738266,54.156483,9.567058,12.100718,1.7931628,-6.2095704,-3.7028368,-0.99885935,0.3013112,0.49232548,1.3370181,-0.3679953,-0.0060938825,28.438097,21.121986,12.884232,11.870188,8.501371,8.60584,7.124169,6.4955354,6.387533,5.6356153,5.219745,4.5281796,3.9190817,88,female,train,e93eceadb30add6600b8b5ca4a8c3250,289.776,,english,,,lu
ygeo,CONTROL,-173.75087,58.112564,12.068662,11.128371,5.36572,-0.75251424,-2.9977894,0.10276633,0.10237015,-1.3949456,1.9392341,2.4348555,0.3458303,35.42117,24.865221,11.593121,11.550401,11.216686,8.201528,8.181783,6.264302,5.7234435,5.570788,5.4259825,3.8500302,3.5730822,80,male,train,1588c9a5dfdefa1363e3cbb9073bb727,298.896,,english,,12,wls
ygye,ADRD,-181.51329,55.20713,15.451188,16.386072,6.670273,1.5541613,-0.59430456,-1.709293,-1.258669,-1.9213005,3.7061658,0.068002835,-0.65715754,37.000916,23.757044,10.461533,11.676018,8.412944,6.6351085,6.598649,5.4714212,5.393566,5.1718655,5.284256,3.7290204,3.999355,80,male,train,81ae8ca779916eef1de762539f79153b,285.792,,spanish,,16,ivanova
yiif,CONTROL,-248.62057,72.95253,17.15147,13.678326,-0.77076787,-1.0368849,-8.410779,-4.115016,-0.62225646,0.51244366,-1.674525,-1.1432658,3.0027347,39.831383,31.018608,19.933931,16.522732,10.437581,9.945752,9.546184,7.1298423,6.3640428,4.9246807,4.87686,4.67052,4.3347044,74,female,train,860cd1ec8990d4931469b5d9ac28c838,262.248,,english,,,pitt
yiqh,CONTROL,-142.04924,56.46769,12.915102,18.726679,-4.0310383,3.2521484,-9.44903,3.002557,-1.5997262,-0.64699644,-4.333874,0.18468584,2.6185017,36.457058,21.621946,16.893919,13.147462,11.76652,7.0826187,8.612266,6.2239623,6.7311187,6.8856664,5.770091,4.523361,4.0941815,83,female,train,1a2a1f0b60ec3f0cfdc30a32860c6a9f,225.36,,english,,,vas
ykgr,ADRD,-233.30809,54.399944,5.0620446,11.395112,-1.5260801,-4.930899,-4.9860616,-3.5005124,-2.8352787,1.826925,-0.22943242,0.9535228,2.6827269,31.2274,17.318134,16.106918,14.569328,10.888564,8.286502,7.9481072,5.9660635,6.373175,5.4895244,4.665649,4.64364,4.0996213,74,male,train,f70328b2a83004db47948c24f7f57fba,267.84,,english,,17,wls
ykqp,ADRD,-197.99875,69.612625,8.437004,9.554942,1.1526853,-7.1383696,-7.1876307,-0.74501324,-0.3560322,-0.3076363,0.19347939,-1.2694478,-0.085103944,35.807568,17.134539,16.598661,14.734594,11.63477,8.67305,7.6756387,5.627272,5.898692,5.6210785,4.5668416,4.1196165,4.430253,80,female,train,a269d4b639aa0318161bf556c78a43db,154.464,,english,,12,wls
yksq,MCI,-346.31104,29.002768,14.120281,11.929356,2.0100746,-1.4353058,-3.2743347,0.8639711,-2.54754,-0.7973025,-1.6849582,-3.028419,-1.648572,27.307823,21.64802,13.601174,13.649683,11.307907,10.408459,9.111059,8.857767,7.4725823,7.355934,5.623086,4.8573494,4.791483,75,male,train,4e6a5e448c653cdb5304e2b0a6dc5ce7,217.632,,english,,,pitt
yktg,MCI,-155.88231,70.00062,2.500382,2.9260013,-1.6763326,-3.5948246,1.018612,-1.6977443,1.169205,0.28956935,-2.13743,-1.4652851,-1.1967485,41.54804,14.493662,16.977322,14.055439,8.318399,8.52789,6.055577,6.621731,6.277474,4.519934,4.186512,3.668364,3.6433415,84,female,train,b0fb05a83a40d6dccf3b7b56049ed6b9,297.216,,spanish,,8,ivanova
ylsp,ADRD,-147.11148,70.06064,-17.057398,10.396722,-9.872429,1.4789593,-8.733871,-2.252034,-1.7490162,-0.06481667,0.2261644,2.9040213,-3.1714187,30.154427,16.761662,12.578904,11.800159,9.623369,9.772134,7.5730696,5.828497,6.0847783,4.736781,4.9615426,4.302408,3.8654513,87,male,train,1fc4de783c537d9bbb9ddad7867e571a,185.664,,english,,,vas
ymcm,CONTROL,-278.76834,55.682926,13.153329,9.33512,5.493438,0.19282587,3.1501381,2.6203299,1.8543094,1.1361362,0.26597133,2.1935923,3.2805982,32.87235,20.32166,12.494076,11.165451,7.592855,7.7777877,6.321622,5.7546535,5.5342073,4.83239,4.3431025,4.246191,3.4803479,81,male,train,790dafe5e5376df2d2133669d926d824,261.192,,english,,14,wls
ymvj,CONTROL,-174.82469,68.710556,4.8586345,1.8353522,-5.6275115,-2.070602,-4.27284,-2.6711817,-3.406529,-1.242649,-1.4256762,-2.4353728,-0.6443239,38.799057,39.336014,22.550936,19.839891,12.236201,10.267438,8.901422,7.188565,7.2755156,5.881394,5.188315,4.7358603,4.2199845,66,female,train,a51307a9a92fe860ded0366053ef05f6,240.144,white,english,right,bachelor,delaware
ynlb,CONTROL,-285.02798,38.94417,15.028946,15.387707,8.755795,2.5713658,5.8412266,5.507612,3.400554,1.7119317,2.700967,4.210897,1.6765625,29.925377,17.840824,8.524792,9.10378,7.829221,6.5270624,6.2951894,5.676692,5.117051,5.4674015,4.3959627,3.8775494,3.5001004,81,female,train,652c8411adc56a8fdd8e0255ccbbcbbd,282.888,,english,,13,wls
ynug,CONTROL,-270.1383,50.06457,14.289854,10.678605,5.937535,3.7411225,4.0378895,2.563871,3.9810085,6.2360578,3.174119,3.4282494,5.5401697,29.463932,17.9311,9.990451,10.524175,7.7704806,6.6919117,6.63422,5.5112753,5.6953497,4.6344795,3.7378967,3.4948978,3.0333142,79,male,train,32b6e2467aa876ad4909b3486c07ad1c,261.912,,english,,14,wls
yont,CONTROL,-217.32597,59.29146,10.435637,13.565619,4.5775905,1.7381885,-3.19382,-6.3561907,-3.3272161,1.4327312,-0.21124727,-2.0595827,1.0059636,40.53426,32.957813,15.0647545,15.431364,13.149076,8.928844,8.957966,8.906529,6.774705,7.594623,6.343817,5.134725,4.2665434,75,male,train,b67b4b17da0ee6acb7979c2cfc457883,262.368,,english,,,pitt
ypzy,CONTROL,-224.41583,52.865284,13.9808035,12.496433,9.862038,2.4873857,-1.6670626,2.6317258,2.7051105,1.1409166,0.8512303,2.1239398,1.4608916,25.302399,23.755331,10.647468,10.896968,7.7073517,7.496746,7.279711,6.439165,5.569446,5.4105916,4.5513105,4.13165,4.059956,85,male,train,2c165db71d6a480a7dbf6bbd6be5e9f1,280.704,,english,,17,wls
yqph,MCI,-185.47122,46.151516,10.064445,6.684343,5.9249897,4.959495,3.494588,-0.12706368,1.8871713,0.23457335,-0.31357908,0.63430005,-0.50413847,38.532516,21.439434,14.203019,12.567774,10.527451,8.423814,7.2813272,5.9343033,6.0684443,5.440018,4.936276,4.684614,4.140442,52,male,train,9c9a779f74e8d22809e8280df407fca5,108.072,asian,mandarin,,8,ye
yrqf,CONTROL,-211.48761,43.863625,6.203906,17.041872,-4.244529,-3.2021277,-9.350904,1.4398116,-1.1567099,1.7612444,-0.4048661,-2.5216408,1.5085785,42.36603,22.367216,17.10362,14.499389,11.700274,9.785501,10.619682,6.342072,8.02221,5.5882792,5.412033,5.2082777,3.818482,80,male,train,b5cf40b52cac51b4243c49a2888c296b,136.752,,english,,18,wls
yrrz,ADRD,-213.1251,77.29559,3.8469276,5.9841933,-3.16114,-2.1118479,-3.1047087,0.43867236,-0.009047318,0.029664308,-0.74773014,0.5080679,1.3901113,40.933537,20.609634,16.133236,13.948736,11.945555,7.999032,8.859488,8.833467,8.469398,6.713859,4.520501,4.339244,4.219016,72,male,train,12ddebd3988da59f11f77d18da99635f,112.32,,english,,,pitt
ysir,CONTROL,-360.91055,79.6545,11.054764,4.208667,0.8089556,-4.581737,-1.4832022,0.717533,1.5947732,1.3933573,-1.7080282,-1.4561422,0.46295187,22.390345,14.571052,16.068459,17.170162,10.870966,11.61248,8.3138895,7.0839424,6.624847,5.992943,5.333096,4.953357,3.9382193,78,female,train,16bbda439a6a2168a31010f4c5a66476,122.472,,english,,,pitt
ystb,CONTROL,-274.9407,52.375996,20.099411,13.694728,8.812295,2.0804567,0.119077325,0.5672609,2.0419898,3.0218658,3.6997228,2.2069876,0.31587848,25.915342,23.415152,12.440655,11.945444,8.190049,8.025478,6.7406535,6.41389,5.624424,5.1003137,4.800559,4.0055223,3.8577306,82,female,train,e741886136616052472a7c90cdf53713,271.776,,english,,12,wls
ystq,MCI,-150.46109,61.835697,2.530828,30.978727,-4.264068,3.112059,-3.8454003,-1.3256214,-13.492796,0.8608009,1.4879801,-1.4253471,1.7559825,33.48898,19.506641,15.230253,11.965134,11.191702,9.944283,10.821516,8.452552,7.1977253,5.867196,6.0964956,4.7922254,4.5436707,68,male,train,3c24e44f60c5f960d220db8f1adbce67,188.16,,english,,,vas
ytfb,ADRD,-288.352,46.56803,16.768076,18.808905,5.165933,3.7290792,1.7059821,1.1169981,2.8510363,0.71670157,2.9905424,1.1415585,1.2245157,36.91987,17.4444,10.150525,11.873219,9.349046,8.7971115,7.244129,7.294101,6.390533,6.4602213,4.7403007,4.763644,4.231582,81,female,train,fae9805c97e8ce937e804a565255400d,163.632,,english,,12,wls
ytli,CONTROL,-236.72581,51.17174,13.817775,12.770449,6.2163396,-1.360101,-2.7200255,-0.34985483,2.2484453,1.1316618,2.1778018,3.021605,2.4094398,36.339447,19.062195,10.123734,10.345632,10.131111,7.6312733,7.6752853,7.9322762,6.0743823,6.00399,4.5485253,4.4151683,4.212718,80,female,train,66c3302619021c059d4ebf503be18586,275.184,,english,,12,wls
yujy,MCI,-122.69067,58.40844,-2.4049034,9.150401,1.3572686,-1.4158669,-1.8404499,-3.206723,-4.1027226,-0.98858196,-3.9294877,-4.889056,0.52826804,31.4047,18.66848,16.444357,12.254747,8.119957,6.7023993,6.314557,5.4140115,6.503098,4.8323517,4.8836093,4.13355,3.9336212,84,female,train,7049b7561195ad7da6bbe8d20fee25d5,307.296,,spanish,,12,ivanova
yusb,ADRD,-270.0257,77.8148,10.245774,3.218975,1.6007851,-1.6911645,-5.1986713,0.14495453,1.1884029,2.2215352,2.5374622,-0.22747566,-0.303813,35.572353,29.052105,18.10731,17.619282,10.167773,8.838633,7.6352277,8.087569,6.650718,5.665528,4.940274,4.287447,3.5358355,79,female,train,c43567396890ef0726a5466bfa085c9b,143.64,,english,,,pitt
yuvg,CONTROL,-288.66415,40.85175,11.89765,10.465781,2.5760477,2.5531063,2.7784111,1.6646038,3.6973948,2.289556,0.5125714,1.4002585,0.99464047,30.32451,16.506268,8.367616,10.618656,8.280966,6.5430427,6.5005655,6.6558237,5.07618,5.082639,4.23425,3.9749794,3.7788146,69,male,train,dcf521913f4abe2921debbe7105cf6f9,278.88,,english,,18,wls
yuxy,MCI,-287.22958,63.413944,22.206911,18.829208,4.7700357,3.1928568,-1.7472134,-5.6099224,-2.1420448,-2.1618974,-1.1678991,-2.7629511,0.7879715,35.897427,13.249383,12.807595,12.354187,7.2373314,5.94221,5.279013,5.634801,6.734966,4.6979175,4.133127,4.440775,3.1914494,93,female,train,dd5a6cfe782d0da89f46632043e58cdc,227.136,,spanish,,3,ivanova
yvig,CONTROL,-277.5436,43.67531,18.591328,13.483473,7.5387607,3.455562,0.99011344,-0.86755407,-0.2217503,0.9691808,-0.25827408,0.069436945,0.6128974,26.178534,18.811394,9.378867,9.861752,8.5780325,7.6046743,6.7729373,7.864666,6.5665836,5.6215873,5.0074773,4.455963,3.6483781,81,male,train,f44a43e64f5fecace0bde610f63b04bf,269.352,,english,,12,wls
ywwh,CONTROL,-270.0173,52.671223,13.814481,8.622981,2.8425212,2.71921,1.0842911,0.6919596,2.1284816,4.1121593,3.8226848,1.2318949,1.0521265,25.959263,23.293278,13.504333,13.289113,9.635013,9.214171,7.9049783,6.8672743,5.914673,5.0291867,5.135753,4.5162735,4.314635,74,female,train,05504ae0f2689609fa5b43d1de83cb11,122.688,,english,,12,wls
ywwq,ADRD,-258.337,53.54178,14.251937,12.190835,4.272169,-0.75365984,0.590367,1.209652,2.1981223,2.1334,0.5626152,1.4069107,2.5394278,33.860584,23.29269,12.123534,10.420318,8.633515,9.763543,7.635758,6.0183554,6.0806003,5.221014,4.6649146,4.145084,3.8455448,89,female,train,bca4b0d6b3c449489416eb697ec35f59,212.616,,english,,12,wls
ywyg,CONTROL,-249.21082,56.453735,11.458022,13.948992,6.406532,7.344013,-1.932608,-0.11829682,2.5508482,-0.8271539,-1.3164587,-1.2884302,-0.00014162912,35.844593,23.310461,12.994868,14.580209,10.629992,7.875264,9.317994,7.1153708,7.196438,5.6700125,4.986968,5.0496244,4.906256,81,female,train,7b65bc29c9d4abd18c8125c39bd792c2,264.72,,english,,12,wls
yxbb,CONTROL,-158.7722,68.691345,14.090429,3.6758685,2.4690347,-5.3825965,-8.998068,0.37256467,-0.9243973,-2.3095956,-0.47343183,-3.7722967,-1.9587231,36.82868,23.448185,14.098516,15.40058,8.389253,7.6522226,6.7601385,6.1793647,5.280274,5.3371735,5.08467,4.09253,3.767023,68,female,train,c94480c1b05e2f6917d5dda86a56c459,238.896,,spanish,,17,ivanova
yxea,CONTROL,-277.71097,53.765686,18.096289,8.921211,7.3035936,4.548546,2.4475918,-0.21943155,0.07867719,2.6616788,1.0093085,0.98669416,0.6455023,27.618626,20.312714,9.164118,9.941913,8.235021,6.7112026,6.3200126,7.5737777,6.550615,5.272221,4.9659514,4.4205956,3.7197728,81,male,train,d7b83ebb188b2cb3ddb86edae87648df,267.072,,english,,18,wls
yxxo,CONTROL,-229.10959,49.081245,14.684538,15.211894,-0.513515,-5.028342,-4.399757,-0.2159835,0.78588134,1.0372595,-0.72429097,0.27503243,1.4963934,36.32237,25.297247,17.313879,13.017194,10.641993,8.744742,9.094818,6.9570103,7.324465,4.795819,5.075254,4.9096265,4.7124104,81,female,train,1c73d342a81dfd299149384d9cc10d8a,115.416,,english,,16,wls
yzfq,CONTROL,-216.71567,48.463478,7.6948557,8.354776,5.588649,4.8174953,-1.1392168,2.9106367,1.0817032,-0.95567477,-0.8213011,0.43721303,1.1347083,27.391342,17.452919,12.088555,11.104762,7.257238,6.3595467,6.0010915,5.199993,5.2903023,4.441607,4.414572,4.5299287,3.7504003,82,female,train,2cfa76c00111d937716f916bcc671fbb,281.808,,english,,14,wls
yzse,CONTROL,-189.35608,57.464573,13.003125,19.6329,1.980545,-2.5735295,1.0285363,-1.2756976,2.6790555,2.894482,1.3009998,2.0499566,0.71611136,36.84003,18.156658,11.513347,12.208608,9.854319,8.66234,6.694934,6.93377,5.57104,5.95865,5.1096582,4.3316364,4.466001,82,male,train,610f65397fc85810add1edb4b731042f,215.28,,english,,12,wls
yzvo,CONTROL,-265.98547,48.912937,15.068268,11.104085,4.428618,1.2240773,0.055900827,1.380319,2.0951507,2.8407645,1.3530806,2.4970446,3.3114202,40.772762,21.330416,12.92408,12.277117,10.275606,8.416761,8.112523,7.039334,6.1770086,5.1369963,4.612995,4.1811595,3.9454997,81,male,train,244b52d9c64b3db3b88ecced90c87ffa,156.72,,english,,12,wls
yzwd,ADRD,-134.86534,39.44451,10.83647,12.748429,9.48092,2.7447658,-0.9717174,-2.6633701,-3.0936792,0.02106667,-1.8144634,-1.957559,-0.81574357,30.773657,23.9178,13.851721,11.335936,7.9446893,6.877145,6.453629,6.1268663,5.501922,5.3242555,5.120103,4.0880637,3.6394246,90,male,train,20b10eebe1a1bb2e668742de70727550,299.856,,english,,,lu
yzyw,CONTROL,-347.86868,69.29771,16.389523,9.048067,-3.1270893,-3.5599234,-5.1166077,-2.090245,-0.41571414,0.5612633,-0.053679682,-0.54579014,-0.7069655,32.072968,20.758762,14.771005,14.294356,10.049719,8.795524,7.8797183,6.3046727,7.4990025,5.4173,4.3431144,4.0055747,3.499817,66,female,train,dab28a0c2fa1ce29f4796eca74a3f3b1,75.192,,english,,,pitt
yzzx,CONTROL,-211.38731,54.728447,7.047695,9.90644,0.0059484025,-3.2765372,0.8701745,-5.0241494,-2.632521,1.1863726,-1.3541931,-1.7340143,-0.44639155,33.274727,19.347422,10.844253,12.934575,8.405665,7.1738033,7.1907086,5.4473677,6.336827,6.060954,4.3355675,4.3027973,4.038472,72,female,train,f12b61948afe10becfc9bbae54de8ce6,277.2,,spanish,,17,ivanova
zalb,CONTROL,-116.1308,65.92533,7.0674915,9.484756,-2.6844084,-7.944453,0.7118196,-4.9282603,-4.5412736,0.82283646,-1.6090919,-1.7511214,1.0807076,42.60051,15.127313,14.973667,13.838185,8.251426,7.5579915,6.755375,6.3220434,6.303668,4.938839,5.115645,4.2004876,4.021183,84,female,train,2034ebd1be9933c94c15b4613c2afdad,307.296,,spanish,,12,ivanova
zaok,CONTROL,-184.62904,54.340027,18.182562,25.437822,5.5378976,-5.022234,1.8139503,-0.3396625,-2.8347118,-3.2322998,-0.5202327,2.7273655,-1.4616234,44.461864,37.735565,15.901156,19.405685,13.371103,11.979422,9.582586,8.525169,6.4001646,6.1797895,5.6006103,5.958514,4.739018,70,male,train,2d5ee1483d5dd57d98fc0ff1fd64b71b,243.528,white,english,right,doctorate,delaware
zaxk,ADRD,-247.53346,50.39997,14.246579,11.802314,9.659555,8.205374,2.5476494,4.1768236,3.1048079,1.5674131,2.7725222,3.8077385,3.546253,23.458042,15.445597,8.05751,7.760269,6.0537806,5.832196,6.0964174,5.069122,5.4015145,5.3142605,4.398872,3.5368338,3.1157856,81,female,train,360cfb39849b05d8adc64c50d66fa189,270.336,,english,,18,wls
zblf,ADRD,-173.79288,32.894962,14.644447,13.257018,4.6847506,-3.5190344,-2.2763157,-1.9954385,-3.9458606,1.4798815,-2.160525,-1.8338032,-0.9246299,27.053267,22.221724,11.651766,11.6718,9.666173,7.5527067,6.4565487,5.1386395,5.0985246,6.5148373,4.1261935,3.6952682,3.8171349,64,male,train,dec76d414627926a1bc9e057a48073fa,286.944,white,english,left,18,hopkins
zcyg,ADRD,-135.72902,53.045223,2.7480202,25.106276,-2.8354208,0.9306501,-9.402988,6.4239087,-11.991602,6.698571,-4.757715,0.4794442,-1.2989823,34.51682,15.508729,16.065733,15.322964,10.047097,11.690525,9.917434,7.8958087,7.311337,7.656426,5.655831,5.523455,4.526976,81,female,train,b3b9e9030409afff89842915ec78619f,183.768,,english,,,vas
zdhx,CONTROL,-137.07677,47.36799,-2.7095048,4.9412265,-6.5383286,-6.2902055,-7.0540705,-4.744362,-1.0988426,-3.2505126,-4.8298573,-2.2757883,-1.7533154,38.10232,24.692019,21.06341,14.323173,10.4455385,9.081174,7.104386,6.29043,6.4886475,5.8050528,5.242969,5.4730997,5.019383,70,female,train,6faecc1caf080a0a08c89e66ce195e6a,224.232,,english,,,vas
zdkx,CONTROL,-247.34749,50.194252,15.937538,27.596003,11.482466,-0.0987223,0.9835723,-5.831376,0.32941946,-3.3809474,-0.041835167,0.16752453,-5.3135324,29.638252,20.268106,11.902067,11.57655,8.857765,7.715709,7.189715,7.3151736,5.74927,6.3412457,4.822902,4.2471747,4.0661354,70,male,train,7b93955ab8d4751aa894459827b72f4c,265.992,,spanish,,8,ivanova
zdpe,ADRD,-157.75876,83.18002,-3.4285414,15.765005,0.4663531,-8.59177,0.46093202,-6.836027,-0.382658,1.824382,-3.9779537,0.35601443,-1.3723892,31.517982,12.149435,15.453353,13.53045,8.825046,8.075194,8.524748,6.3888884,6.813508,5.2136455,4.541642,4.580681,4.5999084,79,female,train,b999cd75b0bbb257616d205e23cf50a8,141.624,,english,,,pitt
zdva,ADRD,-182.21701,54.071068,18.457485,6.5964193,9.694113,4.3612356,-5.766736,1.8089919,-4.0449343,5.8229146,-2.5001981,-2.3183718,-2.2909935,37.00454,21.338694,11.91076,15.001706,8.411195,7.6344886,6.5840864,6.1010933,6.2499676,7.3638678,5.1513414,4.529474,4.082502,79,male,train,29cf305b4e40476d115a5b7b3386ef07,280.128,,spanish,,12,ivanova
zdya,CONTROL,-290.87997,50.860603,16.861635,10.899016,6.947994,2.8310633,-2.2608972,-1.2892174,1.5919292,1.9968002,1.8915023,1.9988405,0.9623331,29.243376,18.158247,9.030031,9.680198,8.22456,6.6316414,6.9546814,6.820888,6.095248,4.9819436,4.7529063,4.0421987,3.4825861,78,male,train,8ca5aa6cf25ea00a1aaba5ad8ef3dbbb,187.584,,english,,16,wls
zeag,MCI,-179.56978,51.52663,15.383426,21.2618,10.014953,4.0399013,2.2573547,-7.652822,1.8603255,0.6720188,2.4976854,-0.7529361,1.8288047,22.953238,15.967773,9.898737,11.523313,8.030498,7.146809,6.294934,5.900856,5.115957,6.9424806,4.02768,3.977686,3.9165018,86,male,train,118948315fc46ca91e48d57f2e949db5,281.472,,spanish,,8,ivanova
zefu,CONTROL,-227.68404,41.519684,11.056042,2.620757,-4.751335,1.1673894,-2.3474834,0.5981403,-3.1068661,-0.67425513,0.049068943,-2.1143966,-2.2723088,30.955173,38.48868,20.869112,19.925137,12.922372,9.944254,9.273237,7.911966,7.3893366,5.812132,4.70624,4.782696,4.5700927,67,female,train,7bfd82bead51d68469a3eeb9df35d2cb,289.632,,english,,,pitt
zegr,CONTROL,-208.06256,49.402233,15.774312,15.360366,6.2344885,6.512947,-1.0669855,-2.0731292,1.2259324,1.100541,0.73917425,2.2837572,1.398324,31.070934,24.22984,10.53634,11.791058,8.712488,6.7986293,7.8545833,7.85141,6.2640743,5.1385913,4.60003,4.249779,4.1901603,81,male,train,cc49e46d1549058ac6a7ec7ee6626d47,286.704,,english,,12,wls
zenh,CONTROL,-240.09665,60.04459,1.3338784,13.580669,0.37117732,-1.8848541,-3.5127766,-7.4829187,-0.84653443,-4.788005,1.5307102,-1.2417868,1.8489721,33.404587,27.940065,16.330025,20.738195,12.84814,9.658329,9.2665825,7.5811324,8.14615,7.942764,6.4313455,5.1603823,5.8553348,71,male,train,b11c9de601a686efeeb73437bb6ba9e5,259.8,,english,,,pitt
zfqx,CONTROL,-243.10138,84.16194,11.321906,0.7198011,0.42927563,-5.182632,-7.234039,-1.9259645,-0.4567483,0.389675,3.1109955,1.2883055,-0.72256464,34.15329,12.918678,17.213072,15.671266,14.726312,9.5081005,8.234748,8.248354,6.517736,6.1511908,6.8627152,4.3642907,3.920509,67,male,train,1c59273d65bcbda604fc0e33acad51ec,220.44,,english,,,pitt
zgaj,CONTROL,-239.43353,66.70096,-2.6501768,12.486397,4.8506584,4.5488076,4.4074264,-7.8633976,0.4588897,5.079831,0.16294673,0.12225605,0.608436,34.565807,20.33324,15.275529,13.4714775,10.3666935,9.241105,7.1634007,7.68247,6.053804,4.970385,4.034804,3.9664104,3.8539803,69,male,train,5e1f783856efd49184eb15fd0a448bb8,259.44,,english,,12,wls
zgcl,ADRD,-282.9984,53.539543,14.105398,7.995226,3.4203339,5.0920672,1.404733,-3.0258646,-0.08021073,0.6492835,0.66029054,2.234717,1.7756671,32.571617,17.262915,8.725106,9.987989,8.42792,6.3242307,6.4843445,8.299211,5.654518,5.0243692,4.5208526,4.069992,3.4567878,81,male,train,ed0dac9112918f2fcbac03a0a37f5562,265.464,,english,,18,wls
zgmp,CONTROL,-282.48563,52.866383,13.566093,8.450351,8.152007,3.093013,-3.1862643,-0.34889078,1.3670486,2.6384523,2.557524,0.7251476,0.96242523,27.53232,24.470861,11.144801,12.163263,8.322913,7.2494316,9.084389,7.8285475,5.9952493,5.3026247,4.641652,4.3756943,3.774927,81,male,train,8dcbf01afa46d2e23af7209b3049ebc0,267.048,,english,,18,wls
zgza,CONTROL,-277.3306,54.011692,15.5487,10.931291,8.2529955,0.5267794,1.4249932,3.9450312,2.465918,2.029451,2.4222138,2.356177,2.6973803,29.795315,16.628445,11.713961,11.036772,7.295691,8.697586,7.302427,5.499339,5.273493,4.6952715,4.151444,3.9126604,3.7343755,75,male,train,baec44ba67737718d1f94e7fa780fa1f,259.896,,english,,18,wls
zhoa,CONTROL,-291.5655,54.126568,16.725798,7.34272,5.2791886,3.7065213,1.9971843,2.4484322,1.6913297,2.418882,3.1404603,3.2967923,2.376897,17.527382,12.986624,6.422895,6.985928,6.595074,6.458177,6.3733616,5.3862467,4.540416,4.1423173,3.537788,3.466199,3.3874073,75,female,train,d5a5b6e677f3fcf5e25b07646e96104c,259.44,,english,,12,wls
zhot,ADRD,-252.30739,69.681786,2.4867306,10.431427,3.2612522,1.3220718,-2.6537595,-1.8263353,-1.3127264,-3.6103718,-0.63955766,-3.2337158,0.6027895,32.861313,29.738396,16.5158,20.305342,14.264259,9.923601,10.622932,9.092593,7.8562126,7.715199,6.705061,6.342588,5.217318,68,male,train,475258bf00f01017713526129a99ba6d,241.464,,english,,,pitt
zjbs,MCI,-169.16272,46.01645,18.203457,16.18823,2.6938932,-3.125782,-9.110309,-2.4302826,-10.748368,-7.320577,-4.609995,-5.336457,-0.24927607,41.825047,28.2951,17.464529,20.860863,12.825358,10.049373,9.807834,7.970062,8.366424,6.5487375,5.934116,5.8528576,5.156311,73,female,train,1f2d6ca1467fb3a7295d475ad5d291cb,250.608,white,english,right,master's,delaware
zjso,MCI,-337.14777,44.57753,11.213981,3.6582224,3.3011887,-0.5346932,-0.99318856,-2.0667675,-0.5296867,-1.0365478,-0.060509127,-0.94894034,-2.3199549,20.852892,22.123526,14.982483,18.568623,14.742431,9.619853,8.935188,8.263267,6.5333037,7.488844,6.075321,4.88144,4.209048,74,male,train,2ac62b834935ff0747cfeed10472cec6,266.448,,english,,,pitt
zjvs,ADRD,-262.73645,92.81315,16.625792,10.143714,3.6335454,-6.2219005,-2.3258042,0.15960476,-0.6081696,-0.96353936,-3.2934213,-0.43474367,1.533952,31.315447,16.13966,18.290548,17.512644,9.941621,10.864042,8.731877,6.65088,7.369124,5.387325,5.162481,4.654,4.3391023,67,female,train,b9b1e3c645138336b295559c21711a22,132.96,,english,,,pitt
zjvt,ADRD,-233.63994,56.95323,25.388845,12.6268835,2.9377344,1.7158195,-5.88535,-5.1695952,0.0533132,-1.9352915,0.8034735,0.7426373,-0.45059475,38.4039,31.402042,13.868249,20.838463,11.903248,8.733719,9.756428,7.568649,7.135259,7.5081973,5.665688,5.458562,5.6052866,78,male,train,022bd30731d40b1e212a9f73f1d227ab,143.16,,english,,,pitt
zkbm,ADRD,-243.81577,56.924152,17.384508,16.680248,-1.4191124,-0.92664963,-1.3884476,3.053298,2.4049706,0.064076535,0.084548,0.33293563,-0.66100323,28.005514,26.963146,11.896382,13.622435,10.404505,7.114539,5.9747095,5.6409416,5.1533394,5.036693,4.7150745,4.3427725,3.9978528,82,female,train,faf5cc57f8ae2ac3222f6b3f0e7c0927,268.608,,english,,14,wls
zkfl,CONTROL,-168.37207,59.215645,10.630852,10.838874,-8.122217,1.465025,-9.588646,-3.4951704,0.6018485,-5.900575,3.35701,0.38211396,-0.6369975,39.173294,39.77716,18.383947,16.772127,12.315513,10.8812895,9.895536,7.5315676,6.760815,5.318679,4.5431666,4.8424954,4.190321,68,female,train,2e57d3e56e4868ed697a08e7869afaa5,237.864,white,english,left,professional ,delaware
zkqs,CONTROL,-170.64146,63.057804,-22.858456,20.89639,-3.5209506,-12.550709,-1.8796875,-15.548523,-7.1230745,1.2252703,-6.1659374,-2.9385152,-3.2101552,27.099972,18.317108,17.930931,14.070206,11.184113,7.558739,8.744208,7.2981095,6.5004196,6.6895146,6.3810577,5.088612,5.0821486,83,male,train,4dc9f3f371ce2a8699cf86fd9b1592ee,261.168,,english,,,lu
zkuk,ADRD,-250.25758,85.17814,18.942036,8.582673,1.7257533,-4.630911,-6.8500094,-4.7218094,-3.0365362,-2.571205,0.17267713,-0.62691844,-1.952689,29.94846,13.740793,14.945694,16.350996,12.515534,8.528559,8.233148,6.193752,6.4263954,6.699508,5.508472,4.3300147,4.0150833,79,male,train,2da8b18a49ae8490a3eeffa57f1de977,199.896,,english,,,pitt
zldq,CONTROL,-262.77786,52.72307,14.191184,11.256479,4.464162,1.7845405,0.005390703,1.8377876,4.9065094,1.3608404,-0.54704046,3.5081124,2.1031034,33.915768,22.299625,11.385457,11.727297,8.1593,7.517756,6.4790387,6.3767023,5.6780148,5.5204124,4.576164,4.1235747,4.032456,72,male,train,094ef22a2f4cfacbbd91b3cc8eac7440,266.832,,english,,19,wls
zlio,ADRD,-241.49295,64.29567,5.6811523,19.305439,1.9629827,-1.8438531,3.0215225,-1.9973887,-3.3553028,0.37892538,-0.5391775,-0.27679402,-3.3799338,40.806053,21.601364,13.363215,14.467207,9.577133,7.3343205,6.30929,5.628945,6.6677823,5.6381226,5.2227216,5.183713,4.909362,65,male,train,fc0f2547d774c2177d64d18a34c5cbb6,266.472,,spanish,,,ivanova
zljk,ADRD,-324.4623,55.381973,27.311066,11.689809,8.014981,3.1347685,-2.8462842,-3.8324423,-0.46277708,0.73870397,0.2732463,-0.2241519,0.8945573,29.667519,38.658943,10.706831,15.086693,13.585269,8.717896,9.728564,8.795253,6.4197006,5.7057004,4.562494,4.090257,4.037394,73,male,train,e866dab7667f9dbb40512d8eb72bfd24,50.448,,english,,,pitt
zllx,ADRD,-223.89781,57.606724,9.334478,16.911135,7.324729,-1.889113,-2.7384152,-0.016439721,-0.38217732,-0.11939491,0.96922946,-0.54231673,3.0790513,42.45364,23.615053,15.644857,13.497256,9.741626,8.801337,8.932994,7.1767445,7.883018,5.5331335,4.875281,5.0454097,4.3608637,82,male,train,38fafe5c97b660f759462d9bfd958cd9,154.056,,english,,14,wls
zmkc,ADRD,-241.01227,46.95017,13.558395,16.602064,13.151214,3.447717,-1.0646405,2.0247781,2.3218646,1.3302807,1.880075,3.0695913,1.0575155,26.273394,21.950333,11.690743,11.005232,8.187329,7.0884223,6.415194,7.1417866,5.61459,5.116652,4.8659663,4.3476763,3.854293,83,male,train,65d913dbad27bf7121d3c7f491f4103e,202.512,,english,,12,wls
zmze,MCI,-181.02303,52.496277,-6.6071606,1.6221066,-7.4174967,-2.1467896,-3.768137,-6.959673,-3.7013834,1.7353058,-0.9601679,-0.19317465,-0.56420904,42.975357,51.2938,27.48202,25.017868,17.760963,12.54495,11.557214,8.288327,7.717497,7.0842943,6.4637213,4.7254896,4.336757,62,male,train,f81f721fbc98fa0a02e61044bb7734ee,262.536,white,english,ambidextrous,bachelor,delaware
znuy,CONTROL,-263.57376,55.544918,13.129564,8.742006,5.3238587,4.3253875,-0.9665991,0.5234539,2.6597064,1.2624015,0.6255587,1.0544786,2.0814092,32.139893,18.509836,13.086419,13.50384,8.611019,7.7415314,8.7927065,5.776675,5.8774486,5.3098583,4.505091,4.327502,3.9930067,75,female,train,49bca4741ab46c6fef91173e5cc2e0bf,223.152,,english,,18,wls
zobv,ADRD,-229.865,72.40006,0.6460521,3.2427318,-5.4652114,-4.244084,-6.009926,0.21619059,0.06244031,-2.4685144,1.1986045,-1.174731,1.4679214,34.511375,17.534391,19.928413,16.669863,13.780771,12.615777,9.982463,9.029383,7.7513223,6.235552,6.941187,5.1945643,5.1420135,70,female,train,25f84cce5df943e51f47da2ce2be5be3,163.176,,english,,,pitt
zofn,CONTROL,-204.46101,40.470287,12.029243,13.427634,4.414415,-1.1622157,-1.0548521,-1.391073,1.5957383,0.8233679,0.07273443,2.3957133,0.9720807,24.258032,20.949274,8.745437,10.799715,6.5629163,7.373675,7.235308,6.415382,5.391485,5.305327,4.64948,4.0042562,3.7542527,80,male,train,2612fbf85ac88c07d71bf23be3ae807a,285.552,,english,,19,wls
zokw,MCI,-254.77292,64.536545,12.897198,14.113158,4.874656,-4.8151035,-3.46106,-0.8144657,-2.3748553,-0.30851117,-2.4075732,-1.2474878,0.89459735,35.881638,30.528467,16.787903,19.445395,12.611294,9.3657465,9.404513,6.6156955,6.6790795,6.920535,5.3729835,4.6774106,4.757275,73,male,train,763830b85b1125c8f552907430895734,273.384,,english,,,pitt
zouf,MCI,-154.9225,59.407116,10.654394,13.705756,-6.4534936,2.2397745,-8.529811,-0.77197593,-1.3812234,0.66573095,-1.6857527,-2.384108,-0.06698231,39.592678,22.071823,19.66076,13.5027275,12.40596,8.875259,7.564664,6.7265534,6.46025,5.1960387,4.7441115,5.129125,4.493117,83,female,train,97c638c2378d1b09946af9f73f09b1ec,219.864,,english,,,vas
zpir,ADRD,-228.85799,37.167103,-1.703318,4.8389835,-10.664092,-0.5915171,-10.375098,-0.2121898,-4.6779213,-1.9144751,-5.703239,-3.8136766,-5.5008583,37.906567,31.28375,24.8761,15.730235,11.56394,12.600914,8.841359,8.032723,7.812249,6.862871,6.883058,5.999934,6.0187593,71,female,train,505c7187d90668ee58cea213b5b2b4a2,215.4,,english,,,pitt
zqcc,MCI,-259.3982,61.755165,17.46366,15.916497,1.4539863,3.4475322,-1.4441526,0.5329316,1.8465546,-3.156427,-4.7148685,-1.6539961,-0.44447973,43.264275,27.04324,14.717452,15.512051,13.299248,9.466357,8.443001,7.660277,7.5962405,5.8171916,4.6872563,5.00626,4.103672,64,male,train,0822debe7eff8496e9b148823ee82c26,185.808,,english,,,pitt
zqlx,CONTROL,-237.823,52.5419,16.386581,13.942773,7.826714,1.4920212,-0.13541502,2.066779,3.1862113,2.4460657,3.1108942,3.032265,1.7546414,30.55766,16.427898,8.746034,10.516136,7.7101655,8.890051,7.475268,6.354276,5.4674234,4.620754,4.9599977,4.072482,3.8491755,80,female,train,5836de16fce64127e33b9a510396260a,175.056,,english,,12,wls
zriz,ADRD,-135.11337,54.486122,2.1382315,20.56095,8.763322,0.8149754,-6.2477527,-12.012308,-2.2016852,0.68057203,0.011096536,-0.3648894,-0.0022518241,33.692524,22.51491,13.808543,13.759284,10.451833,8.354738,9.070654,9.003971,7.3620872,7.4872417,7.78718,5.5150948,5.165681,81,male,train,d8c634117bc164f03688236084c99fa0,96.336,,english,,,lu
zrsl,CONTROL,-246.26997,47.67231,21.188742,9.313778,5.5369964,1.1605695,0.33186212,-1.4982333,-1.9842906,-0.9388859,1.1727238,0.5753242,1.6585492,30.667421,25.615211,14.385667,14.877617,9.991623,8.154461,7.3067765,7.0054064,7.057826,6.9028707,5.8636656,5.259424,4.0271263,78,female,train,f39ac2dcacbb2712abc33e2488064710,88.608,,english,,12,wls
zrzo,CONTROL,-251.46907,71.31031,10.533034,8.548194,4.037077,2.0969038,-3.2082233,-2.5434735,0.25200912,1.4958683,2.4575436,1.4736974,0.45186156,28.47753,18.994133,10.690097,14.304021,9.186622,8.266283,7.932239,7.556522,5.8209767,4.987622,4.6219325,4.242462,3.7868996,81,female,train,ddc7aded43e091ac0130988e64a96805,258.024,,english,,12,wls
zsbf,ADRD,-309.20157,56.42487,7.9041314,4.18006,-1.7002009,0.99400485,1.2335159,-1.8168383,-1.9442476,-2.17672,-2.5283244,-3.7464573,-3.494033,33.084747,17.639145,19.542261,19.397879,11.834588,10.81475,9.031191,7.989409,9.188776,6.515695,5.717293,5.2829027,5.6078987,74,female,train,816c8bb970be7de83c0fd34e96c3a5d8,250.608,,english,,,pitt
zsdf,CONTROL,-275.88342,49.48913,11.824175,12.830372,9.507721,2.0203419,-1.885773,1.4704521,1.6352279,1.3813605,3.4463997,2.094365,1.4699991,33.17909,18.096577,8.8523855,10.563974,9.912853,6.8327327,6.9618444,6.4905906,6.220708,5.570347,5.0084558,4.7436438,4.0350485,81,female,train,b5b87a90be99eb5af6708d7847f0e255,264.576,,english,,12,wls
zsdr,CONTROL,-270.51297,51.095146,11.403147,8.987911,6.0375237,2.3444855,-1.5921041,-0.04781894,0.73869103,0.47674975,0.7682013,0.03946461,-1.443623,30.917894,17.265404,12.167075,11.62279,7.1606703,6.477036,7.196751,6.296233,5.628851,5.0040965,4.628697,4.074488,4.209719,81,female,train,3bb2c16fad02d79eda625c59592e65cb,266.256,,english,,14,wls
ztht,CONTROL,-246.79716,66.759674,7.1177945,10.527862,2.8344114,-3.265848,-6.5379415,-4.9840446,1.1642144,1.4950101,0.79080707,-1.441957,0.42794308,31.477217,18.201475,16.3012,14.088648,8.481002,7.5901403,8.231265,6.5082526,6.2137523,5.332372,4.2957873,3.8248885,3.5806081,80,female,train,77c0984e21c8151e641f97438383828b,265.032,,english,,12,wls
ztun,CONTROL,-190.64088,67.68882,4.060154,9.297111,-0.80525655,-3.3361359,-0.9275629,1.0652467,0.62906057,1.62922,0.45221558,1.1752256,1.8727309,25.425629,14.303065,15.609342,13.995813,9.715563,9.434862,7.5483937,6.157304,5.9992113,5.283975,4.2490764,4.2030597,4.0761595,82,male,train,5f60760e17a082644a251708cec6fbde,268.128,,english,,16,wls
zvhj,ADRD,-263.216,54.212082,14.121593,8.816418,4.295077,0.628251,-2.118522,0.90784967,0.9648641,-1.4500985,1.6010712,1.4175851,0.5803495,27.156343,20.088451,8.507678,9.695822,8.450943,7.3568945,6.880309,5.610806,4.9561963,5.271762,4.873886,4.2779903,3.7048054,80,male,train,d55cf3dc46c10609a284b5271b6a0ebf,273.192,,english,,14,wls
zvmg,CONTROL,-299.10944,42.289143,18.79692,15.123802,10.087404,5.965112,4.1143837,7.7106347,6.563138,3.975986,2.800002,3.7116463,2.9509978,15.672496,14.597122,6.253629,5.8900476,5.2556105,6.402865,4.7444367,3.9575565,4.1527376,3.3910744,3.2680297,3.4261863,3.1829808,83,male,train,6d8f1cd7da969545fc26885476a47d51,258.384,,english,,12,wls
zwbf,CONTROL,-286.56937,39.91074,22.26928,9.425171,3.3368104,1.3625394,-0.42035854,0.2673836,1.1234727,-1.7673738,-3.216688,1.3382714,0.2733901,29.918118,28.888124,12.579335,11.403107,8.820739,7.010297,6.7229347,6.0624785,5.8877974,4.8605266,4.445369,4.29902,3.6747282,71,female,train,95b4f5a6f371a4c0ac78af914c1ec609,284.112,,english,,14,wls
zwiy,CONTROL,-352.4471,48.782112,18.932545,5.4470916,5.6986756,0.7198205,-1.1718547,-0.55273175,-2.0765076,-3.117233,-3.677803,-2.1017625,-1.4684812,25.24631,23.031708,12.564379,12.896622,9.344471,7.6626167,6.612002,5.5582438,5.983098,5.104267,5.16473,4.1893625,3.4168031,76,female,train,30e690be18030e5069b857fc23eb9b29,255.528,,english,,,pitt
zwkj,ADRD,-206.87625,67.141045,12.972618,12.370738,6.4526095,0.24366517,-3.5056117,2.8146915,1.2005154,-1.442299,0.21856883,3.3344493,0.5600226,35.00301,19.94497,11.670184,10.344808,8.579969,8.205146,7.2341237,6.374679,5.779103,4.5922284,4.0895596,4.3920584,3.7524002,84,female,train,a0e8bbd06b922950741ba554d22ead5e,279.024,,english,right,16,baycrest
zxgq,CONTROL,-201.88287,50.875916,10.059303,16.76806,7.876898,3.8771675,0.10702727,-0.6281111,4.0513916,1.6443368,0.918165,1.3950896,1.5870212,28.004793,17.983835,12.541569,10.702213,9.612345,7.316111,6.763251,5.742973,5.2695184,4.8771944,4.661193,4.2518754,3.5746953,82,female,train,ba80f6b81fae499c6aaaf7b067dd3d10,287.424,,english,,12,wls
zxtj,CONTROL,-336.38867,57.765976,20.956936,6.3590326,5.9725637,0.6325349,-3.0544386,-4.465907,-3.3575945,-1.543153,-1.3496222,-0.0470771,0.46327323,27.067467,23.550018,16.184603,15.562913,8.988026,9.316334,8.418155,6.7392764,5.9625463,5.636194,4.1191816,3.9158444,3.4994438,58,female,train,79d7d5d9b3198847099f241f32535579,258.576,,english,,,pitt
zyps,MCI,-185.30423,49.429066,1.4012005,10.705891,0.9630044,-0.7386737,-3.5991259,-2.147016,0.90962785,-5.377371,-4.44184,-3.8789914,-0.5572579,36.211697,32.3859,16.90298,14.513048,11.889387,8.758778,7.934283,7.1802797,6.290398,5.8339553,5.1022377,5.3219047,5.10707,91,female,train,f20a2e2d87b8ac79e8720c58cf30cb1f,251.16,white,english,right,master's,delaware
zytb,CONTROL,-253.10904,59.918877,10.407253,11.175725,4.995642,3.3908432,0.017710248,0.4627008,2.007084,-0.7128378,-2.1662836,-0.7775544,-1.1932185,35.35409,17.599068,10.580079,10.161711,10.262186,8.825639,7.1081614,6.451315,5.9138913,5.6545887,4.510122,4.636665,4.069867,81,male,train,32851d1de44bf5dc9f68aa6f3d2456fa,260.856,,english,,12,wls
zyzb,CONTROL,-148.6709,35.69095,10.829229,25.388823,4.3017955,-4.00742,-2.5753384,-2.182209,-0.17843078,-0.072572954,-1.6216596,-1.0725569,1.0232036,42.95063,35.627464,16.989523,14.0452,11.744755,8.339452,9.811607,7.578646,5.9364963,5.030986,5.1971626,4.595292,4.7520094,81,female,train,b383a211ab1f5da84bfafcb03fdbe402,90.24,,english,,12,wls
zznq,MCI,-209.84021,44.1397,6.1002316,8.451966,-5.898577,3.616516,-3.7620852,-4.9659104,-2.808687,-1.5130806,-1.7031907,-1.5975163,-1.877013,35.25201,19.064745,17.347708,15.815509,9.907039,8.873198,6.9528747,6.456179,6.80525,5.005392,3.9932516,3.6813004,4.0161133,63,female,train,2524818bf903777f1c3276ca038ad8a4,111.552,asian,mandarin,,16,ye
